Workbook

Sheet Refined Data
A1: Date | B1: DBH (m) | C1: method | D1: Height (m) | E1: GT DBH (m) | F1: GT Height (m) | G1: latitude | H1: longitude | I1: user_id | J1: DBH Height (m) | K1: phone_model | L1: app_version | M1: Species # | N1: Tree # | O1: Stem # | P1: Footprint | Q1: Edits? | R1: notes | S1: project | T1: Species | U1: dbh_photo_url | V1: height_photo_url | W1: dmap_zip_url | X1: trunk_occupancy | Y1: trunk_dist_m | Z1: apparent_dbh_med_m | AA1: measurement_id
A2: 2026_03_09 19:43:00 | B2: 0.84479812 | C2: ADM Fixed Percent | D2: 7.8200092 | E2: 0.831 | F2: 22.8 | G2: 35.310332 | H2: -120.66261 | I2: W3HjVEeEFWXa94BMF8iP5lQOZU03 | J2: 0.24012093 | K2: iPhone13,3 | L2: 2.3.3 | M2: 1 | N2: 1 | O2: 1 | R2: Redwood tree 1 | S2: W25 inventory | T2: coast redwood | U2: https://firebasestorage.googleapis.com/v0/b/wt-foundation-production.appspot.com/o/measurements%2FMeasureMethod.ADM_FIXED_PCT%2FdbhPhoto%2F1773768455780?alt=media&token=8918caa2-020e-47a3-ac4c-54d6e7bcb77a | V2: https://firebasestorage.googleapis.com/v0/b/wt-foundation-production.appspot.com/o/measurements%2FMeasureMethod.ADM_FIXED_PCT%2FheightPhoto%2F1773768049361?alt=media&token=bc77bd00-be6f-4a1b-bf6e-b966ca8952f8 | W2: https://firebasestorage.googleapis.com/v0/b/wt-foundation-production.appspot.com/o/measurements%2FMeasureMethod.ADM_FIXED_PCT%2Fdepth%2F1773768496664?alt=media&token=24c10cc4-7c54-4cb7-adaf-c457cba1dd09 | X2: 0.2349537 | Y2: 3.3041654 | Z2: 0.75691559 | AA2: iFocDDPUhG9WdHAlaByf | AC2: Total Trees Measured:
A3: 2026_03_09 19:53:18 | B3: 0.76811854 | C3: ADM Fixed Percent | D3: 18.111691 | E3: 0.85 | F3: 22.7 | G3: 35.309617 | H3: -120.66291 | I3: W3HjVEeEFWXa94BMF8iP5lQOZU03 | J3: 1.1512799 | K3: iPhone13,3 | L3: 2.3.3 | M3: 1 | N3: 2 | O3: 1 | R3: Redwood tree 2 stem 1 | S3: W25 inventory | T3: coast redwood | U3: https://firebasestorage.googleapis.com/v0/b/wt-foundation-production.appspot.com/o/measurements%2FMeasureMethod.ADM_FIXED_PCT%2FdbhPhoto%2F1773300400017?alt=media&token=1bee9cc3-f974-469a-91e0-6165d82f671f | V3: https://firebasestorage.googleapis.com/v0/b/wt-foundation-production.appspot.com/o/measurements%2FMeasureMethod.ADM_FIXED_PCT%2FheightPhoto%2F1773300399955?alt=media&token=166c182a-e0fd-4ed6-aa9b-015fd4e76059 | W3: https://firebasestorage.googleapis.com/v0/b/wt-foundation-production.appspot.com/o/measurements%2FMeasureMethod.ADM_FIXED_PCT%2Fdepth%2F1773768353454?alt=media&token=94f616c2-2003-4965-8d7c-a179755ae178 | X3: 0.23697917 | Y3: 3.0167775 | Z3: 0.68789351 | AA3: z4rH3lRn5assScP9rcXd | AC3: =COUNTIF(O:O,"1") -> 78
A4: 2026_03_09 20:02:32 | B4: 0.29198 | C4: ADM Fixed Percent | D4: 10.816227 | E4: 0.312 | F4: 12.8 | G4: 35.310164 | H4: -120.66273 | I4: W3HjVEeEFWXa94BMF8iP5lQOZU03 | J4: 1.1533961 | K4: iPhone13,3 | L4: 2.3.3 | M4: 1 | N4: 3 | O4: 1 | R4: Redwood tree 3 | S4: W25 inventory | T4: coast redwood | U4: https://firebasestorage.googleapis.com/v0/b/wt-foundation-production.appspot.com/o/measurements%2FMeasureMethod.ADM_FIXED_PCT%2FdbhPhoto%2F1773768429721?alt=media&token=b57c2e2d-da85-4d34-8131-1ebd5b0518dd | V4: https://firebasestorage.googleapis.com/v0/b/wt-foundation-production.appspot.com/o/measurements%2FMeasureMethod.ADM_FIXED_PCT%2FheightPhoto%2F1773768422775?alt=media&token=1584bb56-ed98-4c26-bdaa-3c369f039c78 | W4: https://firebasestorage.googleapis.com/v0/b/wt-foundation-production.appspot.com/o/measurements%2FMeasureMethod.ADM_FIXED_PCT%2Fdepth%2F1773768499473?alt=media&token=9cea7eee-df5e-46c9-b326-a5be08fc1f7f | X4: 0.22395833 | Y4: 1.1227289 | Z4: 0.26205472 | AA4: IQicm8hybxWTbCtLK9oc
A5: 2026_03_09 20:07:59 | B5: 0.40847131 | C5: ADM Fixed Percent | D5: 15.771734 | E5: 0.409 | F5: 13.4 | G5: 35.309597 | H5: -120.6629 | I5: W3HjVEeEFWXa94BMF8iP5lQOZU03 | J5: 1.2906859 | K5: iPhone13,3 | L5: 2.3.3 | M5: 1 | N5: 4 | O5: 1 | R5: Redwood tree 4 | S5: W25 inventory | T5: coast redwood | U5: https://firebasestorage.googleapis.com/v0/b/wt-foundation-production.appspot.com/o/measurements%2FMeasureMethod.ADM_FIXED_PCT%2FdbhPhoto%2F1773768535469?alt=media&token=bc55fa73-8e3c-47f8-958d-c4e41701629a | V5: https://firebasestorage.googleapis.com/v0/b/wt-foundation-production.appspot.com/o/measurements%2FMeasureMethod.ADM_FIXED_PCT%2FheightPhoto%2F1773768525865?alt=media&token=ac4b7cba-f743-4c9e-8edd-d2b177514da7 | W5: https://firebasestorage.googleapis.com/v0/b/wt-foundation-production.appspot.com/o/measurements%2FMeasureMethod.ADM_FIXED_PCT%2Fdepth%2F1773772765887?alt=media&token=79234272-5c37-4636-bd01-b6cfc6d9df73 | X5: 0.22395833 | Y5: 1.5503239 | Z5: 0.36633294 | AA5: 0rlV6XffgjeEBQUgddMJ | AD5: =SUMPRODUCT(($T$2:$T$99=$AE5) * (1/COUNTIFS($T$2:$T$99,$T$2:$T$99,$N$2:$N$99,$N$2:$N$99))) -> 10 | AE5: coast redwood
A6: 2026_03_09 20:10:45 | B6: 0.55843698 | C6: ADM Fixed Percent | D6: 17.006998 | E6: 0.539 | F6: 15.7 | G6: 35.309467 | H6: -120.66279 | I6: W3HjVEeEFWXa94BMF8iP5lQOZU03 | J6: 1.4203527 | K6: iPhone13,3 | L6: 2.3.3 | M6: 1 | N6: 5 | O6: 1 | R6: Redwood tree 5 | S6: W25 inventory | T6: coast redwood | U6: https://firebasestorage.googleapis.com/v0/b/wt-foundation-production.appspot.com/o/measurements%2FMeasureMethod.ADM_FIXED_PCT%2FdbhPhoto%2F1773385405582?alt=media&token=7eeccff5-93c9-469c-bf8b-0292397de16a | V6: https://firebasestorage.googleapis.com/v0/b/wt-foundation-production.appspot.com/o/measurements%2FMeasureMethod.ADM_FIXED_PCT%2FheightPhoto%2F1773385405570?alt=media&token=1a3ec410-cdac-4173-8581-cfa35be07915 | W6: https://firebasestorage.googleapis.com/v0/b/wt-foundation-production.appspot.com/o/measurements%2FMeasureMethod.ADM_FIXED_PCT%2Fdepth%2F1773772825421?alt=media&token=19ba0938-a305-47b9-9408-abb53cd3de6e | X6: 0.22539194 | Y6: 2.1358037 | Z6: 0.50112373 | AA6: dkrFdzZ2l90gQsvfvd4X | AD6: =SUMPRODUCT(($T$2:$T$99=$AE6) * (1/COUNTIFS($T$2:$T$99,$T$2:$T$99,$N$2:$N$99,$N$2:$N$99))) -> 24 | AE6: coastal live oak
A7: 2026_03_09 20:24:21 | B7: 0.74107102 | C7: ADM Fixed Percent | D7: 12.301169 | E7: 0.782 | F7: 22.8 | G7: 35.30963 | H7: -120.66293 | I7: W3HjVEeEFWXa94BMF8iP5lQOZU03 | J7: 1.0590056 | K7: iPhone13,3 | L7: 2.3.3 | M7: 1 | N7: 7 | O7: 1 | R7: redwood tree 7 | S7: W25 inventory | T7: coast redwood | U7: https://firebasestorage.googleapis.com/v0/b/wt-foundation-production.appspot.com/o/measurements%2FMeasureMethod.ADM_FIXED_PCT%2FdbhPhoto%2F1773857389672?alt=media&token=35bf63b1-c8bc-452b-967a-f8b840ac6f1c | V7: https://firebasestorage.googleapis.com/v0/b/wt-foundation-production.appspot.com/o/measurements%2FMeasureMethod.ADM_FIXED_PCT%2FheightPhoto%2F1773857384551?alt=media&token=0d819d37-fa36-429e-87d7-d72ab81b1403 | W7: https://firebasestorage.googleapis.com/v0/b/wt-foundation-production.appspot.com/o/measurements%2FMeasureMethod.ADM_FIXED_PCT%2Fdepth%2F1773895829950?alt=media&token=91b9f13d-8860-478f-bf67-cecb2a95be6b | X7: 0.22983186 | Y7: 2.8659631 | Z7: 0.66438344 | AA7: aPlpmRMWgiVNHCx7vien | AD7: =SUMPRODUCT(($T$2:$T$99=$AE7) * (1/COUNTIFS($T$2:$T$99,$T$2:$T$99,$N$2:$N$99,$N$2:$N$99))) -> 5 | AE7: engelmann oak
A8: 2026_03_09 20:32:43 | B8: 0.25306193 | C8: ADM Fixed Percent | D8: 22.717957 | E8: 0.312 | F8: 19.2 | G8: 35.309642 | H8: -120.66294 | I8: W3HjVEeEFWXa94BMF8iP5lQOZU03 | J8: 1.8705394 | K8: iPhone13,3 | L8: 2.3.3 | M8: 1 | N8: 8 | O8: 1 | R8: redwood tree 8 stem 1 | S8: W25 inventory | T8: coast redwood | U8: https://firebasestorage.googleapis.com/v0/b/wt-foundation-production.appspot.com/o/measurements%2FMeasureMethod.ADM_FIXED_PCT%2FdbhPhoto%2F1773895938390?alt=media&token=b4d0b648-5312-4f12-90cf-5b36478bb617 | V8: https://firebasestorage.googleapis.com/v0/b/wt-foundation-production.appspot.com/o/measurements%2FMeasureMethod.ADM_FIXED_PCT%2FheightPhoto%2F1773895917790?alt=media&token=4a3bdab4-fc55-4f58-bd3d-364c644507bd | W8: https://firebasestorage.googleapis.com/v0/b/wt-foundation-production.appspot.com/o/measurements%2FMeasureMethod.ADM_FIXED_PCT%2Fdepth%2F1773895960152?alt=media&token=ac4a7445-c880-491d-9980-6503faaa97f7 | X8: 0.23883929 | Y8: 1.0719571 | Z8: 0.22703288 | AA8: sE272u19EfYvn49nPWjN | AD8: =SUMPRODUCT(($T$2:$T$99=$AE8) * (1/COUNTIFS($T$2:$T$99,$T$2:$T$99,$N$2:$N$99,$N$2:$N$99))) -> 2 | AE8: white alder
A9: 2026_03_09 20:33:44 | B9: 0.46266606 | C9: ADM Fixed Percent | D9: 10.746271 | E9: 0.519 | F9: 19.2 | G9: 35.310248 | H9: -120.66262 | I9: W3HjVEeEFWXa94BMF8iP5lQOZU03 | J9: 0.73293602 | K9: iPhone13,3 | L9: 2.3.3 | M9: 1 | N9: 8 | O9: 2 | R9: redwood tree 8 stem 2 | S9: W25 inventory | T9: coast redwood | U9: https://firebasestorage.googleapis.com/v0/b/wt-foundation-production.appspot.com/o/measurements%2FMeasureMethod.ADM_FIXED_PCT%2FdbhPhoto%2F1773895983446?alt=media&token=15ae0a53-975f-4e59-8a7a-0187bcedab2f | V9: https://firebasestorage.googleapis.com/v0/b/wt-foundation-production.appspot.com/o/measurements%2FMeasureMethod.ADM_FIXED_PCT%2FheightPhoto%2F1773895978171?alt=media&token=6c6c769a-f3ff-430e-b28c-c1a0af819e93 | W9: https://firebasestorage.googleapis.com/v0/b/wt-foundation-production.appspot.com/o/measurements%2FMeasureMethod.ADM_FIXED_PCT%2Fdepth%2F1773895989396?alt=media&token=56d6dac9-ed62-4103-a5bb-03f8fee67e6f | X9: 0.22421875 | Y9: 1.8091028 | Z9: 0.41484218 | AA9: DTlvOXkT8bv25o8CG2lH | AD9: =SUMPRODUCT(($T$2:$T$99=$AE9) * (1/COUNTIFS($T$2:$T$99,$T$2:$T$99,$N$2:$N$99,$N$2:$N$99))) -> 1 | AE9: california laurel
A10: 2026_03_11 20:39:56 | C10: ADM Fixed Percent | D10: 6.6830125 | F10: 6.2 | G10: 35.309606 | H10: -120.66294 | I10: W3HjVEeEFWXa94BMF8iP5lQOZU03 | J10: 0.99732733 | K10: iPhone13,3 | L10: 2.4.2 | M10: 1 | N10: 9 | O10: 0 | R10: caution tape tree | S10: W25 inventory | T10: coast redwood | U10: https://firebasestorage.googleapis.com/v0/b/wt-foundation-production.appspot.com/o/measurements%2FMeasureMethod.ADM_FIXED_PCT%2FdbhPhoto%2F1773896006235?alt=media&token=dbf45a7f-40e1-45b6-9066-1b5f2c3275f8 | V10: https://firebasestorage.googleapis.com/v0/b/wt-foundation-production.appspot.com/o/measurements%2FMeasureMethod.ADM_FIXED_PCT%2FheightPhoto%2F1773895993952?alt=media&token=0c2678d2-373b-47be-bc56-187390c56baa | W10: https://firebasestorage.googleapis.com/v0/b/wt-foundation-production.appspot.com/o/measurements%2FMeasureMethod.ADM_FIXED_PCT%2Fdepth%2F1773896024224?alt=media&token=b6b2f2b1-5089-4800-8226-583ad90b1862 | X10: 0.28893849 | Y10: 0.54839748 | Z10: 0.05095318 | AA10: HdCJTUZkkb8yXqwaNvq7 | AD10: =SUMPRODUCT(($T$2:$T$99=$AE10) * (1/COUNTIFS($T$2:$T$99,$T$2:$T$99,$N$2:$N$99,$N$2:$N$99))) -> 1 | AE10: california sycamore
A11: 2026_03_11 21:10:35 | B11: 0.51640786 | C11: ADM Fixed Percent | D11: 15.999005 | E11: 0.565 | F11: 16.2 | G11: 35.309473 | H11: -120.66287 | I11: W3HjVEeEFWXa94BMF8iP5lQOZU03 | J11: 1.4232583 | K11: iPhone13,3 | L11: 2.4.2 | M11: 1 | N11: 10 | O11: 1 | R11: redwood 10 | S11: W25 inventory | T11: coast redwood | U11: https://firebasestorage.googleapis.com/v0/b/wt-foundation-production.appspot.com/o/measurements%2FMeasureMethod.ADM_FIXED_PCT%2FdbhPhoto%2F1773896055828?alt=media&token=d22aff70-a439-422c-bbd0-657d40d59a0a | V11: https://firebasestorage.googleapis.com/v0/b/wt-foundation-production.appspot.com/o/measurements%2FMeasureMethod.ADM_FIXED_PCT%2FheightPhoto%2F1773896046697?alt=media&token=9c3f0ba6-b124-42a5-ae7e-ebc7a87bcf85 | W11: https://firebasestorage.googleapis.com/v0/b/wt-foundation-production.appspot.com/o/measurements%2FMeasureMethod.ADM_FIXED_PCT%2Fdepth%2F1773896064829?alt=media&token=7248e7be-e735-4330-85c5-f5e5bcdb491c | X11: 0.24110243 | Y11: 2.0302442 | Z11: 0.46543863 | AA11: HB2mh4gtpgGvCbr4d801 | AD11: =SUMPRODUCT(($T$2:$T$99=$AE11) * (1/COUNTIFS($T$2:$T$99,$T$2:$T$99,$N$2:$N$99,$N$2:$N$99))) -> 1 | AE11: monterey cypress
A12: 2026_03_11 21:18:25 | B12: 0.3570972 | C12: ADM Fixed Percent | D12: 16.708858 | E12: 0.581 | F12: 17.2 | G12: 35.309611 | H12: -120.66296 | I12: W3HjVEeEFWXa94BMF8iP5lQOZU03 | J12: 1.059845 | K12: iPhone13,3 | L12: 2.4.2 | M12: 1 | N12: 11 | O12: 1 | R12: redwood 11 | S12: W25 inventory | T12: coast redwood | U12: https://firebasestorage.googleapis.com/v0/b/wt-foundation-production.appspot.com/o/measurements%2FMeasureMethod.ADM_FIXED_PCT%2FdbhPhoto%2F1773896093687?alt=media&token=ba4ba541-fe82-4a7a-bf02-75678f8cc29c | V12: https://firebasestorage.googleapis.com/v0/b/wt-foundation-production.appspot.com/o/measurements%2FMeasureMethod.ADM_FIXED_PCT%2FheightPhoto%2F1773896078713?alt=media&token=988c920e-c20e-45cb-bfae-603072ec0cbe | W12: https://firebasestorage.googleapis.com/v0/b/wt-foundation-production.appspot.com/o/measurements%2FMeasureMethod.ADM_FIXED_PCT%2Fdepth%2F1773896106806?alt=media&token=9d1e904b-6683-46e0-bcab-7c76b1e879ad | X12: 0.26328125 | Y12: 2.0221908 | Z12: 0.45933714 | AA12: F1dpH5GfFqAOnIxWIGKb | AD12: =SUMPRODUCT(($T$2:$T$99=$AE12) * (1/COUNTIFS($T$2:$T$99,$T$2:$T$99,$N$2:$N$99,$N$2:$N$99))) -> 1 | AE12: unknown
A13: 2026_03_17 15:38:11 | B13: 0.35948566 | C13: ADM Fixed Percent | D13: 12.241009 | E13: 0.387 | F13: 13.2 | G13: 35.310337 | H13: -120.66298 | I13: W3HjVEeEFWXa94BMF8iP5lQOZU03 | J13: 1.3288232 | K13: iPhone13,3 | L13: 2.4.2 | M13: 2 | N13: 1 | O13: 1 | R13: TREE 1 QUAG stem 1 | S13: W25 inventory | T13: coastal live oak | U13: https://firebasestorage.googleapis.com/v0/b/wt-foundation-production.appspot.com/o/measurements%2FMeasureMethod.ADM_FIXED_PCT%2FdbhPhoto%2F1773896122238?alt=media&token=beb517a7-15a1-4e16-a0c6-5b414a4e0f7d | V13: https://firebasestorage.googleapis.com/v0/b/wt-foundation-production.appspot.com/o/measurements%2FMeasureMethod.ADM_FIXED_PCT%2FheightPhoto%2F1773896116710?alt=media&token=ea46caa3-c378-478f-8160-7efd3a5364ff | W13: https://firebasestorage.googleapis.com/v0/b/wt-foundation-production.appspot.com/o/measurements%2FMeasureMethod.ADM_FIXED_PCT%2Fdepth%2F1773896128224?alt=media&token=c9fb6799-ee1d-47c1-a416-38af36859577 | X13: 0.23494337 | Y13: 1.3611382 | Z13: 0.32239594 | AA13: V9hCX1ewKAhW6TVvhkr7 | AD13: =SUM(AD11:AD12) -> 2
A14: 2026_03_17 15:39:41 | B14: 0.13822588 | C14: ADM Fixed Percent | D14: 0.90940702 | E14: 0.144 | F14: 0.95 | G14: 35.310288 | H14: -120.66291 | I14: W3HjVEeEFWXa94BMF8iP5lQOZU03 | J14: 1.2248132 | K14: iPhone13,3 | L14: 2.4.2 | M14: 2 | N14: 1 | O14: 2 | R14: stem 2 | S14: W25 inventory | T14: coastal live oak | U14: https://firebasestorage.googleapis.com/v0/b/wt-foundation-production.appspot.com/o/measurements%2FMeasureMethod.ADM_FIXED_PCT%2FdbhPhoto%2F1773896151418?alt=media&token=ce067017-2173-4c45-bf06-831706a135df | V14: https://firebasestorage.googleapis.com/v0/b/wt-foundation-production.appspot.com/o/measurements%2FMeasureMethod.ADM_FIXED_PCT%2FheightPhoto%2F1773896143908?alt=media&token=b9cda55f-d757-40da-aaec-f31e83fa3f63 | W14: https://firebasestorage.googleapis.com/v0/b/wt-foundation-production.appspot.com/o/measurements%2FMeasureMethod.ADM_FIXED_PCT%2Fdepth%2F1773896160637?alt=media&token=7acdb7e2-5db0-4c94-ad2f-c7e0ebf6ccf4 | X14: 0.23611111 | Y14: 0.51099956 | Z14: 0.12405359 | AA14: CWX9Sd8UjwyAuICAXb0j
A15: 2026_03_17 16:35:20 | B15: 0.41157525 | C15: ADM Fixed Percent | D15: 13.914988 | E15: 0.45 | F15: 14 | G15: 35.31034 | H15: -120.66298 | I15: W3HjVEeEFWXa94BMF8iP5lQOZU03 | J15: 1.0787876 | K15: iPhone13,3 | L15: 2.4.2 | M15: 2 | N15: 2 | O15: 1 | R15: TREE 2 QUAG | S15: W25 inventory | T15: coastal live oak | U15: https://firebasestorage.googleapis.com/v0/b/wt-foundation-production.appspot.com/o/measurements%2FMeasureMethod.ADM_FIXED_PCT%2FdbhPhoto%2F1773896233465?alt=media&token=033c44e3-86c4-420a-8514-869a443f380b | V15: https://firebasestorage.googleapis.com/v0/b/wt-foundation-production.appspot.com/o/measurements%2FMeasureMethod.ADM_FIXED_PCT%2FheightPhoto%2F1773896225606?alt=media&token=ef6e46b9-d5f6-4e6b-a1a1-64393b4e31f8 | W15: https://firebasestorage.googleapis.com/v0/b/wt-foundation-production.appspot.com/o/measurements%2FMeasureMethod.ADM_FIXED_PCT%2Fdepth%2F1773896235794?alt=media&token=a60fdfca-41f5-452e-8698-16730d3936c1 | X15: 0.2349537 | Y15: 1.5812417 | Z15: 0.36972548 | AA15: DmtEya4gP8UZf3xGjudN
A16: 2026_03_17 16:38:59 | B16: 0.29416447 | C16: ADM Fixed Percent | D16: 13.286857 | E16: 0.306 | F16: 12 | G16: 35.309637 | H16: -120.663 | I16: W3HjVEeEFWXa94BMF8iP5lQOZU03 | J16: 1.4106413 | K16: iPhone13,3 | L16: 2.4.2 | M16: 2 | N16: 3 | O16: 1 | R16: TREE 3 | S16: W25 inventory | T16: coastal live oak | U16: https://firebasestorage.googleapis.com/v0/b/wt-foundation-production.appspot.com/o/measurements%2FMeasureMethod.ADM_FIXED_PCT%2FdbhPhoto%2F1773896249194?alt=media&token=3b376066-4454-48fd-b892-faf0344af16f | V16: https://firebasestorage.googleapis.com/v0/b/wt-foundation-production.appspot.com/o/measurements%2FMeasureMethod.ADM_FIXED_PCT%2FheightPhoto%2F1773896238754?alt=media&token=8dbe8db8-4057-403c-b83f-e3ef7aa12c62 | W16: https://firebasestorage.googleapis.com/v0/b/wt-foundation-production.appspot.com/o/measurements%2FMeasureMethod.ADM_FIXED_PCT%2Fdepth%2F1773953842239?alt=media&token=69d8eee1-5916-43aa-af22-4ca6ac4106c2 | X16: 0.23697917 | Y16: 1.1265912 | Z16: 0.26374749 | AA16: 4LF6LKtvT98GEfDD5xMH
A17: 2026_03_17 16:42:37 | B17: 0.44833852 | C17: ADM Fixed Percent | D17: 15.918393 | E17: 0.472 | F17: 14.7 | G17: 35.310332 | H17: -120.6629 | I17: W3HjVEeEFWXa94BMF8iP5lQOZU03 | J17: 1.2671713 | K17: iPhone13,3 | L17: 2.4.2 | M17: 2 | N17: 4 | O17: 1 | R17: TREE 4 | S17: W25 inventory | T17: coastal live oak | U17: https://firebasestorage.googleapis.com/v0/b/wt-foundation-production.appspot.com/o/measurements%2FMeasureMethod.ADM_FIXED_PCT%2FdbhPhoto%2F1773897074510?alt=media&token=bb963d49-ea06-4d09-832a-84641283da42 | V17: https://firebasestorage.googleapis.com/v0/b/wt-foundation-production.appspot.com/o/measurements%2FMeasureMethod.ADM_FIXED_PCT%2FheightPhoto%2F1773953842243?alt=media&token=cbe864de-8f69-4a2b-8fc7-52afaaf7e1cf | W17: https://firebasestorage.googleapis.com/v0/b/wt-foundation-production.appspot.com/o/measurements%2FMeasureMethod.ADM_FIXED_PCT%2Fdepth%2F1773897074529?alt=media&token=951a3a58-a18e-46e9-a589-d56db3e6e7f9 | X17: 0.23177083 | Y17: 1.72259 | Z17: 0.4013399 | AA17: qJBGt7dSbjhSi7PfTBxa
A18: 2026_03_17 16:49:51 | B18: 0.50010013 | C18: ADM Fixed Percent | D18: 14.13728 | E18: 0.475 | F18: 14 | G18: 35.308929 | H18: -120.66026 | I18: W3HjVEeEFWXa94BMF8iP5lQOZU03 | J18: 1.0874438 | K18: iPhone13,3 | L18: 2.4.2 | M18: 2 | N18: 5 | O18: 1 | R18: TREE 5 | S18: W25 inventory | T18: coastal live oak | U18: https://firebasestorage.googleapis.com/v0/b/wt-foundation-production.appspot.com/o/measurements%2FMeasureMethod.ADM_FIXED_PCT%2FdbhPhoto%2F1773953875697?alt=media&token=75308296-1ce8-4a84-9ba8-895841dfac30 | V18: https://firebasestorage.googleapis.com/v0/b/wt-foundation-production.appspot.com/o/measurements%2FMeasureMethod.ADM_FIXED_PCT%2FheightPhoto%2F1773953856766?alt=media&token=ecb0ef64-b031-4aa1-aae9-578ee9dfcc02 | W18: https://firebasestorage.googleapis.com/v0/b/wt-foundation-production.appspot.com/o/measurements%2FMeasureMethod.ADM_FIXED_PCT%2Fdepth%2F1773898525775?alt=media&token=8323d491-3cb8-4a2a-af2b-6154805437bf | X18: 0.23181573 | Y18: 1.8809382 | Z18: 0.45066897 | AA18: nYjd8igCiq99IBULjWku
A19: 2026_03_17 17:03:42 | B19: 0.47424682 | C19: ADM Fixed Percent | D19: 12.353354 | E19: 0.514 | F19: 11.8 | G19: 35.309592 | H19: -120.66297 | I19: W3HjVEeEFWXa94BMF8iP5lQOZU03 | J19: 1.1837962 | K19: iPhone13,3 | L19: 2.4.2 | M19: 2 | N19: 6 | O19: 1 | R19: TREE 6 | S19: W25 inventory | T19: coastal live oak | U19: https://firebasestorage.googleapis.com/v0/b/wt-foundation-production.appspot.com/o/measurements%2FMeasureMethod.ADM_FIXED_PCT%2FdbhPhoto%2F1773953876675?alt=media&token=9c6987cf-b936-42d7-9658-830c7f9683f0 | V19: https://firebasestorage.googleapis.com/v0/b/wt-foundation-production.appspot.com/o/measurements%2FMeasureMethod.ADM_FIXED_PCT%2FheightPhoto%2F1773898779433?alt=media&token=448f0eac-2366-4952-9316-9e538a65cb5c | W19: https://firebasestorage.googleapis.com/v0/b/wt-foundation-production.appspot.com/o/measurements%2FMeasureMethod.ADM_FIXED_PCT%2Fdepth%2F1773899032925?alt=media&token=512ba16d-9a9d-4684-80fa-d04e07a820b8 | X19: 0.24972512 | Y19: 1.860444 | Z19: 0.42757585 | AA19: AqgBKUVtIQUV6psxy1ZK
A20: 2026_03_17 17:08:33 | B20: 0.2136557 | C20: ADM Fixed Percent | D20: 12.555085 | E20: 0.231 | F20: 10.9 | G20: 35.309358 | H20: -120.66195 | I20: W3HjVEeEFWXa94BMF8iP5lQOZU03 | J20: 1.1967772 | K20: iPhone13,3 | L20: 2.4.2 | M20: 2 | N20: 7 | O20: 1 | R20: TREE 7 | S20: W25 inventory | T20: coastal live oak | U20: https://firebasestorage.googleapis.com/v0/b/wt-foundation-production.appspot.com/o/measurements%2FMeasureMethod.ADM_FIXED_PCT%2FdbhPhoto%2F1773953887904?alt=media&token=47414445-6eaf-483a-94f4-51eff94748a7 | V20: https://firebasestorage.googleapis.com/v0/b/wt-foundation-production.appspot.com/o/measurements%2FMeasureMethod.ADM_FIXED_PCT%2FheightPhoto%2F1773953886200?alt=media&token=48130c94-da35-46ac-92ed-0544dc2fa4f7 | W20: https://firebasestorage.googleapis.com/v0/b/wt-foundation-production.appspot.com/o/measurements%2FMeasureMethod.ADM_FIXED_PCT%2Fdepth%2F1773953902602?alt=media&token=958e09c2-434c-4f54-b663-158a2835b2fe | X20: 0.23958333 | Y20: 0.82625908 | Z20: 0.19297959 | AA20: w2EflcNCJyzDMLkKGcZI
A21: 2026_03_17 17:11:31 | B21: 0.2840854 | C21: ADM Fixed Percent | D21: 11.706635 | E21: 0.3 | F21: 11 | G21: 35.309356 | H21: -120.66318 | I21: W3HjVEeEFWXa94BMF8iP5lQOZU03 | J21: 1.2723949 | K21: iPhone13,3 | L21: 2.4.2 | M21: 2 | N21: 8 | O21: 1 | R21: TREE 8 stem 1 | S21: W25 inventory | T21: coastal live oak | U21: https://firebasestorage.googleapis.com/v0/b/wt-foundation-production.appspot.com/o/measurements%2FMeasureMethod.ADM_FIXED_PCT%2FdbhPhoto%2F1773953943882?alt=media&token=8456f02d-4763-458a-9937-826bac91b1a0 | V21: https://firebasestorage.googleapis.com/v0/b/wt-foundation-production.appspot.com/o/measurements%2FMeasureMethod.ADM_FIXED_PCT%2FheightPhoto%2F1773953934056?alt=media&token=8e989daf-f34b-4f01-9d57-5f358e7ef08a | W21: https://firebasestorage.googleapis.com/v0/b/wt-foundation-production.appspot.com/o/measurements%2FMeasureMethod.ADM_FIXED_PCT%2Fdepth%2F1773953982390?alt=media&token=8d725adb-1c0e-4315-a62a-0b384c1b7872 | X21: 0.24441964 | Y21: 1.0959784 | Z21: 0.25664469 | AA21: 652raVd2kbK0ZeJmOAVW
A22: 2026_03_17 17:13:31 | B22: 0.11520453 | C22: ADM Fixed Percent | D22: 1.2167292 | E22: 0.125 | F22: 1.3 | G22: 35.30889 | H22: -120.66042 | I22: W3HjVEeEFWXa94BMF8iP5lQOZU03 | J22: 1.2541616 | K22: iPhone13,3 | L22: 2.4.2 | M22: 2 | N22: 8 | O22: 2 | R22: TREE 8 Stem 2 | S22: W25 inventory | T22: coastal live oak | U22: https://firebasestorage.googleapis.com/v0/b/wt-foundation-production.appspot.com/o/measurements%2FMeasureMethod.ADM_FIXED_PCT%2FdbhPhoto%2F1773953998239?alt=media&token=5d7fee51-52d0-4cc6-aeb3-35b75d658442 | V22: https://firebasestorage.googleapis.com/v0/b/wt-foundation-production.appspot.com/o/measurements%2FMeasureMethod.ADM_FIXED_PCT%2FheightPhoto%2F1773953995740?alt=media&token=2ce58c79-02fa-4fe3-8034-665ffbd15b81 | W22: https://firebasestorage.googleapis.com/v0/b/wt-foundation-production.appspot.com/o/measurements%2FMeasureMethod.ADM_FIXED_PCT%2Fdepth%2F1773954006167?alt=media&token=98b7cac1-23f8-4b1c-bb87-8cdb1bc25415 | X22: 0.24739583 | Y22: 0.4507046 | Z22: 0.10419268 | AA22: orVvAINZtGIBGyh5jJL4
A23: 2026_03_17 17:14:48 | B23: 0.10228355 | C23: ADM Fixed Percent | D23: 1.1859745 | E23: 0.11 | F23: 1.3 | G23: 35.309432 | H23: -120.66231 | I23: W3HjVEeEFWXa94BMF8iP5lQOZU03 | J23: 1.1839586 | K23: iPhone13,3 | L23: 2.4.2 | M23: 2 | N23: 8 | O23: 3 | R23: TREE 8 stem 3 | S23: W25 inventory | T23: coastal live oak | U23: https://firebasestorage.googleapis.com/v0/b/wt-foundation-production.appspot.com/o/measurements%2FMeasureMethod.ADM_FIXED_PCT%2FdbhPhoto%2F1773923493480?alt=media&token=2a778542-6844-4c13-9fea-455326766e52 | V23: https://firebasestorage.googleapis.com/v0/b/wt-foundation-production.appspot.com/o/measurements%2FMeasureMethod.ADM_FIXED_PCT%2FheightPhoto%2F1773923493493?alt=media&token=17f963fb-0ecb-4f57-82a9-5b335c9f5dc6 | W23: https://firebasestorage.googleapis.com/v0/b/wt-foundation-production.appspot.com/o/measurements%2FMeasureMethod.ADM_FIXED_PCT%2Fdepth%2F1773923561968?alt=media&token=b55f1422-112b-498e-8d2a-5e7353f289f8 | X23: 0.23809524 | Y23: 0.38979264 | Z23: 0.092188685 | AA23: V8H3SD1JVmdziwZbJKkT
A24: 2026_03_17 17:20:12 | B24: 0.28040143 | C24: ADM Fixed Percent | D24: 10.255904 | E24: 0.338 | F24: 10 | G24: 35.310365 | H24: -120.66243 | I24: W3HjVEeEFWXa94BMF8iP5lQOZU03 | J24: 1.3200376 | K24: iPhone13,3 | L24: 2.4.2 | M24: 2 | N24: 9 | O24: 1 | R24: TREE 9 stem 1 | S24: W25 inventory | T24: coastal live oak | U24: https://firebasestorage.googleapis.com/v0/b/wt-foundation-production.appspot.com/o/measurements%2FMeasureMethod.ADM_FIXED_PCT%2FdbhPhoto%2F1773923579898?alt=media&token=94d178b1-7ae5-44e2-b9aa-d685a67d1250 | V24: https://firebasestorage.googleapis.com/v0/b/wt-foundation-production.appspot.com/o/measurements%2FMeasureMethod.ADM_FIXED_PCT%2FheightPhoto%2F1773923569048?alt=media&token=b7e4e035-e88b-408f-827a-6b871b9ac069 | W24: https://firebasestorage.googleapis.com/v0/b/wt-foundation-production.appspot.com/o/measurements%2FMeasureMethod.ADM_FIXED_PCT%2Fdepth%2F1773923710694?alt=media&token=53a9f0f8-9d78-4ce0-84f5-1c5389c069ba | X24: 0.24328807 | Y24: 1.1136653 | Z24: 0.253036 | AA24: sFULndRR9MSGTibfe9kg
A25: 2026_03_17 17:21:45 | B25: 0.18495096 | C25: ADM Fixed Percent | D25: 1.2358043 | E25: 0.213 | F25: 1.3 | G25: 35.309552 | H25: -120.66296 | I25: W3HjVEeEFWXa94BMF8iP5lQOZU03 | J25: 1.2390695 | K25: iPhone13,3 | L25: 2.4.2 | M25: 2 | N25: 9 | O25: 2 | R25: TREE 9 stem 2 | S25: W25 inventory | T25: coastal live oak | U25: https://firebasestorage.googleapis.com/v0/b/wt-foundation-production.appspot.com/o/measurements%2FMeasureMethod.ADM_FIXED_PCT%2FdbhPhoto%2F1773954020462?alt=media&token=5bd22f61-0bc4-4ff8-82cf-dae70da4cc83 | V25: https://firebasestorage.googleapis.com/v0/b/wt-foundation-production.appspot.com/o/measurements%2FMeasureMethod.ADM_FIXED_PCT%2FheightPhoto%2F1773954019557?alt=media&token=243bd838-d08f-499f-b70e-853422d2f445 | W25: https://firebasestorage.googleapis.com/v0/b/wt-foundation-production.appspot.com/o/measurements%2FMeasureMethod.ADM_FIXED_PCT%2Fdepth%2F1773954028109?alt=media&token=8f516ead-c1a2-49d1-967c-0fd81f560249 | X25: 0.25390625 | Y25: 0.7027728 | Z25: 0.16617223 | AA25: L3j13lTaJLyKLjzaltso
... A94: 2026_03_18 18:30:47 | B94: 0.099652278 | C94: ADM Fixed Percent | D94: 5.5528312 | E94: 0.226 | F94: 5.8 | G94: 35.309575 | H94: -120.66291 | I94: W3HjVEeEFWXa94BMF8iP5lQOZU03 | J94: 1.1061445 | K94: iPhone13,3 | L94: 2.4.3 | M94: 8 | N94: 1 | O94: 1 | R94: TREE 1 potentially come back to (many many stems) DAY 2 | S94: W25 inventory | T94: monterey cypress | U94: https://firebasestorage.googleapis.com/v0/b/wt-foundation-production.appspot.com/o/measurements%2FMeasureMethod.ADM_FIXED_PCT%2FdbhPhoto%2F1773952211729?alt=media&token=90654eeb-5ad9-45f3-919a-a5541e6a96c2 | V94: https://firebasestorage.googleapis.com/v0/b/wt-foundation-production.appspot.com/o/measurements%2FMeasureMethod.ADM_FIXED_PCT%2FheightPhoto%2F1773952200994?alt=media&token=7e974e7b-28c5-4c7b-8dce-cc9c89babd9b | W94: https://firebasestorage.googleapis.com/v0/b/wt-foundation-production.appspot.com/o/measurements%2FMeasureMethod.ADM_FIXED_PCT%2Fdepth%2F1773952219384?alt=media&token=4db5c223-956c-40e4-99df-4b971605d272 | X94: 0.29340278 | Y94: 0.73376703 | Z94: 0.096141632 | AA94: nyJGdAiipk8a7XIWMCTB
A95: 2026_03_18 18:38:51 | B95: 0.0985445 | C95: ADM Fixed Percent | D95: 6.8587747 | E95: 0.122 | F95: 5.9 | G95: 35.309627 | H95: -120.66294 | I95: W3HjVEeEFWXa94BMF8iP5lQOZU03 | J95: 2.0944996 | K95: iPhone13,3 | L95: 2.4.3 | M95: x | N95: 1 | O95: 1 | R95: TREE 1 stem 1 DAY 2 | S95: W25 inventory | T95: unknown | U95: https://firebasestorage.googleapis.com/v0/b/wt-foundation-production.appspot.com/o/measurements%2FMeasureMethod.ADM_FIXED_PCT%2FdbhPhoto%2F1773952473085?alt=media&token=eb6bf63b-85fa-40c9-8e83-889ff862b141 | V95: https://firebasestorage.googleapis.com/v0/b/wt-foundation-production.appspot.com/o/measurements%2FMeasureMethod.ADM_FIXED_PCT%2FheightPhoto%2F1773952465403?alt=media&token=ca1bd186-3ee1-4a38-a2a5-c15445f76c98 | W95: https://firebasestorage.googleapis.com/v0/b/wt-foundation-production.appspot.com/o/measurements%2FMeasureMethod.ADM_FIXED_PCT%2Fdepth%2F1773952479821?alt=media&token=c0b912c3-33c5-4c0b-b9de-ba716443426d | X95: 0.25520833 | Y95: 0.38543811 | Z95: 0.089065134 | AA95: F6I4UpH06gcWb6F7XLtN
A96: 2026_03_18 18:43:04 | B96: 0.034890233 | C96: ADM Fixed Percent | D96: 0.63281035 | E96: 0.035 | F96: 1.3 | G96: 35.3096 | H96: -120.66295 | I96: W3HjVEeEFWXa94BMF8iP5lQOZU03 | J96: 1.1677366 | K96: iPhone13,3 | L96: 2.4.3 | M96: x | N96: 1 | O96: 2 | R96: TREE 1 stem 2 DAY 2 | S96: W25 inventory | T96: unknown | U96: https://firebasestorage.googleapis.com/v0/b/wt-foundation-production.appspot.com/o/measurements%2FMeasureMethod.ADM_FIXED_PCT%2FdbhPhoto%2F1773952509900?alt=media&token=8e42552e-547d-41d0-9ff0-cd45fe445801 | V96: https://firebasestorage.googleapis.com/v0/b/wt-foundation-production.appspot.com/o/measurements%2FMeasureMethod.ADM_FIXED_PCT%2FheightPhoto%2F1773952496828?alt=media&token=f8539f8a-cb36-4b79-8e27-b8ebb7aa8bf8 | W96: https://firebasestorage.googleapis.com/v0/b/wt-foundation-production.appspot.com/o/measurements%2FMeasureMethod.ADM_FIXED_PCT%2Fdepth%2F1773952600417?alt=media&token=3a71ece7-fc82-4319-bd8d-ffeeb66acad1 | X96: 0.21316964 | Y96: 1.951871 | Z96: 0.026191648 | AA96: ZJL2NEsCPv8BTqhUztck
A97: 2026_03_18 18:52:00 | B97: 0.046117154 | C97: ADM Fixed Percent | D97: 1.5676272 | E97: 0.053 | F97: 1.3 | G97: 35.309591 | H97: -120.66295 | I97: W3HjVEeEFWXa94BMF8iP5lQOZU03 | J97: 4.1538639 | K97: iPhone13,3 | L97: 2.4.3 | M97: x | N97: 1 | O97: 3 | R97: TREE 1 stem 3 DAY 2 | S97: W25 inventory | T97: unknown | U97: https://firebasestorage.googleapis.com/v0/b/wt-foundation-production.appspot.com/o/measurements%2FMeasureMethod.ADM_FIXED_PCT%2FdbhPhoto%2F1773952629994?alt=media&token=8a62a751-b820-4975-b104-97bd0192bc46 | V97: https://firebasestorage.googleapis.com/v0/b/wt-foundation-production.appspot.com/o/measurements%2FMeasureMethod.ADM_FIXED_PCT%2FheightPhoto%2F1773952611320?alt=media&token=12405104-e7af-4b2a-9aca-16ba2d44b488 | W97: https://firebasestorage.googleapis.com/v0/b/wt-foundation-production.appspot.com/o/measurements%2FMeasureMethod.ADM_FIXED_PCT%2Fdepth%2F1773952869528?alt=media&token=b9f01141-dfe5-45b5-8162-29e0485ba2fd | X97: 0.22463768 | Y97: 1.4727821 | Z97: 0.05011664 | AA97: RcybfURdMDPhHqXn5pT1
A98: 2026_03_18 18:53:25 | B98: 0.060299719 | C98: ADM Fixed Percent | D98: 1.6852882 | E98: 0.055 | F98: 1.3 | G98: 35.309617 | H98: -120.66295 | I98: W3HjVEeEFWXa94BMF8iP5lQOZU03 | J98: 6.900919 | K98: iPhone13,3 | L98: 2.4.3 | M98: x | N98: 1 | O98: 4 | R98: TREE 1 stem 4 DAY 2 | S98: W25 inventory | T98: unknown | U98: https://firebasestorage.googleapis.com/v0/b/wt-foundation-production.appspot.com/o/measurements%2FMeasureMethod.ADM_FIXED_PCT%2FdbhPhoto%2F1773952995712?alt=media&token=45b1dd9c-9263-49af-8973-798711807d4c | V98: https://firebasestorage.googleapis.com/v0/b/wt-foundation-production.appspot.com/o/measurements%2FMeasureMethod.ADM_FIXED_PCT%2FheightPhoto%2F1773952872570?alt=media&token=86ebc59c-96bc-4165-b608-10d016dc6ee8 | W98: https://firebasestorage.googleapis.com/v0/b/wt-foundation-production.appspot.com/o/measurements%2FMeasureMethod.ADM_FIXED_PCT%2Fdepth%2F1773953002322?alt=media&token=e13bcafc-047f-425d-ac69-ccdc05ac804d | X98: 0.21417969 | Y98: 0.24994047 | Z98: 0.054295384 | AA98: QByKHAaVN9NMP3LDruCw
A99: 2026_03_18 18:55:02 | B99: 0.08157548 | C99: ADM Fixed Percent | D99: 24.651197 | E99: 0.097 | F99: 1.3 | G99: 35.309613 | H99: -120.66294 | I99: W3HjVEeEFWXa94BMF8iP5lQOZU03 | J99: 3.0387106 | K99: iPhone13,3 | L99: 2.4.3 | M99: x | N99: 1 | O99: 5 | R99: TREE 1 stem 5 DAY 2 | S99: W25 inventory | T99: unknown | U99: https://firebasestorage.googleapis.com/v0/b/wt-foundation-production.appspot.com/o/measurements%2FMeasureMethod.ADM_FIXED_PCT%2FdbhPhoto%2F1773953015288?alt=media&token=66d8bdec-92bb-426b-842f-084203530779 | V99: https://firebasestorage.googleapis.com/v0/b/wt-foundation-production.appspot.com/o/measurements%2FMeasureMethod.ADM_FIXED_PCT%2FheightPhoto%2F1773953010352?alt=media&token=d4e00bcb-1069-4b64-bad1-ec36d192a9cb | W99: https://firebasestorage.googleapis.com/v0/b/wt-foundation-production.appspot.com/o/measurements%2FMeasureMethod.ADM_FIXED_PCT%2Fdepth%2F1773953035173?alt=media&token=d4d67e2a-9e3d-46c8-b792-9d5b3defdb87 | X99: 0.22760417 | Y99: 0.32293394 | Z99: 0.073957067 | AA99: bOkCTV0shyAfisr3Z6Wh
A100: 2026_04_17 18:29:10 | B100: 0.43707663 | C100: ADM Fixed Percent | D100: 19.983576 | E100: 0.453 | F100: 18.7 | G100: 35.310456 | H100: -120.66259 | I100: GNNIaIPthVQKUTVjjbAekjaxeHo1 | K100: iPhone13,3 | L100: 2.5.0 | P100: west calif garden trees | R100: 1.1 | S100: W25 inventory | T100: white alder | U100: https://firebasestorage.googleapis.com/v0/b/wt-foundation-production.appspot.com/o/measurements%2FMeasureMethod.ADM_FIXED_PCT%2FdbhPhoto%2F1776452670497?alt=media&token=b28a4cc8-bf52-4e9a-952c-eff292dcc2ae | V100: https://firebasestorage.googleapis.com/v0/b/wt-foundation-production.appspot.com/o/measurements%2FMeasureMethod.ADM_FIXED_PCT%2FheightPhoto%2F1776452670497?alt=media&token=c9306caa-b2ad-4701-9af1-84e9c44013e1 | AA100: groAZcbdS84uNAoNZlcO
A101: 2026_04_17 18:32:54 | B101: 0.84838415 | C101: ADM Fixed Percent | D101: 23.091753 | E101: 0.843 | F101: 22.3 | G101: 35.310358 | H101: -120.66251 | I101: GNNIaIPthVQKUTVjjbAekjaxeHo1 | K101: iPhone13,3 | L101: 2.5.0 | M101: 1 | N101: 12 | O101: 1 | P101: west calif garden trees | R101: 2.1.1 redwood tree 1, already did tree 2 | S101: W25 inventory | T101: coast redwood | U101: https://firebasestorage.googleapis.com/v0/b/wt-foundation-production.appspot.com/o/measurements%2FMeasureMethod.ADM_FIXED_PCT%2FdbhPhoto%2F1776452681598?alt=media&token=9465de9a-d95b-4f0b-90be-12aad87167cb | V101: https://firebasestorage.googleapis.com/v0/b/wt-foundation-production.appspot.com/o/measurements%2FMeasureMethod.ADM_FIXED_PCT%2FheightPhoto%2F1776452670497?alt=media&token=c9306caa-b2ad-4701-9af1-84e9c44013e1 | AA101: nxd2Q6jcYUigv1dygWyU
A102: 2026_04_17 18:40:10 | B102: 0.085372111 | C102: ADM Fixed Percent | D102: 5.9517384 | E102: 0.094 | F102: 6 | G102: 35.310505 | H102: -120.66245 | I102: GNNIaIPthVQKUTVjjbAekjaxeHo1 | K102: iPhone13,3 | L102: 2.5.0 | M102: 1 | N102: 6 | O102: 1 | P102: west calif garden trees | R102: tree 6 (skinny tree) | S102: W25 inventory | T102: coast redwood | U102: https://firebasestorage.googleapis.com/v0/b/wt-foundation-production.appspot.com/o/measurements%2FMeasureMethod.ADM_FIXED_PCT%2FdbhPhoto%2F1776452682787?alt=media&token=c19543db-557f-4be7-bed0-e7ab3903d2c9 | V102: https://firebasestorage.googleapis.com/v0/b/wt-foundation-production.appspot.com/o/measurements%2FMeasureMethod.ADM_FIXED_PCT%2FheightPhoto%2F1776452681789?alt=media&token=477d8e53-dcf8-4660-b637-60415216e953 | AA102: IG075HUxpUV7QcykiQoZ
A103: 2026_04_17 18:45:56 | B103: 0.11369289 | C103: ADM Fixed Percent | D103: 8.9318419 | G103: 35.310513 | H103: -120.66242 | I103: GNNIaIPthVQKUTVjjbAekjaxeHo1 | K103: iPhone13,3 | L103: 2.5.0 | M103: 1 | N103: 13 | O103: 1 | P103: west calif garden trees | S103: W25 inventory | T103: coast redwood | U103: https://firebasestorage.googleapis.com/v0/b/wt-foundation-production.appspot.com/o/measurements%2FMeasureMethod.ADM_FIXED_PCT%2FdbhPhoto%2F1776452686472?alt=media&token=3d95a966-31f5-40da-97dd-6a10592f5e2c | V103: https://firebasestorage.googleapis.com/v0/b/wt-foundation-production.appspot.com/o/measurements%2FMeasureMethod.ADM_FIXED_PCT%2FheightPhoto%2F1776452683885?alt=media&token=7e8e45cd-6662-4569-8f97-27791d6fc428 | AA103: mBE02a34GnZYTHnQGfIz
A104: 2026_04_17 18:48:40 | B104: 0.13882809 | C104: ADM Fixed Percent | D104: 8.4683819 | G104: 35.310528 | H104: -120.66239 | I104: GNNIaIPthVQKUTVjjbAekjaxeHo1 | K104: iPhone13,3 | L104: 2.5.0 | M104: 1 | N104: 14 | O104: 1 | P104: west calif garden trees | S104: W25 inventory | T104: coast redwood | U104: https://firebasestorage.googleapis.com/v0/b/wt-foundation-production.appspot.com/o/measurements%2FMeasureMethod.ADM_FIXED_PCT%2FdbhPhoto%2F1776654422410?alt=media&token=5e2f48bb-4795-4c8a-8dd6-d989cd15a90f | V104: https://firebasestorage.googleapis.com/v0/b/wt-foundation-production.appspot.com/o/measurements%2FMeasureMethod.ADM_FIXED_PCT%2FheightPhoto%2F1776654422409?alt=media&token=609d9647-feba-4b7b-9375-0272354f21dd | AA104: 1HbatzL5Fa1i5zoRCJH5
A105: 2026_04_17 19:08:07 | B105: 0.11790149 | C105: ADM Fixed Percent | D105: 6.8544779 | E105: 0.135 | F105: 6.7 | G105: 35.310301 | H105: -120.66258 | I105: GNNIaIPthVQKUTVjjbAekjaxeHo1 | K105: iPhone13,3 | L105: 2.5.0 | M105: 9 | N105: 1 | O105: 1 | P105: west calif garden trees | R105: tree1, strem1 | S105: W25 inventory | T105: buckeye | U105: https://firebasestorage.googleapis.com/v0/b/wt-foundation-production.appspot.com/o/measurements%2FMeasureMethod.ADM_FIXED_PCT%2FdbhPhoto%2F1776654425185?alt=media&token=4cebad13-1774-4053-b4f5-3b6adc7555f1 | V105: https://firebasestorage.googleapis.com/v0/b/wt-foundation-production.appspot.com/o/measurements%2FMeasureMethod.ADM_FIXED_PCT%2FheightPhoto%2F1776654422410?alt=media&token=20bf94ae-2773-4582-bafb-549d2a7e3cd4 | AA105: IxXgDuzBYdz7nI5gzs71
A106: 2026_04_17 19:09:50 | B106: 0.13842589 | C106: ADM Fixed Percent | D106: 1.3332841 | E106: 0.189 | F106: 1.3 | G106: 35.310319 | H106: -120.66263 | I106: GNNIaIPthVQKUTVjjbAekjaxeHo1 | K106: iPhone13,3 | L106: 2.5.0 | M106: 9 | N106: 1 | O106: 2 | P106: west calif garden trees | R106: b tree 1 stem 2 | S106: W25 inventory | T106: buckeye | U106: https://firebasestorage.googleapis.com/v0/b/wt-foundation-production.appspot.com/o/measurements%2FMeasureMethod.ADM_FIXED_PCT%2FdbhPhoto%2F1776654430786?alt=media&token=2d8a476e-0aec-460a-8a60-af3e90588345 | V106: https://firebasestorage.googleapis.com/v0/b/wt-foundation-production.appspot.com/o/measurements%2FMeasureMethod.ADM_FIXED_PCT%2FheightPhoto%2F1776654428599?alt=media&token=af145197-5416-4836-be26-9056db12d394 | AA106: PBG6MYS94yeieTV5sPB2
A107: 2026_04_17 19:11:40 | B107: 0.10576433 | C107: ADM Fixed Percent | D107: 1.4054316 | E107: 0.121 | F107: 1.3 | G107: 35.310322 | H107: -120.66261 | I107: GNNIaIPthVQKUTVjjbAekjaxeHo1 | K107: iPhone13,3 | L107: 2.5.0 | M107: 9 | N107: 1 | O107: 3 | P107: west calif garden trees | R107: 1.3 | S107: W25 inventory | T107: buckeye | U107: https://firebasestorage.googleapis.com/v0/b/wt-foundation-production.appspot.com/o/measurements%2FMeasureMethod.ADM_FIXED_PCT%2FdbhPhoto%2F1776654434245?alt=media&token=17577fe1-f5d1-4081-aa9f-df1ecac58433 | V107: https://firebasestorage.googleapis.com/v0/b/wt-foundation-production.appspot.com/o/measurements%2FMeasureMethod.ADM_FIXED_PCT%2FheightPhoto%2F1776654433514?alt=media&token=92f116b7-10d7-4bb2-a623-d9800064135b | AA107: HUHyCQJskxSEnEDToAJD
A108: 2026_04_17 19:13:04 | B108: 0.10219656 | C108: ADM Fixed Percent | D108: 1.3178774 | E108: 0.113 | F108: 1.3 | G108: 35.310327 | H108: -120.66261 | I108: GNNIaIPthVQKUTVjjbAekjaxeHo1 | K108: iPhone13,3 | L108: 2.5.0 | M108: 9 | N108: 1 | O108: 4 | P108: west calif garden trees | R108: 1.4 | S108: W25 inventory | T108: buckeye | U108: https://firebasestorage.googleapis.com/v0/b/wt-foundation-production.appspot.com/o/measurements%2FMeasureMethod.ADM_FIXED_PCT%2FdbhPhoto%2F1776654440742?alt=media&token=457a3e6c-1e4e-4c92-9066-4606402251d6 | V108: https://firebasestorage.googleapis.com/v0/b/wt-foundation-production.appspot.com/o/measurements%2FMeasureMethod.ADM_FIXED_PCT%2FheightPhoto%2F1776654438445?alt=media&token=90c7d29b-ec1e-462d-a93f-07830e7b82d1 | AA108: MxeBgluxCBTbr1SmCLKT
A109: 2026_04_17 19:14:44 | B109: 0.15285681 | C109: ADM Fixed Percent | D109: 1.2740622 | E109: 0.175 | G109: 35.310346 | H109: -120.66262 | I109: GNNIaIPthVQKUTVjjbAekjaxeHo1 | K109: iPhone13,3 | L109: 2.5.0 | M109: 9 | N109: 1 | O109: 5 | P109: west calif garden trees | R109: 1.5 | S109: W25 inventory | T109: buckeye | U109: https://firebasestorage.googleapis.com/v0/b/wt-foundation-production.appspot.com/o/measurements%2FMeasureMethod.ADM_FIXED_PCT%2FdbhPhoto%2F1776654449123?alt=media&token=cf301cc5-0a19-4c91-9f9b-602341c55970 | V109: https://firebasestorage.googleapis.com/v0/b/wt-foundation-production.appspot.com/o/measurements%2FMeasureMethod.ADM_FIXED_PCT%2FheightPhoto%2F1776654443866?alt=media&token=0da246dc-ec3c-4680-9239-4d518f9f64ac | AA109: Hr3qAJnjSR41hUdsqZ1E
A110: 2026_04_17 19:15:52 | B110: 0.11494528 | C110: ADM Fixed Percent | D110: 1.2457116 | E110: 0.134 | G110: 35.310324 | H110: -120.66259 | I110: GNNIaIPthVQKUTVjjbAekjaxeHo1 | K110: iPhone13,3 | L110: 2.5.0 | M110: 9 | N110: 1 | O110: 6 | P110: west calif garden trees | R110: 1.6 | S110: W25 inventory | T110: buckeye | U110: https://firebasestorage.googleapis.com/v0/b/wt-foundation-production.appspot.com/o/measurements%2FMeasureMethod.ADM_FIXED_PCT%2FdbhPhoto%2F1776654455204?alt=media&token=0bb561fe-494d-4205-97d1-e8a9449cce20 | V110: https://firebasestorage.googleapis.com/v0/b/wt-foundation-production.appspot.com/o/measurements%2FMeasureMethod.ADM_FIXED_PCT%2FheightPhoto%2F1776654449691?alt=media&token=cb060f38-66a6-4c51-bbda-e06a7fce1d8e | AA110: ArIIQ9hKx67ftqyGdNeP
A111: 2026_04_17 19:18:08 | B111: 0.095586953 | C111: ADM Fixed Percent | D111: 1.2906967 | E111: 0.101 | G111: 35.310324 | H111: -120.66258 | I111: GNNIaIPthVQKUTVjjbAekjaxeHo1 | K111: iPhone13,3 | L111: 2.5.0 | M111: 9 | N111: 1 | O111: 7 | P111: west calif garden trees | R111: 1.7 | S111: W25 inventory | T111: buckeye | U111: https://firebasestorage.googleapis.com/v0/b/wt-foundation-production.appspot.com/o/measurements%2FMeasureMethod.ADM_FIXED_PCT%2FdbhPhoto%2F1776654459514?alt=media&token=fd123816-b952-4fc9-b506-32fee32047bd | V111: https://firebasestorage.googleapis.com/v0/b/wt-foundation-production.appspot.com/o/measurements%2FMeasureMethod.ADM_FIXED_PCT%2FheightPhoto%2F1776654456031?alt=media&token=db677bd8-6f59-4709-894a-5bf9ffa73a1b | AA111: Qz4lgCNItdoOUx9ZmHYx
A112: 2026_04_17 19:19:31 | B112: 0.25995131 | C112: ADM Fixed Percent | D112: 1.1529069 | E112: 0.257 | G112: 35.310338 | H112: -120.66259 | I112: GNNIaIPthVQKUTVjjbAekjaxeHo1 | K112: iPhone13,3 | L112: 2.5.0 | M112: 9 | N112: 1 | O112: 8 | P112: west calif garden trees | R112: 1.8 | S112: W25 inventory | T112: buckeye | U112: https://firebasestorage.googleapis.com/v0/b/wt-foundation-production.appspot.com/o/measurements%2FMeasureMethod.ADM_FIXED_PCT%2FdbhPhoto%2F1776654462871?alt=media&token=08eda84e-8787-4173-b906-abc8edf06da1 | V112: https://firebasestorage.googleapis.com/v0/b/wt-foundation-production.appspot.com/o/measurements%2FMeasureMethod.ADM_FIXED_PCT%2FheightPhoto%2F1776654459991?alt=media&token=aaa040c1-af84-4cbb-b90c-cde84dcd25a6 | AA112: cMWIRyfm0c2wkjxUulRN
A113: 2026_04_17 19:23:07 | B113: 0.042472874 | C113: ADM Fixed Percent | D113: 1.3050289 | E113: 0.067 | G113: 35.310365 | H113: -120.6626 | I113: GNNIaIPthVQKUTVjjbAekjaxeHo1 | K113: iPhone13,3 | L113: 2.5.0 | M113: 9 | N113: 1 | O113: 9 | P113: west calif garden trees | R113: 1.9 | S113: W25 inventory | T113: buckeye | U113: https://firebasestorage.googleapis.com/v0/b/wt-foundation-production.appspot.com/o/measurements%2FMeasureMethod.ADM_FIXED_PCT%2FdbhPhoto%2F1776654468933?alt=media&token=e4493b2c-f966-46fc-a920-5439395d4759 | V113: https://firebasestorage.googleapis.com/v0/b/wt-foundation-production.appspot.com/o/measurements%2FMeasureMethod.ADM_FIXED_PCT%2FheightPhoto%2F1776654466385?alt=media&token=abdd1239-c624-403f-8eb2-e849b0903a2d | AA113: juNatr1CZTUSZBGRkiDs
A114: 2026_04_17 19:27:02 | B114: 0.061291658 | C114: ADM Fixed Percent | D114: 1.2180223 | E114: 0.074 | G114: 35.310282 | H114: -120.66259 | I114: GNNIaIPthVQKUTVjjbAekjaxeHo1 | K114: iPhone13,3 | L114: 2.5.0 | M114: 9 | N114: 2 | O114: 1 | P114: west calif garden trees | R114: 2.1 | S114: W25 inventory | T114: buckeye | U114: https://firebasestorage.googleapis.com/v0/b/wt-foundation-production.appspot.com/o/measurements%2FMeasureMethod.ADM_FIXED_PCT%2FdbhPhoto%2F1776654472271?alt=media&token=74cebfaa-5408-4446-a513-f57a474f9f41 | V114: https://firebasestorage.googleapis.com/v0/b/wt-foundation-production.appspot.com/o/measurements%2FMeasureMethod.ADM_FIXED_PCT%2FheightPhoto%2F1776654469303?alt=media&token=eec5b477-0dc8-4e3f-b429-38ebe88161ce | AA114: WwZg8ZfuY9ymo5NF4QEE
A115: 2026_04_17 19:29:00 | B115: 0.032178245 | C115: ADM Fixed Percent | D115: 6.0732579 | E115: 0.052 | F115: 4.7 | G115: 35.310259 | H115: -120.66258 | I115: GNNIaIPthVQKUTVjjbAekjaxeHo1 | K115: iPhone13,3 | L115: 2.5.0 | M115: 9 | N115: 2 | O115: 2 | P115: west calif garden trees | R115: 2.2 (full height) | S115: W25 inventory | T115: buckeye | U115: https://firebasestorage.googleapis.com/v0/b/wt-foundation-production.appspot.com/o/measurements%2FMeasureMethod.ADM_FIXED_PCT%2FdbhPhoto%2F1776654478008?alt=media&token=e657d9ea-f407-4f15-8d31-c0ea37a62344 | V115: https://firebasestorage.googleapis.com/v0/b/wt-foundation-production.appspot.com/o/measurements%2FMeasureMethod.ADM_FIXED_PCT%2FheightPhoto%2F1776654476503?alt=media&token=7641f48c-c504-4eb6-9634-7c1cb92ee656 | AA115: 1yN8qJZCCm58TwLYJA1s
A116: 2026_04_17 19:30:37 | B116: 0.1235867 | C116: ADM Fixed Percent | D116: 1.3395349 | E116: 0.144 | G116: 35.310287 | H116: -120.66258 | I116: GNNIaIPthVQKUTVjjbAekjaxeHo1 | K116: iPhone13,3 | L116: 2.5.0 | M116: 9 | N116: 2 | O116: 3 | P116: west calif garden trees | R116: 2.3 | S116: W25 inventory | T116: buckeye | U116: https://firebasestorage.googleapis.com/v0/b/wt-foundation-production.appspot.com/o/measurements%2FMeasureMethod.ADM_FIXED_PCT%2FdbhPhoto%2F1776654576335?alt=media&token=3fb4611b-b056-4778-9d84-2e9459963e0d | V116: https://firebasestorage.googleapis.com/v0/b/wt-foundation-production.appspot.com/o/measurements%2FMeasureMethod.ADM_FIXED_PCT%2FheightPhoto%2F1776654576315?alt=media&token=6d6b781f-dede-4ac3-8ec5-68e7ffa0e2d4 | AA116: zFs0cTBmhVIZ2NwhJ4wJ
A117: 2026_04_17 19:33:34 | B117: 0.087608834 | C117: ADM Fixed Percent | D117: 1.2509239 | E117: 0.105 | G117: 35.310283 | H117: -120.66257 | I117: GNNIaIPthVQKUTVjjbAekjaxeHo1 | K117: iPhone13,3 | L117: 2.5.0 | M117: 9 | N117: 2 | O117: 4 | P117: west calif garden trees | R117: 2.4 take 2 | S117: W25 inventory | T117: buckeye | U117: https://firebasestorage.googleapis.com/v0/b/wt-foundation-production.appspot.com/o/measurements%2FMeasureMethod.ADM_FIXED_PCT%2FdbhPhoto%2F1776654587589?alt=media&token=4cc6e064-e6b8-4887-ba78-ebf52fb4412a | V117: https://firebasestorage.googleapis.com/v0/b/wt-foundation-production.appspot.com/o/measurements%2FMeasureMethod.ADM_FIXED_PCT%2FheightPhoto%2F1776654584966?alt=media&token=a6e05086-cb19-451b-9559-caf06519e0f2 | AA117: XN3juNx9hK4nkywmSnAQ
A118: 2026_04_17 19:38:23 | B118: 0.077862463 | C118: ADM Fixed Percent | D118: 1.2795635 | E118: 0.079 | G118: 35.310304 | H118: -120.66259 | I118: GNNIaIPthVQKUTVjjbAekjaxeHo1 | K118: iPhone13,3 | L118: 2.5.0 | M118: 9 | N118: 2 | O118: 5 | P118: west calif garden trees | R118: 2.5 | S118: W25 inventory | T118: buckeye | U118: https://firebasestorage.googleapis.com/v0/b/wt-foundation-production.appspot.com/o/measurements%2FMeasureMethod.ADM_FIXED_PCT%2FdbhPhoto%2F1776654592157?alt=media&token=b4483e79-8511-4cbf-a105-166257b50148 | V118: https://firebasestorage.googleapis.com/v0/b/wt-foundation-production.appspot.com/o/measurements%2FMeasureMethod.ADM_FIXED_PCT%2FheightPhoto%2F1776654588670?alt=media&token=7fbce421-9f7a-4184-a4f6-6e263e6f2d76 | AA118: UBY0iKOhfmvewN1OIEIL
A119: 2026_04_17 19:39:16 | B119: 0.10203301 | C119: ADM Fixed Percent | D119: 1.2794425 | E119: 0.103 | G119: 35.310292 | H119: -120.66257 | I119: GNNIaIPthVQKUTVjjbAekjaxeHo1 | K119: iPhone13,3 | L119: 2.5.0 | M119: 9 | N119: 2 | O119: 6 | P119: west calif garden trees | R119: 2.6 | S119: W25 inventory | T119: buckeye | U119: https://firebasestorage.googleapis.com/v0/b/wt-foundation-production.appspot.com/o/measurements%2FMeasureMethod.ADM_FIXED_PCT%2FdbhPhoto%2F1776654599292?alt=media&token=57cfe323-226c-4b87-8e0e-8b44099f0c5a | V119: https://firebasestorage.googleapis.com/v0/b/wt-foundation-production.appspot.com/o/measurements%2FMeasureMethod.ADM_FIXED_PCT%2FheightPhoto%2F1776654596960?alt=media&token=4c70ec23-6257-4c43-926f-340a1109cafb | AA119: q9NFpycD2JusvjXaEBgW
A120: 2026_04_29 17:41:06 | B120: 0.063318345 | C120: ADM Fixed Percent | D120: 4.0953341 | E120: 0.07 | F120: 3.8 | G120: 35.307506 | H120: -120.65891 | I120: GNNIaIPthVQKUTVjjbAekjaxeHo1 | K120: iPhone13,3 | L120: 2.5.0 | P120: 3d SCAN | S120: W25 inventory | T120: ginkgo | U120: https://firebasestorage.googleapis.com/v0/b/wt-foundation-production.appspot.com/o/measurements%2FMeasureMethod.ADM_FIXED_PCT%2FdbhPhoto%2F1777484482675?alt=media&token=71d0ec6e-aeba-46ab-b82f-90f5c802795c | V120: https://firebasestorage.googleapis.com/v0/b/wt-foundation-production.appspot.com/o/measurements%2FMeasureMethod.ADM_FIXED_PCT%2FheightPhoto%2F1777484466358?alt=media&token=da90b7c7-3f29-4d89-bc4d-7316573a3ccc | AA120: x2BrsqWFIgZRyiQ5TOeM
A121: 2026_04_29 17:46:24 | B121: 0.18852008 | C121: ADM Fixed Percent | D121: 8.8041306 | E121: 0.203 | F121: 7.7 | G121: 35.307496 | H121: -120.65846 | I121: GNNIaIPthVQKUTVjjbAekjaxeHo1 | K121: iPhone13,3 | L121: 2.5.0 | P121: 3d SCAN | S121: W25 inventory | T121: callery pear | U121: https://firebasestorage.googleapis.com/v0/b/wt-foundation-production.appspot.com/o/measurements%2FMeasureMethod.ADM_FIXED_PCT%2FdbhPhoto%2F1777484790265?alt=media&token=016f9268-53d9-4248-8e47-5139cb1a432f | V121: https://firebasestorage.googleapis.com/v0/b/wt-foundation-production.appspot.com/o/measurements%2FMeasureMethod.ADM_FIXED_PCT%2FheightPhoto%2F1777484784282?alt=media&token=eeef4286-691e-4826-8066-1340cf0be64f | AA121: j2aGcC7SogH2K0L26DPZ
A122: 2026_05_01 18:48:10 | B122: 0.13004179 | C122: ADM Fixed Percent | D122: 9.8815746 | E122: 0.161 | F122: 10.8 | G122: 35.310824 | H122: -120.66286 | I122: GNNIaIPthVQKUTVjjbAekjaxeHo1 | K122: iPhone13,3 | L122: 2.5.0 | M122: 10 | N122: 1 | O122: 1 | P122: 1 | R122: tree2 stem 1 | S122: W25 inventory | T122: Callistemon viminalis (weeping bottlebrush) | U122: https://firebasestorage.googleapis.com/v0/b/wt-foundation-production.appspot.com/o/measurements%2FMeasureMethod.ADM_FIXED_PCT%2FdbhPhoto%2F1777661297248?alt=media&token=526bd46a-f805-431a-b911-8a142a70c727 | V122: https://firebasestorage.googleapis.com/v0/b/wt-foundation-production.appspot.com/o/measurements%2FMeasureMethod.ADM_FIXED_PCT%2FheightPhoto%2F1777661290457?alt=media&token=b4ebca95-2e65-43df-8ef5-eb5dcdb53827 | AA122: QOjHNpx34kv12ntZNUYx
A123: 2026_05_01 18:49:41 | B123: 0.11198821 | C123: ADM Fixed Percent | D123: 1.2933545 | E123: 0.122 | F123: 1.3 | G123: 35.310829 | H123: -120.66289 | I123: GNNIaIPthVQKUTVjjbAekjaxeHo1 | K123: iPhone13,3 | L123: 2.5.0 | M123: 10 | N123: 1 | O123: 2 | P123: 1 | R123: tree 2 stem 2 | S123: W25 inventory | T123: Callistemon viminalis (weeping bottlebrush) | U123: https://firebasestorage.googleapis.com/v0/b/wt-foundation-production.appspot.com/o/measurements%2FMeasureMethod.ADM_FIXED_PCT%2FdbhPhoto%2F1777661391152?alt=media&token=c3558e55-ff89-4fc8-99f9-ca71d0556998 | V123: https://firebasestorage.googleapis.com/v0/b/wt-foundation-production.appspot.com/o/measurements%2FMeasureMethod.ADM_FIXED_PCT%2FheightPhoto%2F1777661381410?alt=media&token=3c847b7a-5858-40ac-8325-728586e68bfa | AA123: 59ib3pLODPtZI653mZoz
A124: 2026_05_01 18:54:05 | B124: 0.052926416 | C124: ADM Fixed Percent | D124: 1.292734 | E124: 0.057 | F124: 1.3 | G124: 35.310811 | H124: -120.6629 | I124: GNNIaIPthVQKUTVjjbAekjaxeHo1 | K124: iPhone13,3 | L124: 2.5.0 | M124: 10 | N124: 1 | O124: 3 | P124: 1 | R124: tree 2 stem 3 | S124: W25 inventory | T124: Callistemon viminalis (weeping bottlebrush) | U124: https://firebasestorage.googleapis.com/v0/b/wt-foundation-production.appspot.com/o/measurements%2FMeasureMethod.ADM_FIXED_PCT%2FdbhPhoto%2F1777661653256?alt=media&token=bb016a6c-3490-4cc7-a93e-2a70ef62a37b | V124: https://firebasestorage.googleapis.com/v0/b/wt-foundation-production.appspot.com/o/measurements%2FMeasureMethod.ADM_FIXED_PCT%2FheightPhoto%2F1777661646197?alt=media&token=bd5bcb27-1762-4854-b594-a99d1e9fc935 | AA124: SFVjfO9QsYxMhghJzfc3
A125: 2026_05_01 18:56:21 | B125: 0.099103543 | C125: ADM Fixed Percent | D125: 1.2329431 | E125: 0.112 | F125: 1.3 | G125: 35.310846 | H125: -120.66289 | I125: GNNIaIPthVQKUTVjjbAekjaxeHo1 | K125: iPhone13,3 | L125: 2.5.0 | M125: 10 | N125: 1 | O125: 4 | P125: 1 | R125: tree 2 stem 4 | S125: W25 inventory | T125: Callistemon viminalis (weeping bottlebrush) | U125: https://firebasestorage.googleapis.com/v0/b/wt-foundation-production.appspot.com/o/measurements%2FMeasureMethod.ADM_FIXED_PCT%2FdbhPhoto%2F1777661793021?alt=media&token=14ef2caf-d682-4d95-bd8e-0e4ee67c3ef2 | V125: https://firebasestorage.googleapis.com/v0/b/wt-foundation-production.appspot.com/o/measurements%2FMeasureMethod.ADM_FIXED_PCT%2FheightPhoto%2F1777661782039?alt=media&token=84b9beca-7199-485b-a109-46aac9087233 | AA125: mPYcbwO6DF607ObDNPML
A126: 2026_05_01 18:57:34 | B126: 0.095790288 | C126: ADM Fixed Percent | D126: 0.92759711 | E126: 0.109 | F126: 1.3 | G126: 35.310876 | H126: -120.66294 | I126: GNNIaIPthVQKUTVjjbAekjaxeHo1 | K126: iPhone13,3 | L126: 2.5.0 | M126: 10 | N126: 1 | O126: 5 | P126: 1 | R126: tree 2 stem5 | S126: W25 inventory | T126: Callistemon viminalis (weeping bottlebrush) | U126: https://firebasestorage.googleapis.com/v0/b/wt-foundation-production.appspot.com/o/measurements%2FMeasureMethod.ADM_FIXED_PCT%2FdbhPhoto%2F1777661861627?alt=media&token=99a05685-049d-4ad5-afad-0f198820a8f5 | V126: https://firebasestorage.googleapis.com/v0/b/wt-foundation-production.appspot.com/o/measurements%2FMeasureMethod.ADM_FIXED_PCT%2FheightPhoto%2F1777661854488?alt=media&token=89cd7e5b-a286-437c-b48c-9b26ac25bb2b | AA126: hsqq3cPqmvEgE4pbhyDQ
A127: 2026_05_01 18:59:57 | B127: 0.084025712 | C127: ADM Fixed Percent | D127: 1.1133282 | E127: 0.088 | F127: 1.3 | G127: 35.310847 | H127: -120.66281 | I127: GNNIaIPthVQKUTVjjbAekjaxeHo1 | K127: iPhone13,3 | L127: 2.5.0 | M127: 10 | N127: 1 | O127: 6 | P127: 1 | R127: tree 2 stem 6 | S127: W25 inventory | T127: Callistemon viminalis (weeping bottlebrush) | U127: https://firebasestorage.googleapis.com/v0/b/wt-foundation-production.appspot.com/o/measurements%2FMeasureMethod.ADM_FIXED_PCT%2FdbhPhoto%2F1777662011072?alt=media&token=006cee0b-f419-4857-82bb-34fb5adb4aa6 | V127: https://firebasestorage.googleapis.com/v0/b/wt-foundation-production.appspot.com/o/measurements%2FMeasureMethod.ADM_FIXED_PCT%2FheightPhoto%2F1777661998171?alt=media&token=ca3d5ddf-152b-4dfd-ac10-a7a05c1d08ee | AA127: pQlIvRwi8ADn8dW2lRon
A128: 2026_05_01 19:01:28 | B128: 0.10295464 | C128: ADM Fixed Percent | D128: 1.1891085 | E128: 0.105 | F128: 1.3 | G128: 35.31087 | H128: -120.66283 | I128: GNNIaIPthVQKUTVjjbAekjaxeHo1 | K128: iPhone13,3 | L128: 2.5.0 | M128: 10 | N128: 1 | O128: 7 | P128: 1 | R128: tree 2 stem 7 | S128: W25 inventory | T128: Callistemon viminalis (weeping bottlebrush) | U128: https://firebasestorage.googleapis.com/v0/b/wt-foundation-production.appspot.com/o/measurements%2FMeasureMethod.ADM_FIXED_PCT%2FdbhPhoto%2F1777662095644?alt=media&token=a17d7455-01ef-4f3d-a054-ef4b36f8eac5 | V128: https://firebasestorage.googleapis.com/v0/b/wt-foundation-production.appspot.com/o/measurements%2FMeasureMethod.ADM_FIXED_PCT%2FheightPhoto%2F1777662088609?alt=media&token=0ba8bbdb-1454-4a6a-bc37-87701de0d5eb | AA128: 45m7RkG5D8ddtTfCiz3m
A129: 2026_05_01 19:07:30 | B129: 0.17142462 | C129: ADM Fixed Percent | D129: 10.652451 | E129: 0.167 | F129: 10 | G129: 35.310863 | H129: -120.66291 | I129: GNNIaIPthVQKUTVjjbAekjaxeHo1 | K129: iPhone13,3 | L129: 2.5.0 | M129: 11 | N129: 1 | O129: 1 | P129: 1 | R129: tree3 | S129: W25 inventory | T129: Melaleuca quinquenervia (punk tree) | U129: https://firebasestorage.googleapis.com/v0/b/wt-foundation-production.appspot.com/o/measurements%2FMeasureMethod.ADM_FIXED_PCT%2FdbhPhoto%2F1777662461728?alt=media&token=f97f008d-a028-486d-8b03-aee3483d2f3d | V129: https://firebasestorage.googleapis.com/v0/b/wt-foundation-production.appspot.com/o/measurements%2FMeasureMethod.ADM_FIXED_PCT%2FheightPhoto%2F1777662451138?alt=media&token=2aeaef18-fc62-4515-9cbf-2d3fe497067a | AA129: t1APWlbm0fOrwao3cGuo
A130: 2026_05_01 19:14:01 | B130: 0.3206558 | C130: ADM Fixed Percent | D130: 13.21403 | E130: 0.328 | F130: 13.7 | G130: 35.310843 | H130: -120.66281 | I130: GNNIaIPthVQKUTVjjbAekjaxeHo1 | K130: iPhone13,3 | L130: 2.5.0 | M130: 11 | N130: 2 | O130: 1 | P130: 1 | R130: tree4 | S130: W25 inventory | T130: Melaleuca quinquenervia (punk tree) | U130: https://firebasestorage.googleapis.com/v0/b/wt-foundation-production.appspot.com/o/measurements%2FMeasureMethod.ADM_FIXED_PCT%2FdbhPhoto%2F1777662874895?alt=media&token=cdd66639-f24e-4126-afbc-cd155921b7c8 | V130: https://firebasestorage.googleapis.com/v0/b/wt-foundation-production.appspot.com/o/measurements%2FMeasureMethod.ADM_FIXED_PCT%2FheightPhoto%2F1777662841437?alt=media&token=3168d94c-994e-4de0-a33d-0e157f15f4c2 | AA130: H8LD7fhNszdNkwPLnMnC
A131: 2026_05_01 19:21:07 | B131: 0.55698177 | C131: ADM Fixed Percent | D131: 10.594743 | E131: 0.65 | F131: 11.5 | G131: 35.310787 | H131: -120.66286 | I131: GNNIaIPthVQKUTVjjbAekjaxeHo1 | K131: iPhone13,3 | L131: 2.5.0 | M131: 12 | N131: 1 | O131: 2 | P131: 1 | Q131: unknown species | R131: tree 1 stem 2 actual | S131: W25 inventory | T131: ? | U131: https://firebasestorage.googleapis.com/v0/b/wt-foundation-production.appspot.com/o/measurements%2FMeasureMethod.ADM_FIXED_PCT%2FdbhPhoto%2F1777663286522?alt=media&token=c16d2057-a580-4367-a653-a28797e1a1e3 | V131: https://firebasestorage.googleapis.com/v0/b/wt-foundation-production.appspot.com/o/measurements%2FMeasureMethod.ADM_FIXED_PCT%2FheightPhoto%2F1777663267476?alt=media&token=12f14930-4aee-4dcc-9840-fe0936f0c160 | AA131: pDg7TLrvMN8a9gMFoGr7
A132: 2026_05_01 19:24:33 | B132: 0.59010245 | C132: ADM Fixed Percent | D132: 13.192575 | E132: 0.73 | F132: 13.3 | G132: 35.3108 | H132: -120.66284 | I132: GNNIaIPthVQKUTVjjbAekjaxeHo1 | K132: iPhone13,3 | L132: 2.5.0 | M132: 12 | N132: 1 | O132: 1 | P132: 1 | R132: tree 1 stem 1 actual | S132: W25 inventory | T132: ? | U132: https://firebasestorage.googleapis.com/v0/b/wt-foundation-production.appspot.com/o/measurements%2FMeasureMethod.ADM_FIXED_PCT%2FdbhPhoto%2F1777663481541?alt=media&token=edd3ae3b-1aa7-47d3-af3a-a88becd9c367 | V132: https://firebasestorage.googleapis.com/v0/b/wt-foundation-production.appspot.com/o/measurements%2FMeasureMethod.ADM_FIXED_PCT%2FheightPhoto%2F1777663473731?alt=media&token=e0517204-00cb-4eb7-a63f-5c3aff85c72b | AA132: upnP4p2r94mWOHkjRfrQ
A133: 2026_05_01 19:36:02 | B133: 0.084026725 | C133: ADM Fixed Percent | D133: 14.365968 | E133: 0.357 | F133: 13.9 | G133: 35.310842 | H133: -120.66265 | I133: GNNIaIPthVQKUTVjjbAekjaxeHo1 | K133: iPhone13,3 | L133: 2.5.0 | M133: 13 | N133: 1 | O133: 1 | P133: 1 | R133: tree5 | S133: W25 inventory | T133: dawn redwood | U133: https://firebasestorage.googleapis.com/v0/b/wt-foundation-production.appspot.com/o/measurements%2FMeasureMethod.ADM_FIXED_PCT%2FdbhPhoto%2F1777664172730?alt=media&token=7823d1da-b5e7-4aee-b193-1023c1cc8b07 | V133: https://firebasestorage.googleapis.com/v0/b/wt-foundation-production.appspot.com/o/measurements%2FMeasureMethod.ADM_FIXED_PCT%2FheightPhoto%2F1777664172727?alt=media&token=bce67835-0e21-4734-82ae-b666fde87630 | AA133: AdGPW6fJNat70L25d0VG
A134: 2026_05_01 19:45:41 | B134: 0.32580039 | C134: ADM Fixed Percent | D134: 11.096119 | E134: 0.331 | F134: 10.5 | G134: 35.31091 | H134: -120.66265 | I134: GNNIaIPthVQKUTVjjbAekjaxeHo1 | K134: iPhone13,3 | L134: 2.5.0 | M134: 1 | N134: 15 | O134: 1 | P134: 1 | R134: tree6 | S134: W25 inventory | T134: coast redwood | U134: https://firebasestorage.googleapis.com/v0/b/wt-foundation-production.appspot.com/o/measurements%2FMeasureMethod.ADM_FIXED_PCT%2FdbhPhoto%2F1777664754270?alt=media&token=f8de0272-7b7d-48ba-8cb8-59f0406e23b9 | V134: https://firebasestorage.googleapis.com/v0/b/wt-foundation-production.appspot.com/o/measurements%2FMeasureMethod.ADM_FIXED_PCT%2FheightPhoto%2F1777664741672?alt=media&token=783e30f1-0d99-41e4-95ee-1434a8d4c0b6 | AA134: dhHXCufR5qh6c0P0pnB5
A135: 2026_05_01 19:49:47 | B135: 0.88013293 | C135: ADM Fixed Percent | D135: 20.91593 | E135: 0.98 | F135: 19.5 | G135: 35.310925 | H135: -120.66269 | I135: GNNIaIPthVQKUTVjjbAekjaxeHo1 | K135: iPhone13,3 | L135: 2.5.0 | M135: 1 | N135: 16 | O135: 1 | P135: 1 | Q135: edge case | R135: tree 7 big redwood outside of radius | S135: W25 inventory | T135: coast redwood | U135: https://firebasestorage.googleapis.com/v0/b/wt-foundation-production.appspot.com/o/measurements%2FMeasureMethod.ADM_FIXED_PCT%2FdbhPhoto%2F1777664998764?alt=media&token=78828db2-cd84-49bc-a9ae-3c2246147cc3 | V135: https://firebasestorage.googleapis.com/v0/b/wt-foundation-production.appspot.com/o/measurements%2FMeasureMethod.ADM_FIXED_PCT%2FheightPhoto%2F1777664988120?alt=media&token=eeea371e-22bd-4879-9b2d-562d6c712a3d | AA135: NbxDYOlRmSMoLJh2A2rR
A136: 2026_05_01 19:55:04 | B136: 0.86794535 | C136: ADM Fixed Percent | D136: 5.684073 | G136: 35.310927 | H136: -120.66267 | I136: GNNIaIPthVQKUTVjjbAekjaxeHo1 | K136: iPhone13,3 | L136: 2.5.0 | M136: 1 | N136: 17 | O136: 1 | P136: 1 | S136: W25 inventory | T136: coast redwood | U136: https://firebasestorage.googleapis.com/v0/b/wt-foundation-production.appspot.com/o/measurements%2FMeasureMethod.ADM_FIXED_PCT%2FdbhPhoto%2F1778038319486?alt=media&token=b0fcd9c8-aec7-41c8-a54e-abaddb79e4d9 | V136: https://firebasestorage.googleapis.com/v0/b/wt-foundation-production.appspot.com/o/measurements%2FMeasureMethod.ADM_FIXED_PCT%2FheightPhoto%2F1777665305258?alt=media&token=ebe75aae-ce52-4827-a158-b24af7e3861b | AA136: stWmu3Me2kSSUWHbLrgU
A137: 2026_05_04 17:56:46 | B137: 0.10854615 | C137: ADM Fixed Percent | D137: 4.2501736 | G137: 35.307663 | H137: -120.65776 | I137: W3HjVEeEFWXa94BMF8iP5lQOZU03 | K137: iPhone13,3 | L137: 2.5.0 | P137: 3d SCAN | R137: stem 1 | S137: W25 inventory | T137: buckeye | U137: https://firebasestorage.googleapis.com/v0/b/wt-foundation-production.appspot.com/o/measurements%2FMeasureMethod.ADM_FIXED_PCT%2FdbhPhoto%2F1777917414972?alt=media&token=625dc11f-452a-4c5a-b57d-00fcaa56f860 | V137: https://firebasestorage.googleapis.com/v0/b/wt-foundation-production.appspot.com/o/measurements%2FMeasureMethod.ADM_FIXED_PCT%2FheightPhoto%2F1777917406815?alt=media&token=5b1e33a1-0536-46a5-87ed-0de79a2827ce | AA137: pOXpIxT2CcVkwZxUtOAK
A138: 2026_05_04 17:57:51 | B138: 0.090390813 | C138: ADM Fixed Percent | D138: 1.330115 | G138: 35.307698 | H138: -120.65785 | I138: W3HjVEeEFWXa94BMF8iP5lQOZU03 | K138: iPhone13,3 | L138: 2.5.0 | P138: 3d SCAN | R138: stem 2 | S138: W25 inventory | T138: buckeye | U138: https://firebasestorage.googleapis.com/v0/b/wt-foundation-production.appspot.com/o/measurements%2FMeasureMethod.ADM_FIXED_PCT%2FdbhPhoto%2F1777917488989?alt=media&token=9255e55b-c28a-41a6-99a6-09dc56e86195 | V138: https://firebasestorage.googleapis.com/v0/b/wt-foundation-production.appspot.com/o/measurements%2FMeasureMethod.ADM_FIXED_PCT%2FheightPhoto%2F1777917472141?alt=media&token=23322b98-2fc9-43ba-963e-287eed0640ce | AA138: Eb00QS6zOvE4ob6Su4Bs
A139: 2026_05_04 17:58:46 | B139: 0.09073024 | C139: ADM Fixed Percent | D139: 1.17059 | G139: 35.307686 | H139: -120.6578 | I139: W3HjVEeEFWXa94BMF8iP5lQOZU03 | K139: iPhone13,3 | L139: 2.5.0 | P139: 3d SCAN | R139: stem 3 | S139: W25 inventory | T139: buckeye | U139: https://firebasestorage.googleapis.com/v0/b/wt-foundation-production.appspot.com/o/measurements%2FMeasureMethod.ADM_FIXED_PCT%2FdbhPhoto%2F1777917545931?alt=media&token=1319b362-d704-4e34-9591-cf7fce66c669 | V139: https://firebasestorage.googleapis.com/v0/b/wt-foundation-production.appspot.com/o/measurements%2FMeasureMethod.ADM_FIXED_PCT%2FheightPhoto%2F1777917526306?alt=media&token=25416c63-42c8-4aba-905d-1aa04b75f411 | AA139: QQMyNpjp488uFjXQ3m8j
A140: 2026_05_04 17:59:35 | B140: 0.12657805 | C140: ADM Fixed Percent | D140: 1.3381335 | G140: 35.307723 | H140: -120.65785 | I140: W3HjVEeEFWXa94BMF8iP5lQOZU03 | K140: iPhone13,3 | L140: 2.5.0 | P140: 3d SCAN | R140: stem 4 | S140: W25 inventory | T140: buckeye | U140: https://firebasestorage.googleapis.com/v0/b/wt-foundation-production.appspot.com/o/measurements%2FMeasureMethod.ADM_FIXED_PCT%2FdbhPhoto%2F1777918427982?alt=media&token=75dbe300-19e5-4ef0-9b05-6d3c1290417c | V140: https://firebasestorage.googleapis.com/v0/b/wt-foundation-production.appspot.com/o/measurements%2FMeasureMethod.ADM_FIXED_PCT%2FheightPhoto%2F1777917575809?alt=media&token=a61cf8d8-0559-4cc5-83d4-ab450a4b7839 | AA140: AMHpIRRM8MUEhkznn5UQ
A141: 2026_05_08 17:48:04 | B141: 0.50263159 | C141: ADM Fixed Percent | D141: 16.062204 | E141: 0.54 | F141: 15 | G141: 35.310549 | H141: -120.66242 | I141: GNNIaIPthVQKUTVjjbAekjaxeHo1 | K141: iPhone13,3 | L141: 2.5.0 | M141: 1 | N141: 18 | O141: 1 | P141: 2 | S141: W25 inventory | T141: coast redwood | U141: https://firebasestorage.googleapis.com/v0/b/wt-foundation-production.appspot.com/o/measurements%2FMeasureMethod.ADM_FIXED_PCT%2FdbhPhoto%2F1778276027634?alt=media&token=ee763374-119c-4174-bef6-543ec39089bd | V141: https://firebasestorage.googleapis.com/v0/b/wt-foundation-production.appspot.com/o/measurements%2FMeasureMethod.ADM_FIXED_PCT%2FheightPhoto%2F1778276027634?alt=media&token=7fe81402-626d-4fdb-873b-4de7dc22da14 | AA141: qnLPoeh0WW2hsW6Lsonf
A142: 2026_05_08 17:54:49 | B142: 0.39947535 | C142: ADM Fixed Percent | D142: 14.076584 | E142: 0.411 | F142: 13.7 | G142: 35.310552 | H142: -120.66246 | I142: GNNIaIPthVQKUTVjjbAekjaxeHo1 | K142: iPhone13,3 | L142: 2.5.0 | M142: 1 | N142: 19 | O142: 1 | P142: 2 | S142: W25 inventory | T142: coast redwood | U142: https://firebasestorage.googleapis.com/v0/b/wt-foundation-production.appspot.com/o/measurements%2FMeasureMethod.ADM_FIXED_PCT%2FdbhPhoto%2F1778276027634?alt=media&token=fdf805e8-e0f9-4f98-9ffc-1486ed832378 | V142: https://firebasestorage.googleapis.com/v0/b/wt-foundation-production.appspot.com/o/measurements%2FMeasureMethod.ADM_FIXED_PCT%2FheightPhoto%2F1778276027634?alt=media&token=7fe81402-626d-4fdb-873b-4de7dc22da14 | AA142: CaOezlIASRpG5HOmW9wq
A143: 2026_05_08 17:57:53 | B143: 0.29019668 | C143: ADM Fixed Percent | D143: 12.20702 | E143: 0.318 | F143: 12.2 | G143: 35.31049 | H143: -120.6625 | I143: GNNIaIPthVQKUTVjjbAekjaxeHo1 | K143: iPhone13,3 | L143: 2.5.0 | M143: 1 | N143: 20 | O143: 1 | P143: 2 | S143: W25 inventory | T143: coast redwood | U143: https://firebasestorage.googleapis.com/v0/b/wt-foundation-production.appspot.com/o/measurements%2FMeasureMethod.ADM_FIXED_PCT%2FdbhPhoto%2F1778276158471?alt=media&token=00eb517e-4db6-49ff-9e95-eaaac4d6b79a | V143: https://firebasestorage.googleapis.com/v0/b/wt-foundation-production.appspot.com/o/measurements%2FMeasureMethod.ADM_FIXED_PCT%2FheightPhoto%2F1778276153889?alt=media&token=07b49f8d-393e-4ccb-8b45-1693ee65038c | AA143: Cbi60Ghs8Us5sSOePQHy
A144: 2026_05_08 18:03:25 | B144: 0.57481054 | C144: ADM Fixed Percent | D144: 4.4393973 | E144: 0.578 | F144: 4.3 | G144: 35.310598 | H144: -120.6625 | I144: GNNIaIPthVQKUTVjjbAekjaxeHo1 | K144: iPhone13,3 | L144: 2.5.0 | M144: 14 | N144: 1 | O144: 1 | P144: 2 | S144: W25 inventory | T144: silver palm | U144: https://firebasestorage.googleapis.com/v0/b/wt-foundation-production.appspot.com/o/measurements%2FMeasureMethod.ADM_FIXED_PCT%2FdbhPhoto%2F1778276203187?alt=media&token=d9dbad09-687a-4eca-baf6-b94764258631 | V144: https://firebasestorage.googleapis.com/v0/b/wt-foundation-production.appspot.com/o/measurements%2FMeasureMethod.ADM_FIXED_PCT%2FheightPhoto%2F1778276203174?alt=media&token=aa05fd92-f5ac-4f13-9410-64a550cf1651 | AA144: QJ7l6F511I4K8bjNesg9
A145: 2026_05_08 18:10:16 | B145: 0.35967481 | C145: ADM Fixed Percent | D145: 24.813698 | E145: 0.469 | F145: 23.7 | G145: 35.310639 | H145: -120.66247 | I145: GNNIaIPthVQKUTVjjbAekjaxeHo1 | K145: iPhone13,3 | L145: 2.5.0 | M145: 15 | N145: 1 | O145: 1 | P145: 2 | Q145: unknown species | R145: palm2 | S145: W25 inventory | T145: ?palm | U145: https://firebasestorage.googleapis.com/v0/b/wt-foundation-production.appspot.com/o/measurements%2FMeasureMethod.ADM_FIXED_PCT%2FdbhPhoto%2F1778276208933?alt=media&token=e82a7b5c-4644-4835-9bf3-560ad4f68525 | V145: https://firebasestorage.googleapis.com/v0/b/wt-foundation-production.appspot.com/o/measurements%2FMeasureMethod.ADM_FIXED_PCT%2FheightPhoto%2F1778276205596?alt=media&token=59381756-e50b-49ab-af78-108c4dfd4e27 | AA145: I99abqgSUwfuQQHGZQ9Y
A146: 2026_05_08 18:19:09 | B146: 0.21480228 | C146: ADM Fixed Percent | D146: 6.5767875 | G146: 35.310655 | H146: -120.66243 | I146: GNNIaIPthVQKUTVjjbAekjaxeHo1 | K146: iPhone13,3 | L146: 2.5.0 | M146: 16 | N146: 1 | O146: 99 | P146: 2 | Q146: unknown species, several stems / no dbh, edge case | R146: 6m within footprint, 7m overall, many stemmed giant palm tree on edge of footprint | S146: W25 inventory | T146: ?palm | U146: https://firebasestorage.googleapis.com/v0/b/wt-foundation-production.appspot.com/o/measurements%2FMeasureMethod.ADM_FIXED_PCT%2FdbhPhoto%2F1778276211201?alt=media&token=7227e301-ff19-481d-aa01-f90bff5eee18 | V146: https://firebasestorage.googleapis.com/v0/b/wt-foundation-production.appspot.com/o/measurements%2FMeasureMethod.ADM_FIXED_PCT%2FheightPhoto%2F1778276210180?alt=media&token=09045526-47cc-4d53-97f2-04795db84040 | AA146: Cp0c3xmUzTclY2DH2xCl
A147: 2026_05_08 18:23:56 | B147: 0.43879488 | C147: ADM Fixed Percent | D147: 7.6719403 | E147: 0.482 | F147: 7.8 | G147: 35.310621 | H147: -120.6624 | I147: GNNIaIPthVQKUTVjjbAekjaxeHo1 | K147: iPhone13,3 | L147: 2.5.0 | M147: 17 | N147: 1 | O147: 1 | P147: 2 | Q147: unknown species | R147: palm 4 | S147: W25 inventory | T147: ?palm | U147: https://firebasestorage.googleapis.com/v0/b/wt-foundation-production.appspot.com/o/measurements%2FMeasureMethod.ADM_FIXED_PCT%2FdbhPhoto%2F1778276213235?alt=media&token=12ddde00-e171-45f8-bda4-4e0c372369c4 | V147: https://firebasestorage.googleapis.com/v0/b/wt-foundation-production.appspot.com/o/measurements%2FMeasureMethod.ADM_FIXED_PCT%2FheightPhoto%2F1778276212909?alt=media&token=829bc7b5-49d5-4cf3-9a81-3d390023cda9 | AA147: 1VN5awutVTb9pS8GY42N
A148: 2026_05_08 18:53:55 | B148: 0.52420286 | C148: ADM Fixed Percent | D148: 13.056458 | E148: 0.556 | F148: 13.1 | G148: 35.310369 | H148: -120.66214 | I148: GNNIaIPthVQKUTVjjbAekjaxeHo1 | K148: iPhone13,3 | L148: 2.5.0 | M148: 2 | N148: repeat | O148: 1 | P148: 3 | S148: W25 inventory | T148: coastal live oak | U148: https://firebasestorage.googleapis.com/v0/b/wt-foundation-production.appspot.com/o/measurements%2FMeasureMethod.ADM_FIXED_PCT%2FdbhPhoto%2F1778276222231?alt=media&token=76de8080-ea71-4923-9ed4-8fd949260d03 | V148: https://firebasestorage.googleapis.com/v0/b/wt-foundation-production.appspot.com/o/measurements%2FMeasureMethod.ADM_FIXED_PCT%2FheightPhoto%2F1778276220870?alt=media&token=3885a3be-6e74-446f-9a2c-b75fbc96a677 | AA148: Qk3ncyOBpyAhjJxtuSUj
A149: 2026_05_08 18:56:37 | B149: 0.44892277 | C149: ADM Fixed Percent | D149: 15.740144 | E149: 0.437 | F149: 15.2 | G149: 35.310417 | H149: -120.66217 | I149: GNNIaIPthVQKUTVjjbAekjaxeHo1 | K149: iPhone13,3 | L149: 2.5.0 | M149: 2 | N149: repeat | O149: 1 | P149: 3 | S149: W25 inventory | T149: coastal live oak | U149: https://firebasestorage.googleapis.com/v0/b/wt-foundation-production.appspot.com/o/measurements%2FMeasureMethod.ADM_FIXED_PCT%2FdbhPhoto%2F1778276227278?alt=media&token=89565969-b65b-4ef8-afe1-e8f856a7453a | V149: https://firebasestorage.googleapis.com/v0/b/wt-foundation-production.appspot.com/o/measurements%2FMeasureMethod.ADM_FIXED_PCT%2FheightPhoto%2F1778276224361?alt=media&token=03396310-7bea-4a83-91a7-4ba545d9d245 | AA149: YDkyaZPgWyBW0vVG4gFY
A150: 2026_05_08 19:07:44 | B150: 0.2370532 | C150: ADM Fixed Percent | D150: 13.365461 | E150: 0.256 | F150: 13.5 | G150: 35.310443 | H150: -120.66223 | I150: GNNIaIPthVQKUTVjjbAekjaxeHo1 | K150: iPhone13,3 | L150: 2.5.0 | M150: 2 | N150: repeat | O150: 1 | P150: 3 | S150: W25 inventory | T150: coastal live oak | U150: https://firebasestorage.googleapis.com/v0/b/wt-foundation-production.appspot.com/o/measurements%2FMeasureMethod.ADM_FIXED_PCT%2FdbhPhoto%2F1778276231631?alt=media&token=5e7575ee-a150-4062-af1b-8c6fdcb6eed6 | V150: https://firebasestorage.googleapis.com/v0/b/wt-foundation-production.appspot.com/o/measurements%2FMeasureMethod.ADM_FIXED_PCT%2FheightPhoto%2F1778276229204?alt=media&token=29eb8298-7cf0-4613-a311-7eff7b457abd | AA150: yDlTcbM5KJ17jDyClzGA
A151: 2026_05_08 19:08:51 | B151: 0.31533927 | C151: ADM Fixed Percent | D151: 1.2902868 | E151: 0.342 | F151: 1.3 | G151: 35.310385 | H151: -120.66221 | I151: GNNIaIPthVQKUTVjjbAekjaxeHo1 | K151: iPhone13,3 | L151: 2.5.0 | M151: 2 | N151: repeat | O151: 2 | P151: 3 | R151: tree 3 stem 2 | S151: W25 inventory | T151: coastal live oak | U151: https://firebasestorage.googleapis.com/v0/b/wt-foundation-production.appspot.com/o/measurements%2FMeasureMethod.ADM_FIXED_PCT%2FdbhPhoto%2F1778276237270?alt=media&token=7aca114c-24d7-469c-b877-91782437fb0d | V151: https://firebasestorage.googleapis.com/v0/b/wt-foundation-production.appspot.com/o/measurements%2FMeasureMethod.ADM_FIXED_PCT%2FheightPhoto%2F1778276233811?alt=media&token=fda8322d-420c-492e-80d5-3128f0dc7835 | AA151: aQrWi2zE2dnOVzDp74Df
A152: 2026_05_08 19:09:49 | B152: 0.31939937 | C152: ADM Fixed Percent | D152: 1.2957788 | E152: 0.344 | F152: 1.3 | G152: 35.310391 | H152: -120.66221 | I152: GNNIaIPthVQKUTVjjbAekjaxeHo1 | K152: iPhone13,3 | L152: 2.5.0 | M152: 2 | N152: repeat | O152: 3 | P152: 3 | R152: tree 3 stem 3 | S152: W25 inventory | T152: coastal live oak | U152: https://firebasestorage.googleapis.com/v0/b/wt-foundation-production.appspot.com/o/measurements%2FMeasureMethod.ADM_FIXED_PCT%2FdbhPhoto%2F1778276241997?alt=media&token=cc9a7371-3347-4b15-bc05-797f0c3225f1 | V152: https://firebasestorage.googleapis.com/v0/b/wt-foundation-production.appspot.com/o/measurements%2FMeasureMethod.ADM_FIXED_PCT%2FheightPhoto%2F1778276238957?alt=media&token=37f1e9a8-6f9b-4478-b558-2853e2284cbd | AA152: HUovRc8saOvTFS4A1H0y
A153: 2026_05_08 19:10:50 | B153: 0.33941513 | C153: ADM Fixed Percent | D153: 1.2895097 | E153: 0.327 | F153: 1.3 | G153: 35.31041 | H153: -120.66224 | I153: GNNIaIPthVQKUTVjjbAekjaxeHo1 | K153: iPhone13,3 | L153: 2.5.0 | M153: 2 | N153: repeat | O153: 4 | P153: 3 | S153: W25 inventory | T153: coastal live oak | U153: https://firebasestorage.googleapis.com/v0/b/wt-foundation-production.appspot.com/o/measurements%2FMeasureMethod.ADM_FIXED_PCT%2FdbhPhoto%2F1778276246430?alt=media&token=9f3a0fa4-2651-472f-af85-50456791bde6 | V153: https://firebasestorage.googleapis.com/v0/b/wt-foundation-production.appspot.com/o/measurements%2FMeasureMethod.ADM_FIXED_PCT%2FheightPhoto%2F1778276243751?alt=media&token=c2f5a237-7990-48e5-aae6-69e1b4e098b3 | AA153: rGefe0xpiwJEuzTMgaDz
A154: 2026_05_08 19:19:20 | B154: 0.17127266 | C154: ADM Fixed Percent | D154: 4.9052453 | E154: 0.18 | F154: 5.1 | G154: 35.310497 | H154: -120.66222 | I154: GNNIaIPthVQKUTVjjbAekjaxeHo1 | K154: iPhone13,3 | L154: 2.5.0 | M154: 18 | N154: 1 | O154: 99 | P154: 3 | Q154: several unmeasured stems | S154: W25 inventory | T154: channel island scrub oak | U154: https://firebasestorage.googleapis.com/v0/b/wt-foundation-production.appspot.com/o/measurements%2FMeasureMethod.ADM_FIXED_PCT%2FdbhPhoto%2F1778276256289?alt=media&token=66ea7e72-f0c8-4aff-a5aa-4adfe67ee447 | V154: https://firebasestorage.googleapis.com/v0/b/wt-foundation-production.appspot.com/o/measurements%2FMeasureMethod.ADM_FIXED_PCT%2FheightPhoto%2F1778276252844?alt=media&token=35759466-02b6-4899-b49b-7e2f4d673657 | AA154: B4zttyy4xqZtg2SN1UZw
A155: 2026_05_08 19:27:21 | B155: 0.40396197 | C155: ADM Fixed Percent | D155: 12.976625 | E155: 0.426 | F155: 12.4 | G155: 35.310382 | H155: -120.66199 | I155: GNNIaIPthVQKUTVjjbAekjaxeHo1 | K155: iPhone13,3 | L155: 2.5.0 | M155: 4 | N155: 6 | O155: 1 | P155: 3 | S155: W25 inventory | T155: engelmann oak | U155: https://firebasestorage.googleapis.com/v0/b/wt-foundation-production.appspot.com/o/measurements%2FMeasureMethod.ADM_FIXED_PCT%2FdbhPhoto%2F1778276268067?alt=media&token=5023f051-5a26-4e52-bc8b-3cae69018bb2 | V155: https://firebasestorage.googleapis.com/v0/b/wt-foundation-production.appspot.com/o/measurements%2FMeasureMethod.ADM_FIXED_PCT%2FheightPhoto%2F1778276265403?alt=media&token=409b4628-4ee8-4d11-9c90-13b6cfc5dfbe | AA155: zGrTsARpXMbt9bt5LQ3b
A156: 2026_05_08 19:28:00 | B156: 0.14782381 | C156: ADM Fixed Percent | D156: 1.2817112 | E156: 0.178 | F156: 1.3 | G156: 35.310402 | H156: -120.66202 | I156: GNNIaIPthVQKUTVjjbAekjaxeHo1 | K156: iPhone13,3 | L156: 2.5.0 | M156: 4 | N156: 6 | O156: 2 | P156: 3 | S156: W25 inventory | T156: engelmann oak | U156: https://firebasestorage.googleapis.com/v0/b/wt-foundation-production.appspot.com/o/measurements%2FMeasureMethod.ADM_FIXED_PCT%2FdbhPhoto%2F1778276273536?alt=media&token=4591fa50-a8d9-4ccf-8e26-eee44bfe6ae5 | V156: https://firebasestorage.googleapis.com/v0/b/wt-foundation-production.appspot.com/o/measurements%2FMeasureMethod.ADM_FIXED_PCT%2FheightPhoto%2F1778276271162?alt=media&token=b788a90f-bbf5-475f-8bc2-2864709d748b | AA156: H7TRTflQYf9fDMkqYyLz
A157: 2026_05_08 19:28:52 | B157: 0.20355726 | C157: ADM Fixed Percent | D157: 1.3093278 | E157: 0.25 | F157: 1.3 | G157: 35.310393 | H157: -120.66202 | I157: GNNIaIPthVQKUTVjjbAekjaxeHo1 | K157: iPhone13,3 | L157: 2.5.0 | M157: 4 | N157: 6 | O157: 3 | P157: 3 | S157: W25 inventory | T157: engelmann oak | U157: https://firebasestorage.googleapis.com/v0/b/wt-foundation-production.appspot.com/o/measurements%2FMeasureMethod.ADM_FIXED_PCT%2FdbhPhoto%2F1778276278237?alt=media&token=37becf67-e55c-4513-904d-a781d7604fb8 | V157: https://firebasestorage.googleapis.com/v0/b/wt-foundation-production.appspot.com/o/measurements%2FMeasureMethod.ADM_FIXED_PCT%2FheightPhoto%2F1778276275617?alt=media&token=e341f9eb-a05a-4f5d-83cc-7ea35a058a86 | AA157: 72DpaDmAkmN2r8I8hsgH
A158: 2026_05_08 20:15:14 | B158: 0.1136551 | C158: ADM Fixed Percent | D158: 3.3631234 | E158: 0.139 | F158: 3.1 | G158: 35.310145 | H158: -120.66305 | I158: GNNIaIPthVQKUTVjjbAekjaxeHo1 | K158: iPhone13,3 | L158: 2.5.0 | M158: 19 | N158: 1 | O158: 1 | P158: 6 | S158: W25 inventory | T158: atlas cedar | U158: https://firebasestorage.googleapis.com/v0/b/wt-foundation-production.appspot.com/o/measurements%2FMeasureMethod.ADM_FIXED_PCT%2FdbhPhoto%2F1778276282092?alt=media&token=7dbd7e7e-0d71-44b3-a99e-44ec63a9eea7 | V158: https://firebasestorage.googleapis.com/v0/b/wt-foundation-production.appspot.com/o/measurements%2FMeasureMethod.ADM_FIXED_PCT%2FheightPhoto%2F1778276278987?alt=media&token=a4a611d3-6b74-498a-b08b-f08ab64a6afe | AA158: Zi2L2jBn1Zx6Ox0fgRCg
A159: 2026_05_08 20:18:20 | B159: 0.6944443 | C159: ADM Fixed Percent | D159: 18.22464 | E159: 0.732 | F159: 17.9 | G159: 35.310212 | H159: -120.66304 | I159: GNNIaIPthVQKUTVjjbAekjaxeHo1 | K159: iPhone13,3 | L159: 2.5.0 | M159: 20 | N159: 1 | O159: 1 | P159: 6 | S159: W25 inventory | T159: canary island pine | U159: https://firebasestorage.googleapis.com/v0/b/wt-foundation-production.appspot.com/o/measurements%2FMeasureMethod.ADM_FIXED_PCT%2FdbhPhoto%2F1778276288365?alt=media&token=35521e3e-2eed-46fc-9b98-93157515bf65 | V159: https://firebasestorage.googleapis.com/v0/b/wt-foundation-production.appspot.com/o/measurements%2FMeasureMethod.ADM_FIXED_PCT%2FheightPhoto%2F1778276284593?alt=media&token=f37cea9e-7ba4-46c9-b2da-9e7f0d7ef7fb | AA159: bHo2TVv8t4zRZmnTJfeb
A160: 2026_05_08 20:25:44 | B160: 0.49439667 | C160: ADM Fixed Percent | D160: 16.291504 | E160: 0.617 | F160: 16.8 | G160: 35.310309 | H160: -120.66302 | I160: GNNIaIPthVQKUTVjjbAekjaxeHo1 | K160: iPhone13,3 | L160: 2.5.0 | M160: 20 | N160: 2 | O160: 1 | P160: 6 | Q160: bad app dbh | R160: keep height, delete dbh | S160: W25 inventory | T160: canary island pine | U160: https://firebasestorage.googleapis.com/v0/b/wt-foundation-production.appspot.com/o/measurements%2FMeasureMethod.ADM_FIXED_PCT%2FdbhPhoto%2F1778276292429?alt=media&token=eee44a7c-2874-46d3-9c76-866a3fa4d3de | V160: https://firebasestorage.googleapis.com/v0/b/wt-foundation-production.appspot.com/o/measurements%2FMeasureMethod.ADM_FIXED_PCT%2FheightPhoto%2F1778276289317?alt=media&token=5122a896-9eeb-4e5a-9b3b-fcd6401584c7 | AA160: UL2c5v3cYoCcKc7ucUxR
A161: 2026_05_08 20:27:35 | B161: 0.26956104 | C161: ADM Fixed Percent | D161: 1.2698156 | E161: 0.271 | F161: 1.3 | G161: 35.310279 | H161: -120.66303 | I161: GNNIaIPthVQKUTVjjbAekjaxeHo1 | K161: iPhone13,3 | L161: 2.5.0 | M161: 20 | N161: 2 | O161: 2 | P161: 6 | S161: W25 inventory | T161: canary island pine | U161: https://firebasestorage.googleapis.com/v0/b/wt-foundation-production.appspot.com/o/measurements%2FMeasureMethod.ADM_FIXED_PCT%2FdbhPhoto%2F1778276298907?alt=media&token=cb172852-f8c7-4616-a8a0-4d1a1b3f8425 | V161: https://firebasestorage.googleapis.com/v0/b/wt-foundation-production.appspot.com/o/measurements%2FMeasureMethod.ADM_FIXED_PCT%2FheightPhoto%2F1778276294226?alt=media&token=d7b21fd2-3e5a-43ed-8cce-b54bac4c167b | AA161: fYc3afppiKXdX6JETcfY
A162: 2026_05_08 20:28:45 | B162: 0.619757 | C162: ADM Fixed Percent | D162: 1.7694942 | E162: 0.617 | G162: 35.31029 | H162: -120.66301 | I162: GNNIaIPthVQKUTVjjbAekjaxeHo1 | K162: iPhone13,3 | L162: 2.5.0 | M162: 20 | N162: 2 | O162: 1 | P162: 6 | Q162: bad app height | R162: pine tree 2 larger stem take 2 | S162: W25 inventory | T162: canary island pine | U162: https://firebasestorage.googleapis.com/v0/b/wt-foundation-production.appspot.com/o/measurements%2FMeasureMethod.ADM_FIXED_PCT%2FdbhPhoto%2F1778276303232?alt=media&token=e4e2bb0d-4ca4-41db-ad50-16c8f253afae | V162: https://firebasestorage.googleapis.com/v0/b/wt-foundation-production.appspot.com/o/measurements%2FMeasureMethod.ADM_FIXED_PCT%2FheightPhoto%2F1778276301825?alt=media&token=14adc0e1-15c6-4ae2-b4d6-3f2d59f00588 | AA162: rVLSxfMMVyTYulOA0qOG
A163: 2026_05_09 16:39:05 | B163: 0.61544881 | C163: ADM Fixed Percent | D163: 12.926462 | E163: 0.629 | G163: 35.310517 | H163: -120.6615 | I163: GNNIaIPthVQKUTVjjbAekjaxeHo1 | K163: iPhone13,3 | L163: 2.5.0 | P163: 4 | S163: W25 inventory | T163: italian stone pine | U163: https://firebasestorage.googleapis.com/v0/b/wt-foundation-production.appspot.com/o/measurements%2FMeasureMethod.ADM_FIXED_PCT%2FdbhPhoto%2F1778363576152?alt=media&token=de70695e-45b8-4400-864d-680252aa49f9 | V163: https://firebasestorage.googleapis.com/v0/b/wt-foundation-production.appspot.com/o/measurements%2FMeasureMethod.ADM_FIXED_PCT%2FheightPhoto%2F1778363576147?alt=media&token=a8609150-9f04-45e6-9441-e424dd44c10d | AA163: hja566twX8jb83DLQ1UL
A164: 2026_05_09 16:56:47 | B164: 0.21642414 | C164: ADM Fixed Percent | D164: 12.026494 | E164: 0.223 | F164: 11.7 | G164: 35.310499 | H164: -120.66147 | I164: GNNIaIPthVQKUTVjjbAekjaxeHo1 | K164: iPhone13,3 | L164: 2.5.0 | P164: 4 | S164: W25 inventory | T164: italian stone pine | U164: https://firebasestorage.googleapis.com/v0/b/wt-foundation-production.appspot.com/o/measurements%2FMeasureMethod.ADM_FIXED_PCT%2FdbhPhoto%2F1778363580024?alt=media&token=a1dde6b9-931e-4793-9222-46cc3660d360 | V164: https://firebasestorage.googleapis.com/v0/b/wt-foundation-production.appspot.com/o/measurements%2FMeasureMethod.ADM_FIXED_PCT%2FheightPhoto%2F1778363576152?alt=media&token=1f720e16-a05d-4f02-948c-54e894f84d7c | AA164: sdchWe0s71PLIbO1WNiV
A165: 2026_05_09 17:00:18 | B165: 0.31093566 | C165: ADM Fixed Percent | D165: 1.4397143 | E165: 0.363 | G165: 35.310433 | H165: -120.66146 | I165: GNNIaIPthVQKUTVjjbAekjaxeHo1 | K165: iPhone13,3 | L165: 2.5.0 | P165: 4 | R165: tree 2 stem 2 | S165: W25 inventory | T165: italian stone pine | U165: https://firebasestorage.googleapis.com/v0/b/wt-foundation-production.appspot.com/o/measurements%2FMeasureMethod.ADM_FIXED_PCT%2FdbhPhoto%2F1778363612914?alt=media&token=88d52af1-d097-4155-b597-93f3b6d61243 | V165: https://firebasestorage.googleapis.com/v0/b/wt-foundation-production.appspot.com/o/measurements%2FMeasureMethod.ADM_FIXED_PCT%2FheightPhoto%2F1778363603095?alt=media&token=58ed725d-b542-4dbf-8097-c18aab8580d7 | AA165: 3nASBGfvishGxENUvk40
A166: 2026_05_09 17:00:46 | B166: 0.39598749 | C166: ADM Fixed Percent | D166: 1.3448484 | E166: 0.414 | F166: 1.3 | G166: 35.310435 | H166: -120.66147 | I166: GNNIaIPthVQKUTVjjbAekjaxeHo1 | K166: iPhone13,3 | L166: 2.5.0 | P166: 4 | S166: W25 inventory | T166: italian stone pine | U166: https://firebasestorage.googleapis.com/v0/b/wt-foundation-production.appspot.com/o/measurements%2FMeasureMethod.ADM_FIXED_PCT%2FdbhPhoto%2F1778363642048?alt=media&token=a6083727-9fa1-413d-a4ce-845a4202b91a | V166: https://firebasestorage.googleapis.com/v0/b/wt-foundation-production.appspot.com/o/measurements%2FMeasureMethod.ADM_FIXED_PCT%2FheightPhoto%2F1778363620011?alt=media&token=eb687db4-f16a-4561-a4aa-2a884b7b9989 | AA166: sGmlyWFm8dZoyQXyxwbf
A167: 2026_05_09 17:05:30 | B167: 0.26337061 | C167: ADM Fixed Percent | D167: 13.942718 | E167: 0.296 | F167: 13.2 | G167: 35.310407 | H167: -120.66141 | I167: GNNIaIPthVQKUTVjjbAekjaxeHo1 | K167: iPhone13,3 | L167: 2.5.0 | P167: 4 | R167: 3.1 | S167: W25 inventory | T167: italian stone pine | U167: https://firebasestorage.googleapis.com/v0/b/wt-foundation-production.appspot.com/o/measurements%2FMeasureMethod.ADM_FIXED_PCT%2FdbhPhoto%2F1778363652834?alt=media&token=d0f0fce7-8600-4868-b73b-4c9c5347e755 | V167: https://firebasestorage.googleapis.com/v0/b/wt-foundation-production.appspot.com/o/measurements%2FMeasureMethod.ADM_FIXED_PCT%2FheightPhoto%2F1778363649192?alt=media&token=4eab073e-31fe-4130-8851-77b66bc0539f | AA167: 9KWgOqXow7f1yGNQc6On
A168: 2026_05_09 17:06:16 | B168: 0.2437792 | C168: ADM Fixed Percent | D168: 1.3683351 | E168: 0.288 | F168: 1.3 | G168: 35.310398 | H168: -120.66138 | I168: GNNIaIPthVQKUTVjjbAekjaxeHo1 | K168: iPhone13,3 | L168: 2.5.0 | P168: 4 | R168: 3.2 | S168: W25 inventory | T168: italian stone pine | U168: https://firebasestorage.googleapis.com/v0/b/wt-foundation-production.appspot.com/o/measurements%2FMeasureMethod.ADM_FIXED_PCT%2FdbhPhoto%2F1778363669017?alt=media&token=0508e443-303d-4c79-b41e-47ac585b028b | V168: https://firebasestorage.googleapis.com/v0/b/wt-foundation-production.appspot.com/o/measurements%2FMeasureMethod.ADM_FIXED_PCT%2FheightPhoto%2F1778363655918?alt=media&token=13db40e7-5c35-46af-af7e-3c64e9eec336 | AA168: 4o9eZvg6JoY6NH3XtjfI
...

Sheet Footprint Trees
A1: Date | B1: DBH (m) | C1: method | D1: Height (m) | E1: GT DBH (m) | F1: GT Height (m) | G1: WT_latitude | H1: WT_longitude | I1: Lat | J1: Long | K1: user_id | L1: DBH Height (m) | M1: phone_model | N1: app_version | O1: Species # | P1: Species | Q1: Tree # | R1: Stem # | S1: Footprint | T1: GPS? | U1: Edits? | V1: notes | W1: project | X1: Species - Common Name | Y1: Species - Scientific Name | Z1: dbh_photo_url | AA1: height_photo_url | AB1: dmap_zip_url | AC1: trunk_occupancy | AD1: trunk_dist_m | AE1: apparent_dbh_med_m | AF1: measurement_id | AI1: Field Maps Image Link
A2: 2026_05_01 18:48:10 | B2: 0.13004179 | C2: ADM Fixed Percent | D2: 9.8815746 | E2: 0.161 | F2: 10.8 | G2: 35.310824 | H2: -120.66286 | I2: 35.310844 | J2: -120.66284 | K2: GNNIaIPthVQKUTVjjbAekjaxeHo1 | M2: iPhone13,3 | N2: 2.5.0 | O2: 10 | P2: 1 | Q2: 1 | R2: 1 | S2: 1 | T2: y | V2: tree2 stem 1 | W2: W25 inventory | X2: weeping bottlebrush | Y2: Callistemon viminalis | Z2: https://firebasestorage.googleapis.com/v0/b/wt-foundation-production.appspot.com/o/measurements%2FMeasureMethod.ADM_FIXED_PCT%2FdbhPhoto%2F1777661297248?alt=media&token=526bd46a-f805-431a-b911-8a142a70c727 | AA2: https://firebasestorage.googleapis.com/v0/b/wt-foundation-production.appspot.com/o/measurements%2FMeasureMethod.ADM_FIXED_PCT%2FheightPhoto%2F1777661290457?alt=media&token=b4ebca95-2e65-43df-8ef5-eb5dcdb53827 | AF2: QOjHNpx34kv12ntZNUYx
A3: 2026_05_01 18:49:41 | B3: 0.11198821 | C3: {=SQRT(SUMPRODUCT((($P$2:$P$1036='Footprint Trees'!Q:QV2)*($Q$2:$Q$1036=W2))*($B$2:$B$1036)^2))} -> #NAME? | D3: 1.2933545 | E3: 0.122 | F3: 1.3 | G3: 35.310829 | H3: -120.66289 | K3: GNNIaIPthVQKUTVjjbAekjaxeHo1 | M3: iPhone13,3 | N3: 2.5.0 | O3: 10 | P3: 1 | Q3: 1 | R3: 2 | S3: 1 | V3: tree 2 stem 2 | W3: W25 inventory | X3: weeping bottlebrush | Y3: Callistemon viminalis | Z3: https://firebasestorage.googleapis.com/v0/b/wt-foundation-production.appspot.com/o/measurements%2FMeasureMethod.ADM_FIXED_PCT%2FdbhPhoto%2F1777661391152?alt=media&token=c3558e55-ff89-4fc8-99f9-ca71d0556998 | AA3: https://firebasestorage.googleapis.com/v0/b/wt-foundation-production.appspot.com/o/measurements%2FMeasureMethod.ADM_FIXED_PCT%2FheightPhoto%2F1777661381410?alt=media&token=3c847b7a-5858-40ac-8325-728586e68bfa | AF3: 59ib3pLODPtZI653mZoz
A4: 2026_05_01 18:54:05 | B4: 0.052926416 | C4: ADM Fixed Percent | D4: 1.292734 | E4: 0.057 | F4: 1.3 | G4: 35.310811 | H4: -120.6629 | K4: GNNIaIPthVQKUTVjjbAekjaxeHo1 | M4: iPhone13,3 | N4: 2.5.0 | O4: 10 | P4: 1 | Q4: 1 | R4: 3 | S4: 1 | V4: tree 2 stem 3 | W4: W25 inventory | X4: weeping bottlebrush | Y4: Callistemon viminalis | Z4: https://firebasestorage.googleapis.com/v0/b/wt-foundation-production.appspot.com/o/measurements%2FMeasureMethod.ADM_FIXED_PCT%2FdbhPhoto%2F1777661653256?alt=media&token=bb016a6c-3490-4cc7-a93e-2a70ef62a37b | AA4: https://firebasestorage.googleapis.com/v0/b/wt-foundation-production.appspot.com/o/measurements%2FMeasureMethod.ADM_FIXED_PCT%2FheightPhoto%2F1777661646197?alt=media&token=bd5bcb27-1762-4854-b594-a99d1e9fc935 | AF4: SFVjfO9QsYxMhghJzfc3
A5: 2026_05_01 18:56:21 | B5: 0.099103543 | C5: ADM Fixed Percent | D5: 1.2329431 | E5: 0.112 | F5: 1.3 | G5: 35.310846 | H5: -120.66289 | K5: GNNIaIPthVQKUTVjjbAekjaxeHo1 | M5: iPhone13,3 | N5: 2.5.0 | O5: 10 | P5: 1 | Q5: 1 | R5: 4 | S5: 1 | V5: tree 2 stem 4 | W5: W25 inventory | X5: weeping bottlebrush | Y5: Callistemon viminalis | Z5: https://firebasestorage.googleapis.com/v0/b/wt-foundation-production.appspot.com/o/measurements%2FMeasureMethod.ADM_FIXED_PCT%2FdbhPhoto%2F1777661793021?alt=media&token=14ef2caf-d682-4d95-bd8e-0e4ee67c3ef2 | AA5: https://firebasestorage.googleapis.com/v0/b/wt-foundation-production.appspot.com/o/measurements%2FMeasureMethod.ADM_FIXED_PCT%2FheightPhoto%2F1777661782039?alt=media&token=84b9beca-7199-485b-a109-46aac9087233 | AF5: mPYcbwO6DF607ObDNPML
A6: 2026_05_01 18:57:34 | B6: 0.095790288 | C6: ADM Fixed Percent | D6: 0.92759711 | E6: 0.109 | F6: 1.3 | G6: 35.310876 | H6: -120.66294 | K6: GNNIaIPthVQKUTVjjbAekjaxeHo1 | M6: iPhone13,3 | N6: 2.5.0 | O6: 10 | P6: 1 | Q6: 1 | R6: 5 | S6: 1 | V6: tree 2 stem5 | W6: W25 inventory | X6: weeping bottlebrush | Y6: Callistemon viminalis | Z6: https://firebasestorage.googleapis.com/v0/b/wt-foundation-production.appspot.com/o/measurements%2FMeasureMethod.ADM_FIXED_PCT%2FdbhPhoto%2F1777661861627?alt=media&token=99a05685-049d-4ad5-afad-0f198820a8f5 | AA6: https://firebasestorage.googleapis.com/v0/b/wt-foundation-production.appspot.com/o/measurements%2FMeasureMethod.ADM_FIXED_PCT%2FheightPhoto%2F1777661854488?alt=media&token=89cd7e5b-a286-437c-b48c-9b26ac25bb2b | AF6: hsqq3cPqmvEgE4pbhyDQ
A7: 2026_05_01 18:59:57 | B7: 0.084025712 | C7: ADM Fixed Percent | D7: 1.1133282 | E7: 0.088 | F7: 1.3 | G7: 35.310847 | H7: -120.66281 | K7: GNNIaIPthVQKUTVjjbAekjaxeHo1 | M7: iPhone13,3 | N7: 2.5.0 | O7: 10 | P7: 1 | Q7: 1 | R7: 6 | S7: 1 | V7: tree 2 stem 6 | W7: W25 inventory | X7: weeping bottlebrush | Y7: Callistemon viminalis | Z7: https://firebasestorage.googleapis.com/v0/b/wt-foundation-production.appspot.com/o/measurements%2FMeasureMethod.ADM_FIXED_PCT%2FdbhPhoto%2F1777662011072?alt=media&token=006cee0b-f419-4857-82bb-34fb5adb4aa6 | AA7: https://firebasestorage.googleapis.com/v0/b/wt-foundation-production.appspot.com/o/measurements%2FMeasureMethod.ADM_FIXED_PCT%2FheightPhoto%2F1777661998171?alt=media&token=ca3d5ddf-152b-4dfd-ac10-a7a05c1d08ee | AF7: pQlIvRwi8ADn8dW2lRon
A8: 2026_05_01 19:01:28 | B8: 0.10295464 | C8: ADM Fixed Percent | D8: 1.1891085 | E8: 0.105 | F8: 1.3 | G8: 35.31087 | H8: -120.66283 | K8: GNNIaIPthVQKUTVjjbAekjaxeHo1 | M8: iPhone13,3 | N8: 2.5.0 | O8: 10 | P8: 1 | Q8: 1 | R8: 7 | S8: 1 | V8: tree 2 stem 7 | W8: W25 inventory | X8: weeping bottlebrush | Y8: Callistemon viminalis | Z8: https://firebasestorage.googleapis.com/v0/b/wt-foundation-production.appspot.com/o/measurements%2FMeasureMethod.ADM_FIXED_PCT%2FdbhPhoto%2F1777662095644?alt=media&token=a17d7455-01ef-4f3d-a054-ef4b36f8eac5 | AA8: https://firebasestorage.googleapis.com/v0/b/wt-foundation-production.appspot.com/o/measurements%2FMeasureMethod.ADM_FIXED_PCT%2FheightPhoto%2F1777662088609?alt=media&token=0ba8bbdb-1454-4a6a-bc37-87701de0d5eb | AF8: 45m7RkG5D8ddtTfCiz3m
A9: 2026_05_01 19:07:30 | B9: 0.17142462 | C9: ADM Fixed Percent | D9: 10.652451 | E9: 0.167 | F9: 10 | G9: 35.310863 | H9: -120.66291 | I9: 35.310888 | J9: -120.66284 | K9: GNNIaIPthVQKUTVjjbAekjaxeHo1 | M9: iPhone13,3 | N9: 2.5.0 | O9: 11 | P9: 2 | Q9: 1 | R9: 1 | S9: 1 | T9: y | V9: tree3 | W9: W25 inventory | X9: punk tree / broad-leafed paperbark | Y9: Melaleuca quinquenervia | Z9: https://firebasestorage.googleapis.com/v0/b/wt-foundation-production.appspot.com/o/measurements%2FMeasureMethod.ADM_FIXED_PCT%2FdbhPhoto%2F1777662461728?alt=media&token=f97f008d-a028-486d-8b03-aee3483d2f3d | AA9: https://firebasestorage.googleapis.com/v0/b/wt-foundation-production.appspot.com/o/measurements%2FMeasureMethod.ADM_FIXED_PCT%2FheightPhoto%2F1777662451138?alt=media&token=2aeaef18-fc62-4515-9cbf-2d3fe497067a | AF9: t1APWlbm0fOrwao3cGuo
A10: 2026_05_01 19:14:01 | B10: 0.3206558 | C10: ADM Fixed Percent | D10: 13.21403 | E10: 0.328 | F10: 13.7 | G10: 35.310843 | H10: -120.66281 | I10: 35.310843 | J10: -120.66281 | K10: GNNIaIPthVQKUTVjjbAekjaxeHo1 | M10: iPhone13,3 | N10: 2.5.0 | O10: 11 | P10: 2 | Q10: 2 | R10: 1 | S10: 1 | T10: y | V10: tree4 | W10: W25 inventory | X10: punk tree / broad-leafed paperbark | Y10: Melaleuca quinquenervia | Z10: https://firebasestorage.googleapis.com/v0/b/wt-foundation-production.appspot.com/o/measurements%2FMeasureMethod.ADM_FIXED_PCT%2FdbhPhoto%2F1777662874895?alt=media&token=cdd66639-f24e-4126-afbc-cd155921b7c8 | AA10: https://firebasestorage.googleapis.com/v0/b/wt-foundation-production.appspot.com/o/measurements%2FMeasureMethod.ADM_FIXED_PCT%2FheightPhoto%2F1777662841437?alt=media&token=3168d94c-994e-4de0-a33d-0e157f15f4c2 | AF10: H8LD7fhNszdNkwPLnMnC
A11: 2026_05_01 19:21:07 | B11: 0.55698177 | C11: ADM Fixed Percent | D11: 10.594743 | E11: 0.65 | F11: 11.5 | G11: 35.310787 | H11: -120.66286 | I11: 35.310759 | J11: -120.66281 | K11: GNNIaIPthVQKUTVjjbAekjaxeHo1 | M11: iPhone13,3 | N11: 2.5.0 | O11: 12 | P11: 3 | Q11: 1 | R11: 2 | S11: 1 | T11: y | V11: tree 1 stem 2 actual | W11: W25 inventory | X11: Australian coral tree | Y11: Erythrina × sykesii | Z11: https://firebasestorage.googleapis.com/v0/b/wt-foundation-production.appspot.com/o/measurements%2FMeasureMethod.ADM_FIXED_PCT%2FdbhPhoto%2F1777663286522?alt=media&token=c16d2057-a580-4367-a653-a28797e1a1e3 | AA11: https://firebasestorage.googleapis.com/v0/b/wt-foundation-production.appspot.com/o/measurements%2FMeasureMethod.ADM_FIXED_PCT%2FheightPhoto%2F1777663267476?alt=media&token=12f14930-4aee-4dcc-9840-fe0936f0c160 | AF11: pDg7TLrvMN8a9gMFoGr7
A12: 2026_05_01 19:24:33 | B12: 0.59010245 | C12: ADM Fixed Percent | D12: 13.192575 | E12: 0.73 | F12: 13.3 | G12: 35.3108 | H12: -120.66284 | K12: GNNIaIPthVQKUTVjjbAekjaxeHo1 | M12: iPhone13,3 | N12: 2.5.0 | O12: 12 | P12: 3 | Q12: 1 | R12: 1 | S12: 1 | T12: y | V12: tree 1 stem 1 actual | W12: W25 inventory | Y12: Erythrina × sykesii | Z12: https://firebasestorage.googleapis.com/v0/b/wt-foundation-production.appspot.com/o/measurements%2FMeasureMethod.ADM_FIXED_PCT%2FdbhPhoto%2F1777663481541?alt=media&token=edd3ae3b-1aa7-47d3-af3a-a88becd9c367 | AA12: https://firebasestorage.googleapis.com/v0/b/wt-foundation-production.appspot.com/o/measurements%2FMeasureMethod.ADM_FIXED_PCT%2FheightPhoto%2F1777663473731?alt=media&token=e0517204-00cb-4eb7-a63f-5c3aff85c72b | AF12: upnP4p2r94mWOHkjRfrQ
A13: 2026_05_01 19:36:02 | B13: 0.084026725 | C13: ADM Fixed Percent | D13: 14.365968 | E13: 0.357 | F13: 13.9 | G13: 35.310842 | H13: -120.66265 | I13: 35.310785 | J13: -120.66266 | K13: GNNIaIPthVQKUTVjjbAekjaxeHo1 | M13: iPhone13,3 | N13: 2.5.0 | O13: 13 | P13: 4 | Q13: 1 | R13: 1 | S13: 1 | T13: y | V13: tree5 | W13: W25 inventory | X13: dawn redwood | Y13: Metasequoia glyptostroboides | Z13: https://firebasestorage.googleapis.com/v0/b/wt-foundation-production.appspot.com/o/measurements%2FMeasureMethod.ADM_FIXED_PCT%2FdbhPhoto%2F1777664172730?alt=media&token=7823d1da-b5e7-4aee-b193-1023c1cc8b07 | AA13: https://firebasestorage.googleapis.com/v0/b/wt-foundation-production.appspot.com/o/measurements%2FMeasureMethod.ADM_FIXED_PCT%2FheightPhoto%2F1777664172727?alt=media&token=bce67835-0e21-4734-82ae-b666fde87630 | AF13: AdGPW6fJNat70L25d0VG
A14: 2026_05_01 19:45:41 | B14: 0.32580039 | C14: ADM Fixed Percent | D14: 11.096119 | E14: 0.331 | F14: 10.5 | G14: 35.31091 | H14: -120.66265 | I14: 35.310876 | J14: -120.66271 | K14: GNNIaIPthVQKUTVjjbAekjaxeHo1 | M14: iPhone13,3 | N14: 2.5.0 | O14: 1 | P14: 5 | Q14: 1 | R14: 1 | S14: 1 | T14: y | V14: tree6 | W14: W25 inventory | X14: coast redwood | Y14: Sequoia sempervirens | Z14: https://firebasestorage.googleapis.com/v0/b/wt-foundation-production.appspot.com/o/measurements%2FMeasureMethod.ADM_FIXED_PCT%2FdbhPhoto%2F1777664754270?alt=media&token=f8de0272-7b7d-48ba-8cb8-59f0406e23b9 | AA14: https://firebasestorage.googleapis.com/v0/b/wt-foundation-production.appspot.com/o/measurements%2FMeasureMethod.ADM_FIXED_PCT%2FheightPhoto%2F1777664741672?alt=media&token=783e30f1-0d99-41e4-95ee-1434a8d4c0b6 | AF14: dhHXCufR5qh6c0P0pnB5
A15: 2026_06_18 16:58:07 | B15: 0.954154 | C15: ADM Fixed Percent | D15: 20.15184 | E15: 0.98 | F15: 19.5 | G15: 35.3109 | H15: -120.663 | I15: 35.310902 | J15: -120.66269 | K15: GNNIaIPthVQKUTVjjbAekjaxeHo1 | M15: iPhone13,3 | N15: 2.6.1 | O15: 1 | P15: 5 | Q15: 2 | R15: 1 | S15: 1 | T15: y | V15: tree 7 big redwood outside of radius | W15: W25 inventory | X15: coast redwood | Y15: Sequoia sempervirens | Z15: https://firebasestorage.googleapis.com/v0/b/wt-foundation-production.appspot.com/o/measurements%2FMeasureMethod.ADM_FIXED_PCT%2FdbhPhoto%2F1781838087715?alt=media&token=078f12dd-b707-4dda-bb15-fe739c2545ae | AA15: https://firebasestorage.googleapis.com/v0/b/wt-foundation-production.appspot.com/o/measurements%2FMeasureMethod.ADM_FIXED_PCT%2FheightPhoto%2F1781838085111?alt=media&token=4bf2f986-467c-461c-b779-692256a89fee | AE15: 4kuGNGMWqMERQyuM1Zjp | AF15: NbxDYOlRmSMoLJh2A2rR
A16: 2026_06_18 18:10:49 | B16: 0.173438 | C16: ADM Fixed Percent | D16: 5.420517 | E16: 0.201 | F16: 5.2 | G16: 35.31067 | H16: -120.663 | I16: 35.310724 | J16: -120.66286 | K16: GNNIaIPthVQKUTVjjbAekjaxeHo1 | M16: iPhone13,3 | N16: 2.6.1 | P16: 6 | Q16: 1 | R16: 1 | S16: 1 | V16: tree 1 stem 1 | W16: W25 inventory | X16: crimson bottlebrush | Y16: callistemon citrinus | Z16: https://firebasestorage.googleapis.com/v0/b/wt-foundation-production.appspot.com/o/measurements%2FMeasureMethod.ADM_FIXED_PCT%2FdbhPhoto%2F1781838116119?alt=media&token=ec9b0285-bff8-4df6-a1bb-8e6653f6def4 | AA16: https://firebasestorage.googleapis.com/v0/b/wt-foundation-production.appspot.com/o/measurements%2FMeasureMethod.ADM_FIXED_PCT%2FheightPhoto%2F1781838090373?alt=media&token=dfb04177-ee44-418a-b051-0f3ad1869251 | AF16: Fo2wuAKNXnD4rKRiR6o7
A17: 2026_05_29 18:54:18 | B17: 0.197561 | C17: ADM Fixed Percent | D17: 1.255855 | E17: 0.157 | F17: 1.3 | G17: 35.31074 | H17: -120.663 | K17: GNNIaIPthVQKUTVjjbAekjaxeHo1 | M17: iPhone13,3 | N17: 2.5.0 | P17: 6 | Q17: 1 | R17: 2 | S17: 1 | V17: tree 1 stem 2 | W17: W25 inventory | X17: lemon bottlebrush | Y17: callistemon citrinus | Z17: https://firebasestorage.googleapis.com/v0/b/wt-foundation-production.appspot.com/o/measurements%2FMeasureMethod.ADM_FIXED_PCT%2FdbhPhoto%2F1781723864974?alt=media&token=d87f2385-ecad-4d4a-9a23-d1f67e7497c5 | AA17: https://firebasestorage.googleapis.com/v0/b/wt-foundation-production.appspot.com/o/measurements%2FMeasureMethod.ADM_FIXED_PCT%2FheightPhoto%2F1781723855129?alt=media&token=e1621e56-ce47-4dba-8baa-9b355596b874 | AE17: SICXlhtBVWDzdMwXqe3y
A18: 2026_05_29 18:55:35 | B18: 0.284856 | C18: ADM Fixed Percent | D18: 1.30881 | E18: 0.186 | F18: 1.3 | G18: 35.31074 | H18: -120.663 | K18: GNNIaIPthVQKUTVjjbAekjaxeHo1 | M18: iPhone13,3 | N18: 2.5.0 | P18: 6 | Q18: 1 | R18: 3 | S18: 1 | V18: tree 1 stem 3 | W18: W25 inventory | X18: lemon bottlebrush | Y18: callistemon citrinus | Z18: https://firebasestorage.googleapis.com/v0/b/wt-foundation-production.appspot.com/o/measurements%2FMeasureMethod.ADM_FIXED_PCT%2FdbhPhoto%2F1781723869462?alt=media&token=c744b31d-d504-41fc-94f1-d26925532686 | AA18: https://firebasestorage.googleapis.com/v0/b/wt-foundation-production.appspot.com/o/measurements%2FMeasureMethod.ADM_FIXED_PCT%2FheightPhoto%2F1781723868250?alt=media&token=ececf927-4773-4012-9698-5ec793bcb485 | AE18: VxbpiFPi03j54wdRC3n0
A19: 2026_05_29 18:57:22 | B19: 0.114286 | C19: ADM Fixed Percent | D19: 2.003217 | E19: 0.116 | F19: 1.3 | G19: 35.31074 | H19: -120.663 | K19: GNNIaIPthVQKUTVjjbAekjaxeHo1 | M19: iPhone13,3 | N19: 2.5.0 | P19: 6 | Q19: 1 | R19: 4 | S19: 1 | V19: tree 1 stem 4 | W19: W25 inventory | X19: lemon bottlebrush | Y19: callistemon citrinus | Z19: https://firebasestorage.googleapis.com/v0/b/wt-foundation-production.appspot.com/o/measurements%2FMeasureMethod.ADM_FIXED_PCT%2FdbhPhoto%2F1781723871543?alt=media&token=7324d6de-8b33-414a-9ae0-50ca63434651 | AA19: https://firebasestorage.googleapis.com/v0/b/wt-foundation-production.appspot.com/o/measurements%2FMeasureMethod.ADM_FIXED_PCT%2FheightPhoto%2F1781723870255?alt=media&token=6093c2df-7a66-44f7-8028-1290e1aaf075 | AE19: DL74Y095Sv1NsiTANDQ2
A20: 2026_05_29 19:00:02 | B20: 0.17032 | C20: ADM Fixed Percent | D20: 1.259542 | E20: 0.1465 | F20: 1.3 | G20: 35.31073 | H20: -120.663 | K20: GNNIaIPthVQKUTVjjbAekjaxeHo1 | M20: iPhone13,3 | N20: 2.5.0 | P20: 6 | Q20: 1 | R20: 5 | S20: 1 | V20: tree 1 stem 5 | W20: W25 inventory | X20: lemon bottlebrush | Y20: callistemon citrinus | Z20: https://firebasestorage.googleapis.com/v0/b/wt-foundation-production.appspot.com/o/measurements%2FMeasureMethod.ADM_FIXED_PCT%2FdbhPhoto%2F1781723873542?alt=media&token=2cafb71e-3b84-42eb-ba42-77f8c5c35af9 | AA20: https://firebasestorage.googleapis.com/v0/b/wt-foundation-production.appspot.com/o/measurements%2FMeasureMethod.ADM_FIXED_PCT%2FheightPhoto%2F1781723872805?alt=media&token=ac5f89e6-0277-486f-bab8-b436ed2bff6a | AE20: DeObPws4gwnPO3gYUZCO
A21: 2026_05_29 19:04:56 | B21: 0.075853 | C21: ADM Fixed Percent | D21: 9.577039 | E21: 0.062 | F21: 8.2 | G21: 35.31089 | H21: -120.663 | I21: 35.310848 | J21: -120.66289 | K21: GNNIaIPthVQKUTVjjbAekjaxeHo1 | M21: iPhone13,3 | N21: 2.5.0 | P21: 7 | Q21: 1 | R21: 1 | S21: 1 | V21: tree 2 1 stem | W21: W25 inventory | X21: acacia | Y21: Acacia boormanii | Z21: https://firebasestorage.googleapis.com/v0/b/wt-foundation-production.appspot.com/o/measurements%2FMeasureMethod.ADM_FIXED_PCT%2FdbhPhoto%2F1781723875646?alt=media&token=05a5401f-c871-4ed7-9d8b-282af40b2817 | AA21: https://firebasestorage.googleapis.com/v0/b/wt-foundation-production.appspot.com/o/measurements%2FMeasureMethod.ADM_FIXED_PCT%2FheightPhoto%2F1781723874608?alt=media&token=be6abef2-274e-42c4-805b-b3109bc006b4 | AE21: XvBKXuVbOHc4WD3Cu2I7
A22: 2026_05_29 19:11:31 | B22: 0.106418 | C22: ADM Fixed Percent | D22: 8.892515 | E22: 0.114 | F22: 8.2 | G22: 35.3109 | H22: -120.663 | I22: 35.310877 | J22: -120.66287 | K22: GNNIaIPthVQKUTVjjbAekjaxeHo1 | M22: iPhone13,3 | N22: 2.5.0 | P22: 1 | Q22: 2 | R22: 1 | S22: 1 | V22: tree 3 stem 1 | W22: W25 inventory | X22: weeping bottlebrush | Y22: Callistemon viminalis | Z22: https://firebasestorage.googleapis.com/v0/b/wt-foundation-production.appspot.com/o/measurements%2FMeasureMethod.ADM_FIXED_PCT%2FdbhPhoto%2F1781723877603?alt=media&token=491bda0d-2c08-4a25-adb8-af9a7f1cedbb | AA22: https://firebasestorage.googleapis.com/v0/b/wt-foundation-production.appspot.com/o/measurements%2FMeasureMethod.ADM_FIXED_PCT%2FheightPhoto%2F1781723876658?alt=media&token=45ad1a83-df99-46a8-bec6-a449e5694b08 | AE22: 1tsU4YBkPtnZqmd7Q3TD
A23: 2026_05_29 19:12:55 | B23: 0.087108 | C23: ADM Fixed Percent | D23: 1.277599 | E23: 0.0955 | F23: 1.3 | G23: 35.3109 | H23: -120.663 | K23: GNNIaIPthVQKUTVjjbAekjaxeHo1 | M23: iPhone13,3 | N23: 2.5.0 | P23: 1 | Q23: 2 | R23: 2 | S23: 1 | V23: tree 3 stem 2 | W23: W25 inventory | X23: weeping bottlebrush | Y23: Callistemon viminalis | Z23: https://firebasestorage.googleapis.com/v0/b/wt-foundation-production.appspot.com/o/measurements%2FMeasureMethod.ADM_FIXED_PCT%2FdbhPhoto%2F1781723879487?alt=media&token=a5c85681-6892-4f4e-9443-cf6c16138683 | AA23: https://firebasestorage.googleapis.com/v0/b/wt-foundation-production.appspot.com/o/measurements%2FMeasureMethod.ADM_FIXED_PCT%2FheightPhoto%2F1781723878567?alt=media&token=1ff6fd1a-406d-4800-9cad-51d4d884f611 | AE23: D7qfiuoiK6pydLdvKVrY
A24: 2026_05_29 19:14:31 | B24: 0.052253 | C24: ADM Fixed Percent | D24: 1.289766 | E24: 0.055 | F24: 1.3 | G24: 35.31091 | H24: -120.663 | K24: GNNIaIPthVQKUTVjjbAekjaxeHo1 | M24: iPhone13,3 | N24: 2.5.0 | P24: 1 | Q24: 2 | R24: 3 | S24: 1 | V24: tree 3 stem 3 | W24: W25 inventory | X24: weeping bottlebrush | Y24: Callistemon viminalis | Z24: https://firebasestorage.googleapis.com/v0/b/wt-foundation-production.appspot.com/o/measurements%2FMeasureMethod.ADM_FIXED_PCT%2FdbhPhoto%2F1781723880950?alt=media&token=071339bd-d90a-4521-b3db-9efe2fc0dc51 | AA24: https://firebasestorage.googleapis.com/v0/b/wt-foundation-production.appspot.com/o/measurements%2FMeasureMethod.ADM_FIXED_PCT%2FheightPhoto%2F1781723880608?alt=media&token=eff794bf-a308-4e91-82f5-f2c78a47b238 | AE24: i30LJY7TdEMu8XUbgJYa
A25: 2026_05_29 19:19:57 | B25: 0.098659 | C25: ADM Fixed Percent | D25: 4.456283 | E25: 0.1005 | F25: 4.1 | G25: 35.31092 | H25: -120.663 | I25: 35.310911 | J25: -120.66284 | K25: GNNIaIPthVQKUTVjjbAekjaxeHo1 | M25: iPhone13,3 | N25: 2.5.0 | P25: 8 | Q25: 1 | R25: 1 | S25: 1 | V25: tree 4 1 stem | W25: W25 inventory | X25: bunya bunya | Y25: Araucaria bidwillii | Z25: https://firebasestorage.googleapis.com/v0/b/wt-foundation-production.appspot.com/o/measurements%2FMeasureMethod.ADM_FIXED_PCT%2FdbhPhoto%2F1781723883089?alt=media&token=fc8925b0-e2f7-436a-b4f7-6226ad10a972 | AA25: https://firebasestorage.googleapis.com/v0/b/wt-foundation-production.appspot.com/o/measurements%2FMeasureMethod.ADM_FIXED_PCT%2FheightPhoto%2F1781723881967?alt=media&token=e3f3be12-897d-4bb7-9a14-a19e14557def | AE25: 2TuyWuCuwk4xU80lpTXv
A26: 2026_05_29 19:24:47 | B26: 0.032521 | C26: ADM Fixed Percent | D26: 4.166471 | E26: 0.095 | F26: 4.2 | G26: 35.31092 | H26: -120.663 | I26: 35.310883 | J26: -120.66281 | K26: GNNIaIPthVQKUTVjjbAekjaxeHo1 | M26: iPhone13,3 | N26: 2.5.0 | P26: 8 | Q26: 2 | R26: 1 | S26: 1 | V26: tree 5 1 stem | W26: W25 inventory | X26: bunya bunya | Y26: Araucaria bidwillii | Z26: https://firebasestorage.googleapis.com/v0/b/wt-foundation-production.appspot.com/o/measurements%2FMeasureMethod.ADM_FIXED_PCT%2FdbhPhoto%2F1781723886398?alt=media&token=0fc6db81-1de6-4148-949f-11b542db2286 | AA26: https://firebasestorage.googleapis.com/v0/b/wt-foundation-production.appspot.com/o/measurements%2FMeasureMethod.ADM_FIXED_PCT%2FheightPhoto%2F1781723885387?alt=media&token=152f4fa8-7e92-4526-a6b3-f0a923f65426 | AE26: kGwJd7P3TFNqOKPSuAJG
A27: 2026_05_29 19:28:46 | B27: 0.183516 | C27: ADM Fixed Percent | D27: 12.53917 | E27: 0.195 | F27: 11.3 | G27: 35.3109 | H27: -120.663 | I27: 35.310864 | J27: -120.66281 | K27: GNNIaIPthVQKUTVjjbAekjaxeHo1 | M27: iPhone13,3 | N27: 2.5.0 | P27: 9 | Q27: 1 | R27: 1 | S27: 1 | V27: tree 6 stem 1 | W27: W25 inventory | X27: white bottlebrush | Y27: Banksia integrifolia | Z27: https://firebasestorage.googleapis.com/v0/b/wt-foundation-production.appspot.com/o/measurements%2FMeasureMethod.ADM_FIXED_PCT%2FdbhPhoto%2F1781723888018?alt=media&token=1f553501-c091-40be-a3f8-8601df7a882a | AA27: https://firebasestorage.googleapis.com/v0/b/wt-foundation-production.appspot.com/o/measurements%2FMeasureMethod.ADM_FIXED_PCT%2FheightPhoto%2F1781723886721?alt=media&token=434746d1-42a9-46bf-9e25-6f5061f53c50 | AE27: xp4Fjl3jznUsqm7mH99I
A28: 2026_05_29 19:29:45 | B28: 0.07936 | C28: ADM Fixed Percent | D28: 1.255023 | E28: 0.084 | F28: 1.3 | G28: 35.31091 | H28: -120.663 | K28: GNNIaIPthVQKUTVjjbAekjaxeHo1 | M28: iPhone13,3 | N28: 2.5.0 | P28: 9 | Q28: 1 | R28: 2 | S28: 1 | V28: tree 6 stem 2 | W28: W25 inventory | X28: white bottlebrush | Y28: Banksia integrifolia | Z28: https://firebasestorage.googleapis.com/v0/b/wt-foundation-production.appspot.com/o/measurements%2FMeasureMethod.ADM_FIXED_PCT%2FdbhPhoto%2F1781723889280?alt=media&token=6f008db5-d1a7-4dd5-bdcd-0c592a295b8d | AA28: https://firebasestorage.googleapis.com/v0/b/wt-foundation-production.appspot.com/o/measurements%2FMeasureMethod.ADM_FIXED_PCT%2FheightPhoto%2F1781723888737?alt=media&token=218813eb-2f76-4f88-a02c-be33ebaf3236 | AE28: shrxRbzNn837lyRZmRNc
A29: 2026_05_29 19:34:57 | B29: 0.177612 | C29: ADM Fixed Percent | D29: 8.486998 | E29: 0.149 | F29: 8.3 | G29: 35.31088 | H29: -120.663 | I29: 35.310831 | J29: -120.66278 | K29: GNNIaIPthVQKUTVjjbAekjaxeHo1 | M29: iPhone13,3 | N29: 2.5.0 | P29: 2 | Q29: 3 | R29: 1 | S29: 1 | V29: tree 7 1 stem visually looks closer to 11, based on surrounding trees | W29: W25 inventory | X29: punk tree / broad-leafed paperbark | Y29: Melaleuca quinquenervia | Z29: https://firebasestorage.googleapis.com/v0/b/wt-foundation-production.appspot.com/o/measurements%2FMeasureMethod.ADM_FIXED_PCT%2FdbhPhoto%2F1781723891141?alt=media&token=63b1e328-d6aa-4fea-a01b-ba3ae3ec2628 | AA29: https://firebasestorage.googleapis.com/v0/b/wt-foundation-production.appspot.com/o/measurements%2FMeasureMethod.ADM_FIXED_PCT%2FheightPhoto%2F1781723890422?alt=media&token=574e0a64-4f39-4745-90cb-f94421339551 | AE29: AoDiQcheJKmua31BOQ6J
A30: 2026_05_29 19:47:26 | B30: 0.086301 | C30: ADM Fixed Percent | D30: 6.615134 | E30: 0.104 | F30: 6.2 | G30: 35.31089 | H30: -120.663 | I30: 35.31086 | J30: -120.66271 | K30: GNNIaIPthVQKUTVjjbAekjaxeHo1 | M30: iPhone13,3 | N30: 2.5.0 | P30: 10 | Q30: 1 | R30: 1 | S30: 1 | V30: tree 8 1 stem | W30: W25 inventory | X30: bald cypress | Y30: Taxodium distichum | Z30: https://firebasestorage.googleapis.com/v0/b/wt-foundation-production.appspot.com/o/measurements%2FMeasureMethod.ADM_FIXED_PCT%2FdbhPhoto%2F1781723892773?alt=media&token=c7f0e7fc-2528-4273-a4da-d2dcd82d07e8 | AA30: https://firebasestorage.googleapis.com/v0/b/wt-foundation-production.appspot.com/o/measurements%2FMeasureMethod.ADM_FIXED_PCT%2FheightPhoto%2F1781723891761?alt=media&token=63d7ca61-ad84-48d2-8526-6f60d82e4f01 | AE30: af4qwmpbHFu3E0ZfWoD6
A31: 2026_05_29 19:58:45 | B31: 0.313794 | C31: ADM Fixed Percent | D31: 10.37057 | E31: 0.337 | F31: 10.5 | G31: 35.31092 | H31: -120.663 | I31: 35.310886 | J31: -120.66273 | K31: GNNIaIPthVQKUTVjjbAekjaxeHo1 | M31: iPhone13,3 | N31: 2.5.0 | P31: 5 | Q31: 3 | R31: 1 | S31: 1 | V31: tree 9 1 stem | W31: W25 inventory | X31: coast redwood | Y31: Sequoia sempervirens | Z31: https://firebasestorage.googleapis.com/v0/b/wt-foundation-production.appspot.com/o/measurements%2FMeasureMethod.ADM_FIXED_PCT%2FdbhPhoto%2F1781723895541?alt=media&token=50ab7f32-1a9a-4845-a06d-a4c98d454dbd | AA31: https://firebasestorage.googleapis.com/v0/b/wt-foundation-production.appspot.com/o/measurements%2FMeasureMethod.ADM_FIXED_PCT%2FheightPhoto%2F1781723895188?alt=media&token=45931d4e-b423-4707-986f-dd0e6d1923bb | AE31: mDJzBjPZmpj06GIAJuID
A32: 2026_05_29 20:04:24 | B32: 0.266533 | C32: ADM Fixed Percent | D32: 10.90229 | E32: 0.319 | F32: 9.6 | G32: 35.31092 | H32: -120.663 | I32: 35.310906 | J32: -120.66273 | K32: GNNIaIPthVQKUTVjjbAekjaxeHo1 | M32: iPhone13,3 | N32: 2.5.0 | P32: 5 | Q32: 4 | R32: 1 | S32: 1 | V32: tree 10 1stem | W32: W25 inventory | X32: coast redwood | Y32: Sequoia sempervirens | Z32: https://firebasestorage.googleapis.com/v0/b/wt-foundation-production.appspot.com/o/measurements%2FMeasureMethod.ADM_FIXED_PCT%2FdbhPhoto%2F1781723899670?alt=media&token=501a6ead-4a1e-4f09-9697-0db393d4fcc9 | AA32: https://firebasestorage.googleapis.com/v0/b/wt-foundation-production.appspot.com/o/measurements%2FMeasureMethod.ADM_FIXED_PCT%2FheightPhoto%2F1781723898187?alt=media&token=65171f55-5cac-49d5-b890-bf5fcf19e6f7 | AE32: 9qn9p7Yo1hDqjizFevH7
A33: 2026_05_29 20:17:16 | B33: 0.520172 | C33: ADM Fixed Percent | D33: 8.015459 | E33: 0.274 | F33: 7.7 | G33: 35.31095 | H33: -120.663 | I33: 35.310919 | J33: -120.66275 | K33: GNNIaIPthVQKUTVjjbAekjaxeHo1 | M33: iPhone13,3 | N33: 2.5.0 | P33: 5 | Q33: 5 | R33: 1 | S33: 1 | V33: tree 11 stem 1 | W33: W25 inventory | X33: coast redwood | Y33: Sequoia sempervirens | Z33: https://firebasestorage.googleapis.com/v0/b/wt-foundation-production.appspot.com/o/measurements%2FMeasureMethod.ADM_FIXED_PCT%2FdbhPhoto%2F1781723901093?alt=media&token=8750d225-a2ee-48d2-91c4-e25f76b6bb1d | AA33: https://firebasestorage.googleapis.com/v0/b/wt-foundation-production.appspot.com/o/measurements%2FMeasureMethod.ADM_FIXED_PCT%2FheightPhoto%2F1781723900576?alt=media&token=3b0a3787-9870-4af7-88bd-3b8a9576f0ae | AE33: yUsdQpDrpJqcW9Ixnge8
I34: 35.310858 | J34: -120.66292 | P34: 11 | Q34: 1 | R34: 1 | S34: 1 | U34: outlier, unk spec, no GT or WT dat | X34: acacia? | Y34: spec. unk | Z34: https://services1.arcgis.com/0j6vZbECadDEXdAS/arcgis/rest/services/GEDI_Footprint_1_trees/FeatureServer/0/98/attachments/30?token=ao52L_k31BAKY8Blc2HzENw..O9GosqdA_uLMr3_qcHp1IExuwOyNhBhE2kaJtWGrkrfU_7PxE-CbCmoS6xuVQ8-RpV3svAW4k--oZty_ddXwUYMPCXQYgwAfghLlc9_L7Xzjg_09ryHXrxQNlNZbjp4D9tgeMLw3Oz9bVLaj2CcnAHrdsq31S_0-iZNMVbrJPclTNM4CfF_KA8jU1fxI0H34fbwceJYm3yRpywB6NT_lTmaTJyGaYirf7UmC_iVIyMY5ouQtagS0uMPkARx3Hbxm798eN_pLBisiETqbp9SpG-VbtNEXDGcfn0WWTk6DYwYcAw87XMFuBJwDOPJNvaGris9giDDOaf2yM4xQJSR3
A35: 2026_05_08 17:48:04 | B35: 0.50263159 | C35: ADM Fixed Percent | D35: 16.062204 | E35: 0.54 | F35: 15 | G35: 35.310549 | H35: -120.66242 | I35: 35.310525 | J35: -120.66244 | K35: GNNIaIPthVQKUTVjjbAekjaxeHo1 | M35: iPhone13,3 | N35: 2.5.0 | O35: 1 | P35: 5 | Q35: 6 | R35: 1 | S35: 2 | W35: W25 inventory | X35: coast redwood | Y35: Sequoia sempervirens | Z35: https://firebasestorage.googleapis.com/v0/b/wt-foundation-production.appspot.com/o/measurements%2FMeasureMethod.ADM_FIXED_PCT%2FdbhPhoto%2F1778276027634?alt=media&token=ee763374-119c-4174-bef6-543ec39089bd | AA35: https://firebasestorage.googleapis.com/v0/b/wt-foundation-production.appspot.com/o/measurements%2FMeasureMethod.ADM_FIXED_PCT%2FheightPhoto%2F1778276027634?alt=media&token=7fe81402-626d-4fdb-873b-4de7dc22da14 | AF35: qnLPoeh0WW2hsW6Lsonf
A36: 2026_05_08 17:54:49 | B36: 0.39947535 | C36: ADM Fixed Percent | D36: 14.076584 | E36: 0.411 | F36: 13.7 | G36: 35.310552 | H36: -120.66246 | I36: 35.310492 | J36: -120.66248 | K36: GNNIaIPthVQKUTVjjbAekjaxeHo1 | M36: iPhone13,3 | N36: 2.5.0 | O36: 1 | P36: 5 | Q36: 7 | R36: 1 | S36: 2 | W36: W25 inventory | X36: coast redwood | Y36: Sequoia sempervirens | Z36: https://firebasestorage.googleapis.com/v0/b/wt-foundation-production.appspot.com/o/measurements%2FMeasureMethod.ADM_FIXED_PCT%2FdbhPhoto%2F1778276027634?alt=media&token=fdf805e8-e0f9-4f98-9ffc-1486ed832378 | AA36: https://firebasestorage.googleapis.com/v0/b/wt-foundation-production.appspot.com/o/measurements%2FMeasureMethod.ADM_FIXED_PCT%2FheightPhoto%2F1778276027634?alt=media&token=7fe81402-626d-4fdb-873b-4de7dc22da14 | AF36: CaOezlIASRpG5HOmW9wq
A37: 2026_05_08 17:57:53 | B37: 0.29019668 | C37: ADM Fixed Percent | D37: 12.20702 | E37: 0.318 | F37: 12.2 | G37: 35.31049 | H37: -120.6625 | I37: 35.310478 | J37: -120.66255 | K37: GNNIaIPthVQKUTVjjbAekjaxeHo1 | M37: iPhone13,3 | N37: 2.5.0 | O37: 1 | P37: 12 | Q37: 1 | R37: 1 | S37: 2 | W37: W25 inventory | X37: filoli redwood | Y37: sequoia sempervirens 'filoli' | Z37: https://firebasestorage.googleapis.com/v0/b/wt-foundation-production.appspot.com/o/measurements%2FMeasureMethod.ADM_FIXED_PCT%2FdbhPhoto%2F1778276158471?alt=media&token=00eb517e-4db6-49ff-9e95-eaaac4d6b79a | AA37: https://firebasestorage.googleapis.com/v0/b/wt-foundation-production.appspot.com/o/measurements%2FMeasureMethod.ADM_FIXED_PCT%2FheightPhoto%2F1778276153889?alt=media&token=07b49f8d-393e-4ccb-8b45-1693ee65038c | AF37: Cbi60Ghs8Us5sSOePQHy
A38: 2026_05_08 18:03:25 | B38: 0.57481054 | C38: ADM Fixed Percent | D38: 4.4393973 | E38: 0.578 | F38: 4.3 | G38: 35.310598 | H38: -120.6625 | I38: 35.310611 | J38: -120.6625 | K38: GNNIaIPthVQKUTVjjbAekjaxeHo1 | M38: iPhone13,3 | N38: 2.5.0 | O38: 14 | P38: 13 | Q38: 1 | R38: 1 | S38: 2 | W38: W25 inventory | X38: MEXICAN BLUE PALM | Y38: Coccothrinax argentata | Z38: https://firebasestorage.googleapis.com/v0/b/wt-foundation-production.appspot.com/o/measurements%2FMeasureMethod.ADM_FIXED_PCT%2FdbhPhoto%2F1778276203187?alt=media&token=d9dbad09-687a-4eca-baf6-b94764258631 | AA38: https://firebasestorage.googleapis.com/v0/b/wt-foundation-production.appspot.com/o/measurements%2FMeasureMethod.ADM_FIXED_PCT%2FheightPhoto%2F1778276203174?alt=media&token=aa05fd92-f5ac-4f13-9410-64a550cf1651 | AF38: QJ7l6F511I4K8bjNesg9
A39: 2026_05_08 18:10:16 | B39: 0.35967481 | C39: ADM Fixed Percent | D39: 24.813698 | E39: 0.469 | F39: 23.7 | G39: 35.310639 | H39: -120.66247 | I39: 35.310649 | J39: -120.66247 | K39: GNNIaIPthVQKUTVjjbAekjaxeHo1 | M39: iPhone13,3 | N39: 2.5.0 | O39: 15 | P39: 14 | Q39: 1 | R39: 1 | S39: 2 | V39: palm2 | W39: W25 inventory | X39: MEXICAN FAN PALM | Y39: Washingtonia robusta | Z39: https://firebasestorage.googleapis.com/v0/b/wt-foundation-production.appspot.com/o/measurements%2FMeasureMethod.ADM_FIXED_PCT%2FdbhPhoto%2F1778276208933?alt=media&token=e82a7b5c-4644-4835-9bf3-560ad4f68525 | AA39: https://firebasestorage.googleapis.com/v0/b/wt-foundation-production.appspot.com/o/measurements%2FMeasureMethod.ADM_FIXED_PCT%2FheightPhoto%2F1778276205596?alt=media&token=59381756-e50b-49ab-af78-108c4dfd4e27 | AF39: I99abqgSUwfuQQHGZQ9Y
A40: 2026_05_08 18:19:09 | B40: 0.21480228 | C40: ADM Fixed Percent | D40: 6.5767875 | F40: 6.5 | G40: 35.310655 | H40: -120.66243 | I40: 35.310669 | J40: -120.66241 | K40: GNNIaIPthVQKUTVjjbAekjaxeHo1 | M40: iPhone13,3 | N40: 2.5.0 | O40: 16 | P40: 15 | Q40: 1 | R40: 1 | S40: 2 | U40: no DBH / multi-stem, outlier, 21 stems | V40: 6m within footprint, 7m overall, many stemmed giant palm tree on edge of footprint | W40: W25 inventory | X40: GIANT YUCCA | Y40: Yucca gigantea | Z40: https://firebasestorage.googleapis.com/v0/b/wt-foundation-production.appspot.com/o/measurements%2FMeasureMethod.ADM_FIXED_PCT%2FdbhPhoto%2F1778276211201?alt=media&token=7227e301-ff19-481d-aa01-f90bff5eee18 | AA40: https://firebasestorage.googleapis.com/v0/b/wt-foundation-production.appspot.com/o/measurements%2FMeasureMethod.ADM_FIXED_PCT%2FheightPhoto%2F1778276210180?alt=media&token=09045526-47cc-4d53-97f2-04795db84040 | AF40: Cp0c3xmUzTclY2DH2xCl
A41: 2026_05_08 18:23:56 | B41: 0.43879488 | C41: ADM Fixed Percent | D41: 7.6719403 | E41: 0.482 | F41: 7.8 | G41: 35.310621 | H41: -120.6624 | I41: 35.310646 | J41: -120.66242 | K41: GNNIaIPthVQKUTVjjbAekjaxeHo1 | M41: iPhone13,3 | N41: 2.5.0 | O41: 17 | P41: 13 | Q41: 2 | R41: 1 | S41: 2 | V41: palm 4 | W41: W25 inventory | X41: MEXICAN BLUE PALM | Y41: Coccothrinax argentata | Z41: https://firebasestorage.googleapis.com/v0/b/wt-foundation-production.appspot.com/o/measurements%2FMeasureMethod.ADM_FIXED_PCT%2FdbhPhoto%2F1778276213235?alt=media&token=12ddde00-e171-45f8-bda4-4e0c372369c4 | AA41: https://firebasestorage.googleapis.com/v0/b/wt-foundation-production.appspot.com/o/measurements%2FMeasureMethod.ADM_FIXED_PCT%2FheightPhoto%2F1778276212909?alt=media&token=829bc7b5-49d5-4cf3-9a81-3d390023cda9 | AF41: 1VN5awutVTb9pS8GY42N
I42: 35.310596 | J42: -120.66239 | P42: 16 | Q42: 4 | R42: 1 | S42: 2 | U42: no WT or GT info, 4 stems | V42: no species label, for larger skinny stocks next to palm bush? | X42: PYGMY DATE PALM | Y42: Phoenix roebelenii
A43: 2026_03_11 20:39:56 | D43: 6.6830125 | F43: 6.2 | G43: 35.309606 | H43: -120.66294 | I43: 35.31051 | J43: -120.66241 | P43: 5 | Q43: 8 | R43: 1 | S43: 2 | U43: outlier | V43: redwood outlier (caution tape) | X43: redwood | Y43: Sequoia sempervirens
A44: 2026_05_08 18:53:55 | B44: 0.52420286 | C44: ADM Fixed Percent | D44: 13.056458 | E44: 0.556 | F44: 13.1 | G44: 35.310369 | H44: -120.66214 | I44: 35.310362 | J44: -120.66214 | K44: GNNIaIPthVQKUTVjjbAekjaxeHo1 | M44: iPhone13,3 | N44: 2.5.0 | O44: 2 | P44: 17 | Q44: 1 | R44: 1 | S44: 3 | W44: W25 inventory | X44: coastal live oak | Y44: quercus agrifolia | Z44: https://firebasestorage.googleapis.com/v0/b/wt-foundation-production.appspot.com/o/measurements%2FMeasureMethod.ADM_FIXED_PCT%2FdbhPhoto%2F1778276222231?alt=media&token=76de8080-ea71-4923-9ed4-8fd949260d03 | AA44: https://firebasestorage.googleapis.com/v0/b/wt-foundation-production.appspot.com/o/measurements%2FMeasureMethod.ADM_FIXED_PCT%2FheightPhoto%2F1778276220870?alt=media&token=3885a3be-6e74-446f-9a2c-b75fbc96a677 | AF44: Qk3ncyOBpyAhjJxtuSUj
A45: 2026_05_08 18:56:37 | B45: 0.44892277 | C45: ADM Fixed Percent | D45: 15.740144 | E45: 0.437 | F45: 15.2 | G45: 35.310417 | H45: -120.66217 | I45: 35.310404 | J45: -120.66213 | K45: GNNIaIPthVQKUTVjjbAekjaxeHo1 | M45: iPhone13,3 | N45: 2.5.0 | O45: 2 | P45: 17 | Q45: 2 | R45: 1 | S45: 3 | W45: W25 inventory | X45: coastal live oak | Y45: quercus agrifolia | Z45: https://firebasestorage.googleapis.com/v0/b/wt-foundation-production.appspot.com/o/measurements%2FMeasureMethod.ADM_FIXED_PCT%2FdbhPhoto%2F1778276227278?alt=media&token=89565969-b65b-4ef8-afe1-e8f856a7453a | AA45: https://firebasestorage.googleapis.com/v0/b/wt-foundation-production.appspot.com/o/measurements%2FMeasureMethod.ADM_FIXED_PCT%2FheightPhoto%2F1778276224361?alt=media&token=03396310-7bea-4a83-91a7-4ba545d9d245 | AF45: YDkyaZPgWyBW0vVG4gFY
A46: 2026_05_08 19:07:44 | B46: 0.2370532 | C46: ADM Fixed Percent | D46: 13.365461 | E46: 0.256 | F46: 13.5 | G46: 35.310443 | H46: -120.66223 | I46: 35.310383 | J46: -120.66225 | K46: GNNIaIPthVQKUTVjjbAekjaxeHo1 | M46: iPhone13,3 | N46: 2.5.0 | O46: 2 | P46: 17 | Q46: 3 | R46: 1 | S46: 3 | W46: W25 inventory | X46: coastal live oak | Y46: quercus agrifolia | Z46: https://firebasestorage.googleapis.com/v0/b/wt-foundation-production.appspot.com/o/measurements%2FMeasureMethod.ADM_FIXED_PCT%2FdbhPhoto%2F1778276231631?alt=media&token=5e7575ee-a150-4062-af1b-8c6fdcb6eed6 | AA46: https://firebasestorage.googleapis.com/v0/b/wt-foundation-production.appspot.com/o/measurements%2FMeasureMethod.ADM_FIXED_PCT%2FheightPhoto%2F1778276229204?alt=media&token=29eb8298-7cf0-4613-a311-7eff7b457abd | AF46: yDlTcbM5KJ17jDyClzGA
A47: 2026_05_08 19:08:51 | B47: 0.31533927 | C47: ADM Fixed Percent | D47: 1.2902868 | E47: 0.342 | F47: 1.3 | G47: 35.310385 | H47: -120.66221 | K47: GNNIaIPthVQKUTVjjbAekjaxeHo1 | M47: iPhone13,3 | N47: 2.5.0 | O47: 2 | P47: 17 | Q47: 3 | R47: 2 | S47: 3 | V47: tree 3 stem 2 | W47: W25 inventory | X47: coastal live oak | Y47: quercus agrifolia | Z47: https://firebasestorage.googleapis.com/v0/b/wt-foundation-production.appspot.com/o/measurements%2FMeasureMethod.ADM_FIXED_PCT%2FdbhPhoto%2F1778276237270?alt=media&token=7aca114c-24d7-469c-b877-91782437fb0d | AA47: https://firebasestorage.googleapis.com/v0/b/wt-foundation-production.appspot.com/o/measurements%2FMeasureMethod.ADM_FIXED_PCT%2FheightPhoto%2F1778276233811?alt=media&token=fda8322d-420c-492e-80d5-3128f0dc7835 | AF47: aQrWi2zE2dnOVzDp74Df
A48: 2026_05_08 19:09:49 | B48: 0.31939937 | C48: ADM Fixed Percent | D48: 1.2957788 | E48: 0.344 | F48: 1.3 | G48: 35.310391 | H48: -120.66221 | K48: GNNIaIPthVQKUTVjjbAekjaxeHo1 | M48: iPhone13,3 | N48: 2.5.0 | O48: 2 | P48: 17 | Q48: 3 | R48: 3 | S48: 3 | V48: tree 3 stem 3 | W48: W25 inventory | X48: coastal live oak | Y48: quercus agrifolia | Z48: https://firebasestorage.googleapis.com/v0/b/wt-foundation-production.appspot.com/o/measurements%2FMeasureMethod.ADM_FIXED_PCT%2FdbhPhoto%2F1778276241997?alt=media&token=cc9a7371-3347-4b15-bc05-797f0c3225f1 | AA48: https://firebasestorage.googleapis.com/v0/b/wt-foundation-production.appspot.com/o/measurements%2FMeasureMethod.ADM_FIXED_PCT%2FheightPhoto%2F1778276238957?alt=media&token=37f1e9a8-6f9b-4478-b558-2853e2284cbd | AF48: HUovRc8saOvTFS4A1H0y
A49: 2026_05_08 19:10:50 | B49: 0.33941513 | C49: ADM Fixed Percent | D49: 1.2895097 | E49: 0.327 | F49: 1.3 | G49: 35.31041 | H49: -120.66224 | K49: GNNIaIPthVQKUTVjjbAekjaxeHo1 | M49: iPhone13,3 | N49: 2.5.0 | O49: 2 | P49: 17 | Q49: 3 | R49: 4 | S49: 3 | W49: W25 inventory | X49: coastal live oak | Y49: quercus agrifolia | Z49: https://firebasestorage.googleapis.com/v0/b/wt-foundation-production.appspot.com/o/measurements%2FMeasureMethod.ADM_FIXED_PCT%2FdbhPhoto%2F1778276246430?alt=media&token=9f3a0fa4-2651-472f-af85-50456791bde6 | AA49: https://firebasestorage.googleapis.com/v0/b/wt-foundation-production.appspot.com/o/measurements%2FMeasureMethod.ADM_FIXED_PCT%2FheightPhoto%2F1778276243751?alt=media&token=c2f5a237-7990-48e5-aae6-69e1b4e098b3 | AF49: rGefe0xpiwJEuzTMgaDz
A50: 2026_06_17 22:23:39 | B50: 0.059983 | C50: ADM Fixed Percent | D50: 4.824085 | E50: 0.062 | F50: 5.1 | G50: 35.31048 | H50: -120.662 | I50: 35.31049 | J50: -120.66225 | K50: GNNIaIPthVQKUTVjjbAekjaxeHo1 | M50: iPhone13,3 | N50: 2.6.0 | P50: 18 | Q50: 1 | R50: 1 | S50: 3 | V50: 1.1 | W50: W25 inventory | X50: channel island scrub oak | Y50: Quercus pacifica | Z50: https://firebasestorage.googleapis.com/v0/b/wt-foundation-production.appspot.com/o/measurements%2FMeasureMethod.ADM_FIXED_PCT%2FdbhPhoto%2F1781803660211?alt=media&token=f11489ce-0e2b-4c2a-8141-d9eacd666b2a | AA50: https://firebasestorage.googleapis.com/v0/b/wt-foundation-production.appspot.com/o/measurements%2FMeasureMethod.ADM_FIXED_PCT%2FheightPhoto%2F1781803660211?alt=media&token=b101223c-f6a6-468b-b242-cd0a82fb7461 | AF50: qSRZAfoA6dSeEq8fP4vu
A51: 2026_06_17 22:26:37 | B51: 0.052264 | C51: ADM Fixed Percent | D51: 1.25955 | E51: 0.06 | F51: 1.3 | G51: 35.31054 | H51: -120.662 | K51: GNNIaIPthVQKUTVjjbAekjaxeHo1 | M51: iPhone13,3 | N51: 2.6.0 | P51: 18 | Q51: 1 | R51: 2 | S51: 3 | V51: 1.2 | W51: W25 inventory | X51: channel island scrub oak | Y51: Quercus pacifica | Z51: https://firebasestorage.googleapis.com/v0/b/wt-foundation-production.appspot.com/o/measurements%2FMeasureMethod.ADM_FIXED_PCT%2FdbhPhoto%2F1781803662280?alt=media&token=71f543a3-2c28-4815-b8c1-bb106c58b188 | AA51: https://firebasestorage.googleapis.com/v0/b/wt-foundation-production.appspot.com/o/measurements%2FMeasureMethod.ADM_FIXED_PCT%2FheightPhoto%2F1781803660211?alt=media&token=b101223c-f6a6-468b-b242-cd0a82fb7461 | AF51: VZO8oJ475c8GK7cLrhD4
A52: 2026_06_17 22:27:55 | B52: 0.074727 | C52: ADM Fixed Percent | D52: 1.212739 | E52: 0.074 | F52: 1.3 | G52: 35.31054 | H52: -120.662 | K52: GNNIaIPthVQKUTVjjbAekjaxeHo1 | M52: iPhone13,3 | N52: 2.6.0 | P52: 18 | Q52: 1 | R52: 3 | S52: 3 | V52: 1.3 | W52: W25 inventory | X52: channel island scrub oak | Y52: Quercus pacifica | Z52: https://firebasestorage.googleapis.com/v0/b/wt-foundation-production.appspot.com/o/measurements%2FMeasureMethod.ADM_FIXED_PCT%2FdbhPhoto%2F1781803665339?alt=media&token=479e30fa-736a-4a18-9ad6-b8cc5bddc5fb | AA52: https://firebasestorage.googleapis.com/v0/b/wt-foundation-production.appspot.com/o/measurements%2FMeasureMethod.ADM_FIXED_PCT%2FheightPhoto%2F1781803664407?alt=media&token=c3c1a12e-f48d-4d81-b1e1-29e56648cf4e | AF52: EJvi0jtqxvosGvp21w2A
A53: 2026_06_17 22:29:05 | B53: 0.074419 | C53: ADM Fixed Percent | D53: 1.153708 | E53: 0.075 | F53: 1.3 | G53: 35.31053 | H53: -120.662 | K53: GNNIaIPthVQKUTVjjbAekjaxeHo1 | M53: iPhone13,3 | N53: 2.6.0 | P53: 18 | Q53: 1 | R53: 4 | S53: 3 | V53: 1.4 | W53: W25 inventory | X53: channel island scrub oak | Y53: Quercus pacifica | Z53: https://firebasestorage.googleapis.com/v0/b/wt-foundation-production.appspot.com/o/measurements%2FMeasureMethod.ADM_FIXED_PCT%2FdbhPhoto%2F1781803669231?alt=media&token=a217e1a3-f92f-451c-9668-8c85d7b4b80a | AA53: https://firebasestorage.googleapis.com/v0/b/wt-foundation-production.appspot.com/o/measurements%2FMeasureMethod.ADM_FIXED_PCT%2FheightPhoto%2F1781803668985?alt=media&token=e8faf049-4f9f-4916-a1c5-03ff1766f3d7 | AF53: akbK6XMTmcGig945RCmP
A54: 2026_06_17 22:31:07 | B54: 0.118288 | C54: ADM Fixed Percent | D54: 1.330964 | E54: 0.104 | F54: 1.3 | G54: 35.31052 | H54: -120.662 | K54: GNNIaIPthVQKUTVjjbAekjaxeHo1 | M54: iPhone13,3 | N54: 2.6.0 | P54: 18 | Q54: 1 | R54: 5 | S54: 3 | V54: 1.5 | W54: W25 inventory | X54: channel island scrub oak | Y54: Quercus pacifica | Z54: https://firebasestorage.googleapis.com/v0/b/wt-foundation-production.appspot.com/o/measurements%2FMeasureMethod.ADM_FIXED_PCT%2FdbhPhoto%2F1781803673755?alt=media&token=ff3fed3c-7768-4d1d-bbf3-b08e4cffaf6b | AA54: https://firebasestorage.googleapis.com/v0/b/wt-foundation-production.appspot.com/o/measurements%2FMeasureMethod.ADM_FIXED_PCT%2FheightPhoto%2F1781803672516?alt=media&token=47ee7829-5506-426c-be5c-495c170cc7e6 | AF54: OLuxjSkWmYd62NN6cI9w
A55: 2026_06_17 22:32:38 | B55: 0.056007 | C55: ADM Fixed Percent | D55: 1.068953 | E55: 0.053 | F55: 1.3 | G55: 35.31052 | H55: -120.662 | K55: GNNIaIPthVQKUTVjjbAekjaxeHo1 | M55: iPhone13,3 | N55: 2.6.0 | P55: 18 | Q55: 1 | R55: 6 | S55: 3 | V55: 1.6 | W55: W25 inventory | X55: channel island scrub oak | Y55: Quercus pacifica | Z55: https://firebasestorage.googleapis.com/v0/b/wt-foundation-production.appspot.com/o/measurements%2FMeasureMethod.ADM_FIXED_PCT%2FdbhPhoto%2F1781803675800?alt=media&token=9cf7ff66-5127-44e4-8ce8-a17476d441ce | AA55: https://firebasestorage.googleapis.com/v0/b/wt-foundation-production.appspot.com/o/measurements%2FMeasureMethod.ADM_FIXED_PCT%2FheightPhoto%2F1781803674364?alt=media&token=2d673c57-3660-4c04-b0bb-687acef8bb50 | AF55: IMvIeFF7rUqLRckytUZx
A56: 2026_06_17 22:34:03 | B56: 0.062366 | C56: ADM Fixed Percent | D56: 1.329682 | E56: 0.066 | F56: 1.31 | G56: 35.3105 | H56: -120.662 | K56: GNNIaIPthVQKUTVjjbAekjaxeHo1 | M56: iPhone13,3 | N56: 2.6.0 | P56: 18 | Q56: 1 | R56: 7 | S56: 3 | V56: 1.7 | W56: W25 inventory | X56: channel island scrub oak | Y56: Quercus pacifica | Z56: https://firebasestorage.googleapis.com/v0/b/wt-foundation-production.appspot.com/o/measurements%2FMeasureMethod.ADM_FIXED_PCT%2FdbhPhoto%2F1781803677659?alt=media&token=161f5d1a-dcb9-4a74-8746-cb6b813ccfad | AA56: https://firebasestorage.googleapis.com/v0/b/wt-foundation-production.appspot.com/o/measurements%2FMeasureMethod.ADM_FIXED_PCT%2FheightPhoto%2F1781803677254?alt=media&token=af7cf094-b864-4843-a3ff-6cb118399335 | AF56: 9RhN6GjKuVoZhH4pt2ds
A57: 2026_06_17 22:36:05 | B57: 0.058263 | C57: ADM Fixed Percent | D57: 1.234084 | E57: 0.062 | F57: 1.3 | G57: 35.31052 | H57: -120.662 | K57: GNNIaIPthVQKUTVjjbAekjaxeHo1 | M57: iPhone13,3 | N57: 2.6.0 | P57: 18 | Q57: 1 | R57: 8 | S57: 3 | V57: 1.8 | W57: W25 inventory | X57: channel island scrub oak | Y57: Quercus pacifica | Z57: https://firebasestorage.googleapis.com/v0/b/wt-foundation-production.appspot.com/o/measurements%2FMeasureMethod.ADM_FIXED_PCT%2FdbhPhoto%2F1781803680143?alt=media&token=112193ed-8a20-456d-9090-a4db069547ab | AA57: https://firebasestorage.googleapis.com/v0/b/wt-foundation-production.appspot.com/o/measurements%2FMeasureMethod.ADM_FIXED_PCT%2FheightPhoto%2F1781803679000?alt=media&token=81f6cf68-a8ab-414f-a2c6-3675690b0368 | AF57: P47yEOOX942GG6bPICKx
A58: 2026_06_17 22:38:34 | B58: 0.081809 | C58: ADM Fixed Percent | D58: 0.693974 | E58: 0.086 | F58: 1.3 | G58: 35.31052 | H58: -120.662 | K58: GNNIaIPthVQKUTVjjbAekjaxeHo1 | M58: iPhone13,3 | N58: 2.6.0 | P58: 18 | Q58: 1 | R58: 9 | S58: 3 | V58: 1.9 | W58: W25 inventory | X58: channel island scrub oak | Y58: Quercus pacifica | Z58: https://firebasestorage.googleapis.com/v0/b/wt-foundation-production.appspot.com/o/measurements%2FMeasureMethod.ADM_FIXED_PCT%2FdbhPhoto%2F1781803681791?alt=media&token=883649e1-3ec0-4c1a-8b68-55c50a2c1722 | AA58: https://firebasestorage.googleapis.com/v0/b/wt-foundation-production.appspot.com/o/measurements%2FMeasureMethod.ADM_FIXED_PCT%2FheightPhoto%2F1781803681019?alt=media&token=6484eb2b-a6e6-48bd-89bc-ad69e3d4fd52 | AF58: rWcMuUkatLOjDqPv9OGY
A59: 2026_06_17 22:42:10 | B59: 0.055921 | C59: ADM Fixed Percent | D59: 0.68887 | E59: 0.03 | F59: 1.3 | G59: 35.3105 | H59: -120.662 | K59: GNNIaIPthVQKUTVjjbAekjaxeHo1 | M59: iPhone13,3 | N59: 2.6.0 | P59: 18 | Q59: 1 | R59: 10 | S59: 3 | V59: 1.1 | W59: W25 inventory | X59: channel island scrub oak | Y59: Quercus pacifica | Z59: https://firebasestorage.googleapis.com/v0/b/wt-foundation-production.appspot.com/o/measurements%2FMeasureMethod.ADM_FIXED_PCT%2FdbhPhoto%2F1781803683851?alt=media&token=71bc3cfb-0d6f-4d20-965c-fe9077ff7d06 | AA59: https://firebasestorage.googleapis.com/v0/b/wt-foundation-production.appspot.com/o/measurements%2FMeasureMethod.ADM_FIXED_PCT%2FheightPhoto%2F1781803682843?alt=media&token=177f28bc-ca90-4015-a62a-5c2dc2725dde | AF59: NhLx4JFSGUGcFpK5NUnn
A60: 2026_06_17 22:43:37 | B60: 0.055369 | C60: ADM Fixed Percent | D60: 0.654606 | E60: 0.043 | F60: 1.3 | G60: 35.3105 | H60: -120.662 | K60: GNNIaIPthVQKUTVjjbAekjaxeHo1 | M60: iPhone13,3 | N60: 2.6.0 | P60: 18 | Q60: 1 | R60: 11 | S60: 3 | V60: 1.11 | W60: W25 inventory | X60: channel island scrub oak | Y60: Quercus pacifica | Z60: https://firebasestorage.googleapis.com/v0/b/wt-foundation-production.appspot.com/o/measurements%2FMeasureMethod.ADM_FIXED_PCT%2FdbhPhoto%2F1781803685800?alt=media&token=83d0e0fe-804b-40ec-94e7-f5cdb387ef40 | AA60: https://firebasestorage.googleapis.com/v0/b/wt-foundation-production.appspot.com/o/measurements%2FMeasureMethod.ADM_FIXED_PCT%2FheightPhoto%2F1781803684871?alt=media&token=dc8fe41e-f36c-4b35-a630-a13fb35eb6b3 | AF60: QVNdRcvhJO4f26a1CyW0
A61: 2026_06_17 22:46:06 | B61: 0.076774 | C61: ADM Fixed Percent | D61: 0.764641 | E61: 0.098 | F61: 1.3 | G61: 35.31049 | H61: -120.662 | K61: GNNIaIPthVQKUTVjjbAekjaxeHo1 | M61: iPhone13,3 | N61: 2.6.0 | P61: 18 | Q61: 1 | R61: 12 | S61: 3 | W61: W25 inventory | X61: channel island scrub oak | Y61: Quercus pacifica | Z61: https://firebasestorage.googleapis.com/v0/b/wt-foundation-production.appspot.com/o/measurements%2FMeasureMethod.ADM_FIXED_PCT%2FdbhPhoto%2F1781838014954?alt=media&token=20c85b99-d785-4562-9429-3a44e5bec34e | AA61: https://firebasestorage.googleapis.com/v0/b/wt-foundation-production.appspot.com/o/measurements%2FMeasureMethod.ADM_FIXED_PCT%2FheightPhoto%2F1781803687171?alt=media&token=0af7d819-0832-4a32-a927-7c4326d22d20 | AF61: ptTEX5cPuPMTU5joEPeX
A62: 2026_06_17 22:47:30 | B62: 0.086984 | C62: ADM Fixed Percent | D62: 0.90568 | E62: 0.095 | F62: 1.3 | G62: 35.31049 | H62: -120.662 | K62: GNNIaIPthVQKUTVjjbAekjaxeHo1 | M62: iPhone13,3 | N62: 2.6.0 | P62: 18 | Q62: 1 | R62: 13 | S62: 3 | W62: W25 inventory | X62: channel island scrub oak | Y62: Quercus pacifica | Z62: https://firebasestorage.googleapis.com/v0/b/wt-foundation-production.appspot.com/o/measurements%2FMeasureMethod.ADM_FIXED_PCT%2FdbhPhoto%2F1781838014954?alt=media&token=20c85b99-d785-4562-9429-3a44e5bec34e | AA62: https://firebasestorage.googleapis.com/v0/b/wt-foundation-production.appspot.com/o/measurements%2FMeasureMethod.ADM_FIXED_PCT%2FheightPhoto%2F1781838014954?alt=media&token=6d3f206f-8948-4a5b-a151-0832dbb4a07c | AF62: YHm8Uj0FyZP9CRjGfNrc
A63: 2026_06_17 22:49:01 | B63: 0.053434 | C63: ADM Fixed Percent | D63: 0.698375 | E63: 0.037 | F63: 1.3 | G63: 35.31047 | H63: -120.662 | K63: GNNIaIPthVQKUTVjjbAekjaxeHo1 | M63: iPhone13,3 | N63: 2.6.0 | P63: 18 | Q63: 1 | R63: 14 | S63: 3 | W63: W25 inventory | X63: channel island scrub oak | Y63: Quercus pacifica | Z63: https://firebasestorage.googleapis.com/v0/b/wt-foundation-production.appspot.com/o/measurements%2FMeasureMethod.ADM_FIXED_PCT%2FdbhPhoto%2F1781838027485?alt=media&token=337e13f1-12ef-483f-bb0e-fecc0069ce0c | AA63: https://firebasestorage.googleapis.com/v0/b/wt-foundation-production.appspot.com/o/measurements%2FMeasureMethod.ADM_FIXED_PCT%2FheightPhoto%2F1781838014954?alt=media&token=20e6d7e2-1965-4ead-86aa-0589fd2fb64a | AF63: G8odGyYFAMoRVvewRvgK
A64: 2026_06_17 22:50:03 | B64: 0.057358 | C64: ADM Fixed Percent | D64: 0.683852 | E64: 0.043 | F64: 1.3 | G64: 35.31048 | H64: -120.662 | K64: GNNIaIPthVQKUTVjjbAekjaxeHo1 | M64: iPhone13,3 | N64: 2.6.0 | P64: 18 | Q64: 1 | R64: 15 | S64: 3 | W64: W25 inventory | X64: channel island scrub oak | Y64: Quercus pacifica | Z64: https://firebasestorage.googleapis.com/v0/b/wt-foundation-production.appspot.com/o/measurements%2FMeasureMethod.ADM_FIXED_PCT%2FdbhPhoto%2F1781838041599?alt=media&token=650c1baf-9856-44fa-8c4d-9f5c44514984 | AA64: https://firebasestorage.googleapis.com/v0/b/wt-foundation-production.appspot.com/o/measurements%2FMeasureMethod.ADM_FIXED_PCT%2FheightPhoto%2F1781838037201?alt=media&token=799bf7b8-01f6-4ab6-88ff-c95375a189db | AF64: Aax7ejQbHcup03UPZupi
A65: 2026_06_17 22:51:03 | B65: 0.055172 | C65: ADM Fixed Percent | D65: 0.79547 | E65: 0.031 | F65: 1.3 | G65: 35.31052 | H65: -120.662 | K65: GNNIaIPthVQKUTVjjbAekjaxeHo1 | M65: iPhone13,3 | N65: 2.6.0 | P65: 18 | Q65: 1 | R65: 16 | S65: 3 | W65: W25 inventory | X65: channel island scrub oak | Y65: Quercus pacifica | Z65: https://firebasestorage.googleapis.com/v0/b/wt-foundation-production.appspot.com/o/measurements%2FMeasureMethod.ADM_FIXED_PCT%2FdbhPhoto%2F1781838044699?alt=media&token=ef6edc58-e934-4541-89ea-b167533a570c | AA65: https://firebasestorage.googleapis.com/v0/b/wt-foundation-production.appspot.com/o/measurements%2FMeasureMethod.ADM_FIXED_PCT%2FheightPhoto%2F1781838043858?alt=media&token=b9349674-2590-4a61-819e-acea9bea3ff1 | AF65: d5SKp3gXNNMLp6Kowo0J
A66: 2026_06_17 22:52:01 | B66: 0.073095 | C66: ADM Fixed Percent | D66: 0.927368 | E66: 0.075 | F66: 1.3 | G66: 35.31051 | H66: -120.662 | K66: GNNIaIPthVQKUTVjjbAekjaxeHo1 | M66: iPhone13,3 | N66: 2.6.0 | P66: 18 | Q66: 1 | R66: 17 | S66: 3 | W66: W25 inventory | X66: channel island scrub oak | Y66: Quercus pacifica | Z66: https://firebasestorage.googleapis.com/v0/b/wt-foundation-production.appspot.com/o/measurements%2FMeasureMethod.ADM_FIXED_PCT%2FdbhPhoto%2F1781838048226?alt=media&token=178825a5-2de1-45b0-8bc6-d79a0868b8ec | AA66: https://firebasestorage.googleapis.com/v0/b/wt-foundation-production.appspot.com/o/measurements%2FMeasureMethod.ADM_FIXED_PCT%2FheightPhoto%2F1781838047055?alt=media&token=c7b8db18-03bc-4f1a-bae3-c179b95a5426 | AF66: rqtqtZJDwUsk4SMPzoSP
A67: 2026_06_17 22:52:41 | B67: 0.062426 | C67: ADM Fixed Percent | D67: 1.016775 | E67: 0.064 | F67: 1.3 | G67: 35.31049 | H67: -120.662 | K67: GNNIaIPthVQKUTVjjbAekjaxeHo1 | M67: iPhone13,3 | N67: 2.6.0 | P67: 18 | Q67: 1 | R67: 18 | S67: 3 | W67: W25 inventory | X67: channel island scrub oak | Y67: Quercus pacifica | Z67: https://firebasestorage.googleapis.com/v0/b/wt-foundation-production.appspot.com/o/measurements%2FMeasureMethod.ADM_FIXED_PCT%2FdbhPhoto%2F1781838052019?alt=media&token=8f14bca9-53a7-408d-b75d-5c3921f2253a | AA67: https://firebasestorage.googleapis.com/v0/b/wt-foundation-production.appspot.com/o/measurements%2FMeasureMethod.ADM_FIXED_PCT%2FheightPhoto%2F1781838050135?alt=media&token=33ed59c4-081e-4826-813e-04b58c509f02 | AF67: Fl95MS8rmxaX8JpF1YyC
A68: 2026_06_17 22:53:41 | B68: 0.079773 | C68: ADM Fixed Percent | D68: 0.900409 | E68: 0.073 | F68: 1.3 | G68: 35.31047 | H68: -120.662 | K68: GNNIaIPthVQKUTVjjbAekjaxeHo1 | M68: iPhone13,3 | N68: 2.6.0 | P68: 18 | Q68: 1 | R68: 19 | S68: 3 | W68: W25 inventory | X68: channel island scrub oak | Y68: Quercus pacifica | Z68: https://firebasestorage.googleapis.com/v0/b/wt-foundation-production.appspot.com/o/measurements%2FMeasureMethod.ADM_FIXED_PCT%2FdbhPhoto%2F1781838063023?alt=media&token=5e524cba-a893-425c-9e99-5e592b38e0ff | AA68: https://firebasestorage.googleapis.com/v0/b/wt-foundation-production.appspot.com/o/measurements%2FMeasureMethod.ADM_FIXED_PCT%2FheightPhoto%2F1781838054407?alt=media&token=cb43cda5-16f5-4933-9f19-250c557ff1dd | AF68: M9LkJgLlg9mpNFZdFVrH
A69: 2026_06_17 22:55:00 | B69: 0.068231 | C69: ADM Fixed Percent | D69: 0.519649 | E69: 0.065 | F69: 1.3 | G69: 35.31051 | H69: -120.662 | K69: GNNIaIPthVQKUTVjjbAekjaxeHo1 | M69: iPhone13,3 | N69: 2.6.0 | P69: 18 | Q69: 1 | R69: 20 | S69: 3 | W69: W25 inventory | X69: channel island scrub oak | Y69: Quercus pacifica | Z69: https://firebasestorage.googleapis.com/v0/b/wt-foundation-production.appspot.com/o/measurements%2FMeasureMethod.ADM_FIXED_PCT%2FdbhPhoto%2F1781838080054?alt=media&token=fa394964-ba4c-4503-94be-f5ce773dce2d | AA69: https://firebasestorage.googleapis.com/v0/b/wt-foundation-production.appspot.com/o/measurements%2FMeasureMethod.ADM_FIXED_PCT%2FheightPhoto%2F1781838070841?alt=media&token=2a10d3a1-c6bf-4ceb-801c-4fe866d8c16e | AF69: dLVoueIyNwZIHy5PgvMo
A70: 2026_05_08 19:27:21 | B70: 0.40396197 | C70: ADM Fixed Percent | D70: 12.976625 | E70: 0.426 | F70: 12.4 | G70: 35.310382 | H70: -120.66199 | I70: 35.31038 | J70: -120.66203 | K70: GNNIaIPthVQKUTVjjbAekjaxeHo1 | M70: iPhone13,3 | N70: 2.5.0 | O70: 4 | P70: 19 | Q70: 1 | R70: 1 | S70: 3 | W70: W25 inventory | X70: engelmann oak | Y70: Quercus engelmannii | Z70: https://firebasestorage.googleapis.com/v0/b/wt-foundation-production.appspot.com/o/measurements%2FMeasureMethod.ADM_FIXED_PCT%2FdbhPhoto%2F1778276268067?alt=media&token=5023f051-5a26-4e52-bc8b-3cae69018bb2 | AA70: https://firebasestorage.googleapis.com/v0/b/wt-foundation-production.appspot.com/o/measurements%2FMeasureMethod.ADM_FIXED_PCT%2FheightPhoto%2F1778276265403?alt=media&token=409b4628-4ee8-4d11-9c90-13b6cfc5dfbe | AF70: zGrTsARpXMbt9bt5LQ3b
A71: 2026_05_08 19:28:00 | B71: 0.14782381 | C71: ADM Fixed Percent | D71: 1.2817112 | E71: 0.178 | F71: 1.3 | G71: 35.310402 | H71: -120.66202 | K71: GNNIaIPthVQKUTVjjbAekjaxeHo1 | M71: iPhone13,3 | N71: 2.5.0 | O71: 4 | P71: 19 | Q71: 1 | R71: 2 | S71: 3 | W71: W25 inventory | X71: engelmann oak | Y71: Quercus engelmannii | Z71: https://firebasestorage.googleapis.com/v0/b/wt-foundation-production.appspot.com/o/measurements%2FMeasureMethod.ADM_FIXED_PCT%2FdbhPhoto%2F1778276273536?alt=media&token=4591fa50-a8d9-4ccf-8e26-eee44bfe6ae5 | AA71: https://firebasestorage.googleapis.com/v0/b/wt-foundation-production.appspot.com/o/measurements%2FMeasureMethod.ADM_FIXED_PCT%2FheightPhoto%2F1778276271162?alt=media&token=b788a90f-bbf5-475f-8bc2-2864709d748b | AF71: H7TRTflQYf9fDMkqYyLz
A72: 2026_05_08 19:28:52 | B72: 0.20355726 | C72: ADM Fixed Percent | D72: 1.3093278 | E72: 0.25 | F72: 1.3 | G72: 35.310393 | H72: -120.66202 | K72: GNNIaIPthVQKUTVjjbAekjaxeHo1 | M72: iPhone13,3 | N72: 2.5.0 | O72: 4 | P72: 19 | Q72: 1 | R72: 3 | S72: 3 | W72: W25 inventory | X72: engelmann oak | Y72: Quercus engelmannii | Z72: https://firebasestorage.googleapis.com/v0/b/wt-foundation-production.appspot.com/o/measurements%2FMeasureMethod.ADM_FIXED_PCT%2FdbhPhoto%2F1778276278237?alt=media&token=37becf67-e55c-4513-904d-a781d7604fb8 | AA72: https://firebasestorage.googleapis.com/v0/b/wt-foundation-production.appspot.com/o/measurements%2FMeasureMethod.ADM_FIXED_PCT%2FheightPhoto%2F1778276275617?alt=media&token=e341f9eb-a05a-4f5d-83cc-7ea35a058a86 | AF72: 72DpaDmAkmN2r8I8hsgH
F73: 4.2 | I73: 35.31038504816667 | J73: -120.661998228 | P73: 20 | Q73: 1 | R73: 1 | S73: 3 | U73: no dbh / multi-stem, outlier, 10 stems | X73: western chokeberry | Y73: prunus virginiana var. demissa
A74: 2026_03_18 15:55:11 | B74: 0.22118615 | C74: ADM Fixed Percent | D74: 11.37409 | E74: 0.252 | F74: 10.7 | G74: 35.309492 | H74: -120.66263 | I74: 35.310192 | J74: -120.66294 | K74: W3HjVEeEFWXa94BMF8iP5lQOZU03 | L74: 1.1920037 | M74: iPhone13,3 | N74: 2.4.3 | P74: 21 | Q74: 1 | R74: 1 | S74: 5 | T74: y | V74: TREE 2 stem 1 DAY 2 | W74: W25 inventory | X74: deodar cedar | Y74: Cedrus deodara | Z74: https://firebasestorage.googleapis.com/v0/b/wt-foundation-production.appspot.com/o/measurements%2FMeasureMethod.ADM_FIXED_PCT%2FdbhPhoto%2F1773950627145?alt=media&token=ba0061e8-12aa-428c-b0c8-741ef09d533e | AA74: https://firebasestorage.googleapis.com/v0/b/wt-foundation-production.appspot.com/o/measurements%2FMeasureMethod.ADM_FIXED_PCT%2FheightPhoto%2F1773950615253?alt=media&token=fcacf634-1f28-4620-a0f3-b253155f17c9 | AB74: https://firebasestorage.googleapis.com/v0/b/wt-foundation-production.appspot.com/o/measurements%2FMeasureMethod.ADM_FIXED_PCT%2Fdepth%2F1773950649077?alt=media&token=414b12a7-fbe8-41df-9e5d-85dbd4c569c2 | AC74: 0.22237319 | AD74: 0.92293465 | AE74: 0.19862989 | AF74: Kb0nZAp8Jq5c9e5TfJfF
A75: 2026_03_18 15:59:56 | B75: 0.13553994 | C75: ADM Fixed Percent | D75: 1.2165283 | E75: 0.145 | F75: 1.3 | G75: 35.303265 | H75: -120.65733 | K75: W3HjVEeEFWXa94BMF8iP5lQOZU03 | L75: 0.75327992 | M75: iPhone13,3 | N75: 2.4.3 | P75: 21 | Q75: 1 | R75: 2 | S75: 5 | V75: TREE 2 stem 2 DAY 2 | W75: W25 inventory | X75: deodar cedar | Y75: Cedrus deodara | Z75: https://firebasestorage.googleapis.com/v0/b/wt-foundation-production.appspot.com/o/measurements%2FMeasureMethod.ADM_FIXED_PCT%2FdbhPhoto%2F1773950690391?alt=media&token=3f6610cc-fef6-4940-aca1-a0fed9f588da | AA75: https://firebasestorage.googleapis.com/v0/b/wt-foundation-production.appspot.com/o/measurements%2FMeasureMethod.ADM_FIXED_PCT%2FheightPhoto%2F1773950682732?alt=media&token=cf6c449a-3359-4b76-9ad4-f1dc24d1dac0 | AB75: https://firebasestorage.googleapis.com/v0/b/wt-foundation-production.appspot.com/o/measurements%2FMeasureMethod.ADM_FIXED_PCT%2Fdepth%2F1773950696536?alt=media&token=6aa01d9e-bccb-4da3-8cb5-1e5a19ece46e | AC75: 0.2405303 | AD75: 0.50408357 | AE75: 0.12084945 | AF75: dQ3DO77m4tAv5osYDZNA
A76: 2026_03_18 16:02:39 | B76: 0.14918289 | C76: ADM Fixed Percent | D76: 1.1127357 | E76: 0.157 | F76: 1.3 | G76: 35.303265 | H76: -120.65733 | K76: W3HjVEeEFWXa94BMF8iP5lQOZU03 | L76: 1.0574284 | M76: iPhone13,3 | N76: 2.4.3 | P76: 21 | Q76: 1 | R76: 3 | S76: 5 | V76: TREE 2 stem 3 DAY 2 | W76: W25 inventory | X76: deodar cedar | Y76: Cedrus deodara | Z76: https://firebasestorage.googleapis.com/v0/b/wt-foundation-production.appspot.com/o/measurements%2FMeasureMethod.ADM_FIXED_PCT%2FdbhPhoto%2F1773950714167?alt=media&token=8e471003-0c0b-40f2-9102-c54fb5682241 | AA76: https://firebasestorage.googleapis.com/v0/b/wt-foundation-production.appspot.com/o/measurements%2FMeasureMethod.ADM_FIXED_PCT%2FheightPhoto%2F1773950701941?alt=media&token=334acf8e-1b2d-42b9-ae12-bdaba847603b | AB76: https://firebasestorage.googleapis.com/v0/b/wt-foundation-production.appspot.com/o/measurements%2FMeasureMethod.ADM_FIXED_PCT%2Fdepth%2F1773950740362?alt=media&token=ea25fe6d-3d5e-4529-b30d-3ac022c5e126 | AC76: 0.23536932 | AD76: 0.56262013 | AE76: 0.13627783 | AF76: sTsISH6M55MbhluU78E0
A77: 2026_03_18 16:06:13 | B77: 0.13908361 | C77: ADM Fixed Percent | D77: 1.3024827 | E77: 0.158 | F77: 1.3 | G77: 35.309877 | H77: -120.66293 | K77: W3HjVEeEFWXa94BMF8iP5lQOZU03 | L77: 1.0128349 | M77: iPhone13,3 | N77: 2.4.3 | P77: 21 | Q77: 1 | R77: 4 | S77: 5 | V77: TREE 2 stem 4 DAY 2 | W77: W25 inventory | X77: deodar cedar | Y77: Cedrus deodara | Z77: https://firebasestorage.googleapis.com/v0/b/wt-foundation-production.appspot.com/o/measurements%2FMeasureMethod.ADM_FIXED_PCT%2FdbhPhoto%2F1773950768100?alt=media&token=aa264371-655a-46c9-9b37-5e838f8316d5 | AA77: https://firebasestorage.googleapis.com/v0/b/wt-foundation-production.appspot.com/o/measurements%2FMeasureMethod.ADM_FIXED_PCT%2FheightPhoto%2F1773950758182?alt=media&token=0889b749-7f4e-4409-80ef-4d18e98c4a11 | AB77: https://firebasestorage.googleapis.com/v0/b/wt-foundation-production.appspot.com/o/measurements%2FMeasureMethod.ADM_FIXED_PCT%2Fdepth%2F1773950772435?alt=media&token=f39bc85f-f3dd-48ec-99d3-d35ef6ee6b9c | AC77: 0.24887305 | AD77: 0.89075145 | AE77: 0.12556088 | AF77: ZG87JEb6JjZYy4vmKP2Z
A78: 2026_03_18 16:07:54 | B78: 0.074121627 | C78: ADM Fixed Percent | D78: 13.933949 | E78: 0.067 | F78: 1.3 | G78: 35.309531 | H78: -120.66287 | K78: W3HjVEeEFWXa94BMF8iP5lQOZU03 | L78: -0.79454213 | M78: iPhone13,3 | N78: 2.4.3 | P78: 21 | Q78: 1 | R78: 5 | S78: 5 | V78: TREE 2 stem 5 DAY 2 | W78: W25 inventory | X78: deodar cedar | Y78: Cedrus deodara | Z78: https://firebasestorage.googleapis.com/v0/b/wt-foundation-production.appspot.com/o/measurements%2FMeasureMethod.ADM_FIXED_PCT%2FdbhPhoto%2F1773950786629?alt=media&token=cfa941c3-bca8-4974-9ebc-cce955dbd390 | AA78: https://firebasestorage.googleapis.com/v0/b/wt-foundation-production.appspot.com/o/measurements%2FMeasureMethod.ADM_FIXED_PCT%2FheightPhoto%2F1773950780177?alt=media&token=841aee65-83b9-49ee-824c-90fbd8396787 | AB78: https://firebasestorage.googleapis.com/v0/b/wt-foundation-production.appspot.com/o/measurements%2FMeasureMethod.ADM_FIXED_PCT%2Fdepth%2F1773950793374?alt=media&token=fd3fd6bf-a31f-4f0e-86e2-44b48081078f | AC78: 0.23707837 | AD78: 0.27296153 | AE78: 0.065548 | AF78: 7q01Hwwm0s2Q9VubT3hr
A79: 2026_03_18 16:09:20 | B79: 0.11751337 | C79: ADM Fixed Percent | D79: 1.3172624 | E79: 0.131 | F79: 1.3 | G79: 35.309623 | H79: -120.66295 | K79: W3HjVEeEFWXa94BMF8iP5lQOZU03 | L79: 1.1626662 | M79: iPhone13,3 | N79: 2.4.3 | P79: 21 | Q79: 1 | R79: 6 | S79: 5 | V79: TREE 2 stem 6 DAY 2 | W79: W25 inventory | X79: deodar cedar | Y79: Cedrus deodara | Z79: https://firebasestorage.googleapis.com/v0/b/wt-foundation-production.appspot.com/o/measurements%2FMeasureMethod.ADM_FIXED_PCT%2FdbhPhoto%2F1773950800253?alt=media&token=c55dbcae-3a74-40db-9b42-1cf525d20953 | AA79: https://firebasestorage.googleapis.com/v0/b/wt-foundation-production.appspot.com/o/measurements%2FMeasureMethod.ADM_FIXED_PCT%2FheightPhoto%2F1773950799452?alt=media&token=48d64b6c-9d4d-4dd3-9640-1fcbf794c8b3 | AB79: https://firebasestorage.googleapis.com/v0/b/wt-foundation-production.appspot.com/o/measurements%2FMeasureMethod.ADM_FIXED_PCT%2Fdepth%2F1773950806995?alt=media&token=2bd8abf9-118e-4a73-a3ec-d270d3c89f8c | AC79: 0.23929398 | AD79: 0.49815533 | AE79: 0.11625301 | AF79: xQfWrGRjOTfHHllfpDEx
A80: 2026_03_18 16:13:36 | B80: 0.15659395 | C80: ADM Fixed Percent | D80: 1.3075646 | E80: 0.174 | F80: 1.3 | G80: 35.306551 | H80: -120.65947 | K80: W3HjVEeEFWXa94BMF8iP5lQOZU03 | L80: 1.2949795 | M80: iPhone13,3 | N80: 2.4.3 | P80: 21 | Q80: 1 | R80: 7 | S80: 5 | V80: TREE 2 stem 2 DAY 7 | W80: W25 inventory | X80: deodar cedar | Y80: Cedrus deodara | Z80: https://firebasestorage.googleapis.com/v0/b/wt-foundation-production.appspot.com/o/measurements%2FMeasureMethod.ADM_FIXED_PCT%2FdbhPhoto%2F1773950833094?alt=media&token=1a523a6e-2219-476d-80df-b91a47f5f70b | AA80: https://firebasestorage.googleapis.com/v0/b/wt-foundation-production.appspot.com/o/measurements%2FMeasureMethod.ADM_FIXED_PCT%2FheightPhoto%2F1773950816294?alt=media&token=b2923eee-10a4-4273-bf26-df30df6a06e1 | AB80: https://firebasestorage.googleapis.com/v0/b/wt-foundation-production.appspot.com/o/measurements%2FMeasureMethod.ADM_FIXED_PCT%2Fdepth%2F1773950852732?alt=media&token=abad8556-3b30-42da-94e1-491b9f1f0cde | AC80: 0.24247685 | AD80: 0.67710343 | AE80: 0.14045509 | AF80: BsrTqRHuuqBk53SKH6nN
A81: 2026_03_18 16:15:57 | B81: 0.10915502 | C81: ADM Fixed Percent | D81: 0.5464434 | E81: 0.12 | F81: 1.3 | G81: 35.307586 | H81: -120.66046 | K81: W3HjVEeEFWXa94BMF8iP5lQOZU03 | L81: -3.8815589 | M81: iPhone13,3 | N81: 2.4.3 | P81: 21 | Q81: 1 | R81: 8 | S81: 5 | V81: TREE 2 stem 8 DAY 2 | W81: W25 inventory | X81: deodar cedar | Y81: Cedrus deodara | Z81: https://firebasestorage.googleapis.com/v0/b/wt-foundation-production.appspot.com/o/measurements%2FMeasureMethod.ADM_FIXED_PCT%2FdbhPhoto%2F1773950876360?alt=media&token=1688dc70-1ebf-4bfa-8ab4-dcb80155a149 | AA81: https://firebasestorage.googleapis.com/v0/b/wt-foundation-production.appspot.com/o/measurements%2FMeasureMethod.ADM_FIXED_PCT%2FheightPhoto%2F1773950859411?alt=media&token=866c1a6e-abd2-4a53-847a-1e064672b9ba | AB81: https://firebasestorage.googleapis.com/v0/b/wt-foundation-production.appspot.com/o/measurements%2FMeasureMethod.ADM_FIXED_PCT%2Fdepth%2F1773950910716?alt=media&token=8e9e320c-e0ae-4d97-9a8b-a51493f7a5c9 | AC81: 0.24945023 | AD81: 0.40148279 | AE81: 0.097942508 | AF81: 8kXK0QgIkYoOvOjflTkK
A82: 2026_03_18 16:19:43 | B82: 0.32360394 | C82: ADM Fixed Percent | D82: 13.874637 | E82: 0.352 | F82: 13.2 | G82: 35.309666 | H82: -120.6629 | I82: 35.310182 | J82: -120.66288 | K82: W3HjVEeEFWXa94BMF8iP5lQOZU03 | L82: 1.3900856 | M82: iPhone13,3 | N82: 2.4.3 | P82: 21 | Q82: 2 | R82: 1 | S82: 5 | T82: y | V82: TREE 3 stem 1 DAY 2 DAY 2 | W82: W25 inventory | X82: deodar cedar | Y82: Cedrus deodara | Z82: https://firebasestorage.googleapis.com/v0/b/wt-foundation-production.appspot.com/o/measurements%2FMeasureMethod.ADM_FIXED_PCT%2FdbhPhoto%2F1773950962098?alt=media&token=8ff6cdcd-c628-497f-9fe9-2f73f3d00e0c | AA82: https://firebasestorage.googleapis.com/v0/b/wt-foundation-production.appspot.com/o/measurements%2FMeasureMethod.ADM_FIXED_PCT%2FheightPhoto%2F1773950960131?alt=media&token=fe453abf-4cf9-41dd-ba57-cc4d6976a343 | AB82: https://firebasestorage.googleapis.com/v0/b/wt-foundation-production.appspot.com/o/measurements%2FMeasureMethod.ADM_FIXED_PCT%2Fdepth%2F1773955550061?alt=media&token=d8073def-329b-40c8-8a05-3b8d8254e870 | AC82: 0.24375 | AD82: 1.2496685 | AE82: 0.2919558 | AF82: Lnk6YtGIIMGvKnKEZRUi
A83: 2026_03_18 16:21:30 | B83: 0.094102394 | C83: ADM Fixed Percent | D83: 30.706324 | E83: 0.14 | F83: 1.3 | G83: 35.309524 | H83: -120.66265 | K83: W3HjVEeEFWXa94BMF8iP5lQOZU03 | L83: 5.3221474 | M83: iPhone13,3 | N83: 2.4.3 | P83: 21 | Q83: 2 | R83: 2 | S83: 5 | V83: TREE 3 stem 2 DAY 2 | W83: W25 inventory | X83: deodar cedar | Y83: Cedrus deodara | Z83: https://firebasestorage.googleapis.com/v0/b/wt-foundation-production.appspot.com/o/measurements%2FMeasureMethod.ADM_FIXED_PCT%2FdbhPhoto%2F1773951464303?alt=media&token=90f38c91-c034-48ea-b69b-79067b1e0281 | AA83: https://firebasestorage.googleapis.com/v0/b/wt-foundation-production.appspot.com/o/measurements%2FMeasureMethod.ADM_FIXED_PCT%2FheightPhoto%2F1773955564296?alt=media&token=d84f46f4-8fc8-4608-9d72-acdc32979991 | AB83: https://firebasestorage.googleapis.com/v0/b/wt-foundation-production.appspot.com/o/measurements%2FMeasureMethod.ADM_FIXED_PCT%2Fdepth%2F1773951464316?alt=media&token=96bd8b0c-23ff-45d4-ad38-49c737e4506d | AC83: 0.24877451 | AD83: 0.41005316 | AE83: 0.083791648 | AF83: OvABwNptgvNPa05pGcLv
A84: 2026_03_18 16:26:38 | B84: 0.27565845 | C84: ADM Fixed Percent | D84: 13.89488 | E84: 0.28 | F84: 13 | G84: 35.309475 | H84: -120.66243 | I84: 35.31021 | J84: -120.6629 | K84: W3HjVEeEFWXa94BMF8iP5lQOZU03 | L84: 1.2486136 | M84: iPhone13,3 | N84: 2.4.3 | P84: 21 | Q84: 3 | R84: 1 | S84: 5 | T84: y | V84: TREE 4 stem 1 DAY 2 | W84: W25 inventory | X84: deodar cedar | Y84: Cedrus deodara | Z84: https://firebasestorage.googleapis.com/v0/b/wt-foundation-production.appspot.com/o/measurements%2FMeasureMethod.ADM_FIXED_PCT%2FdbhPhoto%2F1773951475998?alt=media&token=8d4df709-1c85-4481-831e-3b70c4704ba0 | AA84: https://firebasestorage.googleapis.com/v0/b/wt-foundation-production.appspot.com/o/measurements%2FMeasureMethod.ADM_FIXED_PCT%2FheightPhoto%2F1773951470090?alt=media&token=76f658b1-f30f-4bd0-aafd-f84ec5fd0ffe | AB84: https://firebasestorage.googleapis.com/v0/b/wt-foundation-production.appspot.com/o/measurements%2FMeasureMethod.ADM_FIXED_PCT%2Fdepth%2F1773951479108?alt=media&token=cd5b6d3e-c7fb-46e4-829e-91bc6bfc5aaf | AC84: 0.23342803 | AD84: 1.0602987 | AE84: 0.24898126 | AF84: 4mvLFNF8rNVlOtXbBMUi
A85: 2026_03_18 16:32:15 | B85: 0.11542921 | C85: ADM Fixed Percent | D85: 1.7329024 | E85: 0.117 | F85: 1.3 | G85: 35.309458 | H85: -120.66276 | K85: W3HjVEeEFWXa94BMF8iP5lQOZU03 | L85: 2.0917542 | M85: iPhone13,3 | N85: 2.4.3 | P85: 21 | Q85: 3 | R85: 2 | S85: 5 | V85: TREE 4 stem 2 DAY 2 | W85: W25 inventory | X85: deodar cedar | Y85: Cedrus deodara | Z85: https://firebasestorage.googleapis.com/v0/b/wt-foundation-production.appspot.com/o/measurements%2FMeasureMethod.ADM_FIXED_PCT%2FdbhPhoto%2F1773951487781?alt=media&token=a601171a-2131-44ae-acf3-b126a30a4c38 | AA85: https://firebasestorage.googleapis.com/v0/b/wt-foundation-production.appspot.com/o/measurements%2FMeasureMethod.ADM_FIXED_PCT%2FheightPhoto%2F1773951483361?alt=media&token=65df6c4b-c134-47be-8244-72dc3f5d76a4 | AB85: https://firebasestorage.googleapis.com/v0/b/wt-foundation-production.appspot.com/o/measurements%2FMeasureMethod.ADM_FIXED_PCT%2Fdepth%2F1773951497259?alt=media&token=fd052629-5a55-4adb-a56e-da4977e9ded9 | AC85: 0.24115622 | AD85: 0.46352927 | AE85: 0.10411926 | AF85: QYOajTCR0y1JUihLz2au
A86: 2026_03_18 15:52:01 | B86: 0.30838308 | C86: ADM Fixed Percent | D86: 15.126721 | E86: 0.328 | F86: 15.3 | G86: 35.309253 | H86: -120.66233 | I86: 35.31024 | J86: -120.66294 | K86: W3HjVEeEFWXa94BMF8iP5lQOZU03 | L86: 1.2880782 | M86: iPhone13,3 | N86: 2.4.3 | P86: 21 | Q86: 4 | R86: 1 | S86: 5 | T86: y | V86: TREE 1 DAY 2 | W86: W25 inventory | X86: deodar cedar | Y86: Cedrus deodara | Z86: https://firebasestorage.googleapis.com/v0/b/wt-foundation-production.appspot.com/o/measurements%2FMeasureMethod.ADM_FIXED_PCT%2FdbhPhoto%2F1773950592728?alt=media&token=9fc8f863-6b5d-46dc-b542-970237acaa40 | AA86: https://firebasestorage.googleapis.com/v0/b/wt-foundation-production.appspot.com/o/measurements%2FMeasureMethod.ADM_FIXED_PCT%2FheightPhoto%2F1773950588554?alt=media&token=d7f07d37-8460-4836-80ac-d58aa1491888 | AB86: https://firebasestorage.googleapis.com/v0/b/wt-foundation-production.appspot.com/o/measurements%2FMeasureMethod.ADM_FIXED_PCT%2Fdepth%2F1773950610873?alt=media&token=461cd95f-32b8-4a47-8d16-805531305f92 | AC86: 0.24479167 | AD86: 1.214851 | AE86: 0.2768217 | AF86: ymbXvYgmrvAlNZiFj9tV
A87: 2026_03_17 15:38:11 | B87: 0.35948566 | C87: ADM Fixed Percent | D87: 12.241009 | E87: 0.387 | F87: 13.2 | G87: 35.310337 | H87: -120.66298 | I87: 35.310284 | J87: -120.66291 | K87: W3HjVEeEFWXa94BMF8iP5lQOZU03 | L87: 1.3288232 | M87: iPhone13,3 | N87: 2.4.2 | P87: 17 | Q87: 5 | R87: 1 | S87: 5 | T87: y | V87: TREE 1 QUAG stem 1 | W87: W25 inventory | X87: coastal live oak | Y87: quercus agrifolia | Z87: https://firebasestorage.googleapis.com/v0/b/wt-foundation-production.appspot.com/o/measurements%2FMeasureMethod.ADM_FIXED_PCT%2FdbhPhoto%2F1773896122238?alt=media&token=beb517a7-15a1-4e16-a0c6-5b414a4e0f7d | AA87: https://firebasestorage.googleapis.com/v0/b/wt-foundation-production.appspot.com/o/measurements%2FMeasureMethod.ADM_FIXED_PCT%2FheightPhoto%2F1773896116710?alt=media&token=ea46caa3-c378-478f-8160-7efd3a5364ff | AB87: https://firebasestorage.googleapis.com/v0/b/wt-foundation-production.appspot.com/o/measurements%2FMeasureMethod.ADM_FIXED_PCT%2Fdepth%2F1773896128224?alt=media&token=c9fb6799-ee1d-47c1-a416-38af36859577 | AC87: 0.23494337 | AD87: 1.3611382 | AE87: 0.32239594 | AF87: V9hCX1ewKAhW6TVvhkr7 | AI87: =SUM(AE85:AE86) -> 0.38094097
A88: 2026_03_17 15:39:41 | B88: 0.13822588 | C88: ADM Fixed Percent | D88: 0.90940702 | E88: 0.144 | F88: 0.95 | G88: 35.310288 | H88: -120.66291 | K88: W3HjVEeEFWXa94BMF8iP5lQOZU03 | L88: 1.2248132 | M88: iPhone13,3 | N88: 2.4.2 | P88: 17 | Q88: 5 | R88: 2 | S88: 5 | V88: stem 2 | W88: W25 inventory | X88: coastal live oak | Y88: quercus agrifolia | Z88: https://firebasestorage.googleapis.com/v0/b/wt-foundation-production.appspot.com/o/measurements%2FMeasureMethod.ADM_FIXED_PCT%2FdbhPhoto%2F1773896151418?alt=media&token=ce067017-2173-4c45-bf06-831706a135df | AA88: https://firebasestorage.googleapis.com/v0/b/wt-foundation-production.appspot.com/o/measurements%2FMeasureMethod.ADM_FIXED_PCT%2FheightPhoto%2F1773896143908?alt=media&token=b9cda55f-d757-40da-aaec-f31e83fa3f63 | AB88: https://firebasestorage.googleapis.com/v0/b/wt-foundation-production.appspot.com/o/measurements%2FMeasureMethod.ADM_FIXED_PCT%2Fdepth%2F1773896160637?alt=media&token=7acdb7e2-5db0-4c94-ad2f-c7e0ebf6ccf4 | AC88: 0.23611111 | AD88: 0.51099956 | AE88: 0.12405359 | AF88: CWX9Sd8UjwyAuICAXb0j
A89: 2026_03_17 16:35:20 | B89: 0.41157525 | C89: ADM Fixed Percent | D89: 13.914988 | E89: 0.45 | F89: 14 | G89: 35.31034 | H89: -120.66298 | I89: 35.310307 | J89: -120.66291 | K89: W3HjVEeEFWXa94BMF8iP5lQOZU03 | L89: 1.0787876 | M89: iPhone13,3 | N89: 2.4.2 | P89: 17 | Q89: 6 | R89: 1 | S89: 5 | T89: y | V89: TREE 2 QUAG | W89: W25 inventory | X89: coastal live oak | Y89: quercus agrifolia | Z89: https://firebasestorage.googleapis.com/v0/b/wt-foundation-production.appspot.com/o/measurements%2FMeasureMethod.ADM_FIXED_PCT%2FdbhPhoto%2F1773896233465?alt=media&token=033c44e3-86c4-420a-8514-869a443f380b | AA89: https://firebasestorage.googleapis.com/v0/b/wt-foundation-production.appspot.com/o/measurements%2FMeasureMethod.ADM_FIXED_PCT%2FheightPhoto%2F1773896225606?alt=media&token=ef6e46b9-d5f6-4e6b-a1a1-64393b4e31f8 | AB89: https://firebasestorage.googleapis.com/v0/b/wt-foundation-production.appspot.com/o/measurements%2FMeasureMethod.ADM_FIXED_PCT%2Fdepth%2F1773896235794?alt=media&token=a60fdfca-41f5-452e-8698-16730d3936c1 | AC89: 0.2349537 | AD89: 1.5812417 | AE89: 0.36972548 | AF89: DmtEya4gP8UZf3xGjudN
A90: 2026_05_08 20:15:14 | B90: 0.1136551 | C90: ADM Fixed Percent | D90: 3.3631234 | E90: 0.139 | F90: 3.1 | G90: 35.310145 | H90: -120.66305 | I90: 35.310169 | J90: -120.66305 | K90: GNNIaIPthVQKUTVjjbAekjaxeHo1 | M90: iPhone13,3 | N90: 2.5.0 | O90: 19 | P90: 22 | Q90: 1 | R90: 1 | S90: 5 | T90: y | W90: W25 inventory | X90: weeping atlas cedar | Y90: cedrus libani ssp. atlantica 'pendula' | Z90: https://firebasestorage.googleapis.com/v0/b/wt-foundation-production.appspot.com/o/measurements%2FMeasureMethod.ADM_FIXED_PCT%2FdbhPhoto%2F1778276282092?alt=media&token=7dbd7e7e-0d71-44b3-a99e-44ec63a9eea7 | AA90: https://firebasestorage.googleapis.com/v0/b/wt-foundation-production.appspot.com/o/measurements%2FMeasureMethod.ADM_FIXED_PCT%2FheightPhoto%2F1778276278987?alt=media&token=a4a611d3-6b74-498a-b08b-f08ab64a6afe | AF90: Zi2L2jBn1Zx6Ox0fgRCg
A91: 2026_05_08 20:18:20 | B91: 0.6944443 | C91: ADM Fixed Percent | D91: 18.22464 | E91: 0.732 | F91: 17.9 | G91: 35.310212 | H91: -120.66304 | I91: 35.310208 | J91: -120.66304 | K91: GNNIaIPthVQKUTVjjbAekjaxeHo1 | M91: iPhone13,3 | N91: 2.5.0 | O91: 20 | P91: 23 | Q91: 1 | R91: 1 | S91: 5 | T91: y | W91: W25 inventory | X91: canary island pine | Y91: Pinus canariensis | Z91: https://firebasestorage.googleapis.com/v0/b/wt-foundation-production.appspot.com/o/measurements%2FMeasureMethod.ADM_FIXED_PCT%2FdbhPhoto%2F1778276288365?alt=media&token=35521e3e-2eed-46fc-9b98-93157515bf65 | AA91: https://firebasestorage.googleapis.com/v0/b/wt-foundation-production.appspot.com/o/measurements%2FMeasureMethod.ADM_FIXED_PCT%2FheightPhoto%2F1778276284593?alt=media&token=f37cea9e-7ba4-46c9-b2da-9e7f0d7ef7fb | AF91: bHo2TVv8t4zRZmnTJfeb
A92: 2026_05_08 20:25:44 | B92: 0.49439667 | C92: ADM Fixed Percent | D92: 16.291504 | E92: 0.617 | F92: 16.8 | G92: 35.310309 | H92: -120.66302 | I92: 35.310271 | J92: -120.66302 | K92: GNNIaIPthVQKUTVjjbAekjaxeHo1 | M92: iPhone13,3 | N92: 2.5.0 | O92: 20 | P92: 23 | Q92: 2 | R92: 1 | S92: 5 | T92: y | U92: bad app dbh | V92: keep height, delete dbh? | W92: W25 inventory | X92: canary island pine | Y92: Pinus canariensis | Z92: https://firebasestorage.googleapis.com/v0/b/wt-foundation-production.appspot.com/o/measurements%2FMeasureMethod.ADM_FIXED_PCT%2FdbhPhoto%2F1778276292429?alt=media&token=eee44a7c-2874-46d3-9c76-866a3fa4d3de | AA92: https://firebasestorage.googleapis.com/v0/b/wt-foundation-production.appspot.com/o/measurements%2FMeasureMethod.ADM_FIXED_PCT%2FheightPhoto%2F1778276289317?alt=media&token=5122a896-9eeb-4e5a-9b3b-fcd6401584c7 | AF92: UL2c5v3cYoCcKc7ucUxR
A93: 2026_05_08 20:27:35 | B93: 0.26956104 | C93: ADM Fixed Percent | D93: 1.2698156 | E93: 0.271 | F93: 1.3 | G93: 35.310279 | H93: -120.66303 | K93: GNNIaIPthVQKUTVjjbAekjaxeHo1 | M93: iPhone13,3 | N93: 2.5.0 | O93: 20 | P93: 23 | Q93: 2 | R93: 2 | S93: 5 | W93: W25 inventory | X93: canary island pine | Y93: Pinus canariensis | Z93: https://firebasestorage.googleapis.com/v0/b/wt-foundation-production.appspot.com/o/measurements%2FMeasureMethod.ADM_FIXED_PCT%2FdbhPhoto%2F1778276298907?alt=media&token=cb172852-f8c7-4616-a8a0-4d1a1b3f8425 | AA93: https://firebasestorage.googleapis.com/v0/b/wt-foundation-production.appspot.com/o/measurements%2FMeasureMethod.ADM_FIXED_PCT%2FheightPhoto%2F1778276294226?alt=media&token=d7b21fd2-3e5a-43ed-8cce-b54bac4c167b | AF93: fYc3afppiKXdX6JETcfY
A94: 2026_05_08 20:28:45 | B94: 0.619757 | C94: ADM Fixed Percent | D94: 1.7694942 | E94: 0.617 | G94: 35.31029 | H94: -120.66301 | K94: GNNIaIPthVQKUTVjjbAekjaxeHo1 | M94: iPhone13,3 | N94: 2.5.0 | O94: 20 | S94: 6 | U94: bad app height | V94: pine tree 2 larger stem take 2 | W94: W25 inventory | X94: canary island pine | Z94: https://firebasestorage.googleapis.com/v0/b/wt-foundation-production.appspot.com/o/measurements%2FMeasureMethod.ADM_FIXED_PCT%2FdbhPhoto%2F1778276303232?alt=media&token=e4e2bb0d-4ca4-41db-ad50-16c8f253afae | AA94: https://firebasestorage.googleapis.com/v0/b/wt-foundation-production.appspot.com/o/measurements%2FMeasureMethod.ADM_FIXED_PCT%2FheightPhoto%2F1778276301825?alt=media&token=14adc0e1-15c6-4ae2-b4d6-3f2d59f00588 | AF94: rVLSxfMMVyTYulOA0qOG
A95: no WT data available | E95: 0.065 | F95: 4 | I95: 35.310276 | J95: -120.66309 | P95: 24 | Q95: 1 | R95: 1 | S95: 5 | T95: y | U95: no WT data able to be | X95: MONTEREY CYPRESS | Y95: Hesperocyparis macrocarpa
E96: 0.024 | F96: 1.3 | P96: 24 | Q96: 1 | R96: 2 | S96: 5 | U96: collected | X96: MONTEREY CYPRESS | Y96: Hesperocyparis macrocarpa
A97: 2026_05_09 16:39:05 | B97: 0.61544881 | C97: ADM Fixed Percent | D97: 12.926462 | E97: 0.629 | F97: 11.8 | G97: 35.310517 | H97: -120.6615 | I97: 35.310447 | J97: -120.6615 | K97: GNNIaIPthVQKUTVjjbAekjaxeHo1 | M97: iPhone13,3 | N97: 2.5.0 | O97: 21 | P97: 25 | Q97: 1 | R97: 1 | S97: 4 | T97: y | W97: W25 inventory | X97: italian stone pine | Y97: Pinus pinea | Z97: https://firebasestorage.googleapis.com/v0/b/wt-foundation-production.appspot.com/o/measurements%2FMeasureMethod.ADM_FIXED_PCT%2FdbhPhoto%2F1778363576152?alt=media&token=de70695e-45b8-4400-864d-680252aa49f9 | AA97: https://firebasestorage.googleapis.com/v0/b/wt-foundation-production.appspot.com/o/measurements%2FMeasureMethod.ADM_FIXED_PCT%2FheightPhoto%2F1778363576147?alt=media&token=a8609150-9f04-45e6-9441-e424dd44c10d | AF97: hja566twX8jb83DLQ1UL
A98: 2026_05_09 16:56:47 | B98: 0.21642414 | C98: ADM Fixed Percent | D98: 12.026494 | E98: 0.223 | F98: 11.7 | G98: 35.310499 | H98: -120.66147 | I98: 35.310436 | J98: -120.66144 | K98: GNNIaIPthVQKUTVjjbAekjaxeHo1 | M98: iPhone13,3 | N98: 2.5.0 | O98: 21 | P98: 25 | Q98: 2 | R98: 1 | S98: 4 | T98: y | W98: W25 inventory | X98: italian stone pine | Y98: Pinus pinea | Z98: https://firebasestorage.googleapis.com/v0/b/wt-foundation-production.appspot.com/o/measurements%2FMeasureMethod.ADM_FIXED_PCT%2FdbhPhoto%2F1778363580024?alt=media&token=a1dde6b9-931e-4793-9222-46cc3660d360 | AA98: https://firebasestorage.googleapis.com/v0/b/wt-foundation-production.appspot.com/o/measurements%2FMeasureMethod.ADM_FIXED_PCT%2FheightPhoto%2F1778363576152?alt=media&token=1f720e16-a05d-4f02-948c-54e894f84d7c | AF98: sdchWe0s71PLIbO1WNiV
A99: 2026_05_09 17:00:18 | B99: 0.31093566 | C99: ADM Fixed Percent | D99: 1.4397143 | E99: 0.363 | G99: 35.310433 | H99: -120.66146 | K99: GNNIaIPthVQKUTVjjbAekjaxeHo1 | M99: iPhone13,3 | N99: 2.5.0 | O99: 21 | P99: 25 | Q99: 2 | R99: 2 | S99: 4 | V99: tree 2 stem 2 | W99: W25 inventory | X99: italian stone pine | Y99: Pinus pinea | Z99: https://firebasestorage.googleapis.com/v0/b/wt-foundation-production.appspot.com/o/measurements%2FMeasureMethod.ADM_FIXED_PCT%2FdbhPhoto%2F1778363612914?alt=media&token=88d52af1-d097-4155-b597-93f3b6d61243 | AA99: https://firebasestorage.googleapis.com/v0/b/wt-foundation-production.appspot.com/o/measurements%2FMeasureMethod.ADM_FIXED_PCT%2FheightPhoto%2F1778363603095?alt=media&token=58ed725d-b542-4dbf-8097-c18aab8580d7 | AF99: 3nASBGfvishGxENUvk40
A100: 2026_05_09 17:00:46 | B100: 0.39598749 | C100: ADM Fixed Percent | D100: 1.3448484 | E100: 0.414 | F100: 1.3 | G100: 35.310435 | H100: -120.66147 | K100: GNNIaIPthVQKUTVjjbAekjaxeHo1 | M100: iPhone13,3 | N100: 2.5.0 | O100: 21 | P100: 25 | Q100: 2 | R100: 3 | S100: 4 | W100: W25 inventory | X100: italian stone pine | Y100: Pinus pinea | Z100: https://firebasestorage.googleapis.com/v0/b/wt-foundation-production.appspot.com/o/measurements%2FMeasureMethod.ADM_FIXED_PCT%2FdbhPhoto%2F1778363642048?alt=media&token=a6083727-9fa1-413d-a4ce-845a4202b91a | AA100: https://firebasestorage.googleapis.com/v0/b/wt-foundation-production.appspot.com/o/measurements%2FMeasureMethod.ADM_FIXED_PCT%2FheightPhoto%2F1778363620011?alt=media&token=eb687db4-f16a-4561-a4aa-2a884b7b9989 | AF100: sGmlyWFm8dZoyQXyxwbf
...

Sheet Biomass Calcs
A1: Spec. | B1: Tree | C1: Stem | D1: Footprint | E1: Tree Num | G1: Sci. Species Name | H1: WT DBH (m) | I1: WT Height | J1: GT DBH (m) | K1: GT Height | L1: Allo. Eqn. Source / Density | M1: Allo Eqn. Code / Type | N1: SpSp? Species Specific? (Y/N) | O1: Allometric Equation | P1: DW Density | Q1: SpSpDW? | R1: Manual Biomass | S1: WT Biomass | U1: Notes | V1: Manual Bio. Tot. | W1: WT Bio. Tot. | X1: Total Number of Trees | Y1: Total Spec
A2: {=_xlfn.UNIQUE(_xlfn._xlws.FILTER('Footprint Trees'!P2:Q1036, 'Footprint Trees'!P2:P1036<>""))} -> 1 | B2: 1 | C2: {=MAX(IF(('Footprint Trees'!$P$2:$P$1036=A2)*('Footprint Trees'!$Q$2:$Q$1036=B2),'Footprint Trees'!$R$2:$R$1036))} -> 7 | D2: {=_xlfn._xlws.FILTER('Footprint Trees'!S2:S1037, ('Footprint Trees'!P2:P1037=A2)*('Footprint Trees'!Q2:Q1037=B2)*('Footprint Trees'!R2:R1037=C2))} -> 1 | E2: {=A2:A100& "." &B2:B100& "." &C2:C100} -> 1.1.7 | F2: {=_xlfn._xlws.FILTER('Footprint Trees'!X2:X1037, ('Footprint Trees'!$P$2:$P$1037=$A2)*('Footprint Trees'!$Q$2:$Q$1037=$B2)*('Footprint Trees'!$R$2:$R$1037=$C2))} -> weeping bottlebrush | G2: {=_xlfn._xlws.FILTER('Footprint Trees'!Y2:Y1037, ('Footprint Trees'!P2:P1037=A2)*('Footprint Trees'!Q2:Q1037=B2)*('Footprint Trees'!R2:R1037=C2))} -> Callistemon viminalis | H2: {=SQRT(SUMPRODUCT((('Footprint Trees'!$P$2:$P$1036='Biomass Calcs'!A2)*('Footprint Trees'!$Q$2:$Q$1036='Biomass Calcs'!B2))*('Footprint Trees'!$B$2:$B$1036)^2))} -> 0.26250848 | I2: {=_xlfn._xlws.FILTER('Footprint Trees'!D2:D1037, 'Footprint Trees'!R2:R1037=1)} -> 9.8815746 | J2: {=SQRT(SUMPRODUCT((('Footprint Trees'!$P$2:$P$1036='Biomass Calcs'!A2)*('Footprint Trees'!$Q$2:$Q$1036='Biomass Calcs'!B2))*('Footprint Trees'!$E$2:$E$1036)^2))} -> 0.29537772 | K2: {=_xlfn._xlws.FILTER('Footprint Trees'!F2:F1037, 'Footprint Trees'!R2:R1037=1)} -> 10.8 | L2: McPherson et al. 2016 | M2: UGEB (urban general broadleaf) | N2: N | O2: 0.0001967 × dbhcm^1.951853 × htm^0.664255 | P2: 690 | R2: =0.0001967*((J2*100)^(1.951853))*((K2)^(0.664255))*P2 -> 488.73287 | S2: =0.0001967*((H2*100)^(1.951853))*((I2)^(0.664255))*P2 -> 365.95769 | T2: 365.96 | V2: =_xlfn.AGGREGATE(9,6,L89:L170) -> 36816.97 | W2: =_xlfn.AGGREGATE(9,6,M89:M180) -> 32661.51 | X2: =COUNT(B:B) -> 81 | Y2: =MAX(A:A) -> 39
A3: 2 | B3: 1 | C3: {=MAX(IF(('Footprint Trees'!$P$2:$P$1036=A3)*('Footprint Trees'!$Q$2:$Q$1036=B3),'Footprint Trees'!$R$2:$R$1036))} -> 1 | D3: {=_xlfn._xlws.FILTER('Footprint Trees'!S3:S1038, ('Footprint Trees'!P3:P1038=A3)*('Footprint Trees'!Q3:Q1038=B3)*('Footprint Trees'!R3:R1038=C3))} -> 1 | E3: 2.1.1 | F3: {=_xlfn._xlws.FILTER('Footprint Trees'!X3:X1038, ('Footprint Trees'!P3:P1038=A3)*('Footprint Trees'!Q3:Q1038=B3)*('Footprint Trees'!R3:R1038=C3))} -> punk tree / broad-leafed paperbark | G3: {=_xlfn._xlws.FILTER('Footprint Trees'!Y3:Y1038, ('Footprint Trees'!P3:P1038=A3)*('Footprint Trees'!Q3:Q1038=B3)*('Footprint Trees'!R3:R1038=C3))} -> Melaleuca quinquenervia | H3: {=SQRT(SUMPRODUCT((('Footprint Trees'!$P$2:$P$1036='Biomass Calcs'!A3)*('Footprint Trees'!$Q$2:$Q$1036='Biomass Calcs'!B3))*('Footprint Trees'!$B$2:$B$1036)^2))} -> 0.17142462 | I3: 10.652451 | J3: {=SQRT(SUMPRODUCT((('Footprint Trees'!$P$2:$P$1036='Biomass Calcs'!A3)*('Footprint Trees'!$Q$2:$Q$1036='Biomass Calcs'!B3))*('Footprint Trees'!$E$2:$E$1036)^2))} -> 0.167 | K3: 10 | L3: McPherson et al. 2016 | M3: MEQU | N3: N | O3: EXP(-1.83+2.01 × LN(dbhcm) | P3: 520 | R3: =EXP(-1.83+2.01*LN(J3*100)) -> 46.015188 | S3: =EXP(-1.83+2.01*LN(H3*100)) -> 48.498493 | T3: 48.5 | X3: ** check the sources for each DW density is referenced properly
A4: 2 | B4: 2 | C4: {=MAX(IF(('Footprint Trees'!$P$2:$P$1036=A4)*('Footprint Trees'!$Q$2:$Q$1036=B4),'Footprint Trees'!$R$2:$R$1036))} -> 1 | D4: {=_xlfn._xlws.FILTER('Footprint Trees'!S4:S1039, ('Footprint Trees'!P4:P1039=A4)*('Footprint Trees'!Q4:Q1039=B4)*('Footprint Trees'!R4:R1039=C4))} -> 1 | E4: 2.2.1 | F4: {=_xlfn._xlws.FILTER('Footprint Trees'!X4:X1039, ('Footprint Trees'!P4:P1039=A4)*('Footprint Trees'!Q4:Q1039=B4)*('Footprint Trees'!R4:R1039=C4))} -> punk tree / broad-leafed paperbark | G4: {=_xlfn._xlws.FILTER('Footprint Trees'!Y4:Y1039, ('Footprint Trees'!P4:P1039=A4)*('Footprint Trees'!Q4:Q1039=B4)*('Footprint Trees'!R4:R1039=C4))} -> Melaleuca quinquenervia | H4: {=SQRT(SUMPRODUCT((('Footprint Trees'!$P$2:$P$1036='Biomass Calcs'!A4)*('Footprint Trees'!$Q$2:$Q$1036='Biomass Calcs'!B4))*('Footprint Trees'!$B$2:$B$1036)^2))} -> 0.3206558 | I4: 13.21403 | J4: {=SQRT(SUMPRODUCT((('Footprint Trees'!$P$2:$P$1036='Biomass Calcs'!A4)*('Footprint Trees'!$Q$2:$Q$1036='Biomass Calcs'!B4))*('Footprint Trees'!$E$2:$E$1036)^2))} -> 0.328 | K4: 13.7 | L4: McPherson et al. 2016 | M4: MEQU | N4: Y | O4: EXP(-1.83+2.01 × LN(dbhcm) | P4: 520 | R4: =EXP(-1.83+2.01*LN(J4*100)) -> 178.70945 | S4: =EXP(-1.83+2.01*LN(H4*100)) -> 170.75746 | T4: 170.76 | X4: ** check the equations pulled from globallometree for
A5: 3 | B5: 1 | C5: {=MAX(IF(('Footprint Trees'!$P$2:$P$1036=A5)*('Footprint Trees'!$Q$2:$Q$1036=B5),'Footprint Trees'!$R$2:$R$1036))} -> 2 | D5: {=_xlfn._xlws.FILTER('Footprint Trees'!S5:S1040, ('Footprint Trees'!P5:P1040=A5)*('Footprint Trees'!Q5:Q1040=B5)*('Footprint Trees'!R5:R1040=C5))} -> 1 | E5: 3.1.2 | F5: {=_xlfn._xlws.FILTER('Footprint Trees'!X5:X1040, ('Footprint Trees'!P5:P1040=A5)*('Footprint Trees'!Q5:Q1040=B5)*('Footprint Trees'!R5:R1040=C5))} -> Australian coral tree | G5: {=_xlfn._xlws.FILTER('Footprint Trees'!Y5:Y1040, ('Footprint Trees'!P5:P1040=A5)*('Footprint Trees'!Q5:Q1040=B5)*('Footprint Trees'!R5:R1040=C5))} -> Erythrina × sykesii | H5: {=SQRT(SUMPRODUCT((('Footprint Trees'!$P$2:$P$1036='Biomass Calcs'!A5)*('Footprint Trees'!$Q$2:$Q$1036='Biomass Calcs'!B5))*('Footprint Trees'!$B$2:$B$1036)^2))} -> 0.81144907 | I5: 13.192575 | J5: {=SQRT(SUMPRODUCT((('Footprint Trees'!$P$2:$P$1036='Biomass Calcs'!A5)*('Footprint Trees'!$Q$2:$Q$1036='Biomass Calcs'!B5))*('Footprint Trees'!$E$2:$E$1036)^2))} -> 0.97744565 | K5: 13.3 | L5: Gen Trop Chave et al. 2005 / GWDD (Erythrina lysistemon) | M5: GNTRC | N5: N | O5: 0.112 * ((dw density/1000) * dbhcm^2 * htm)^0.916 | P5: 260 | R5: =0.112*((P5/1000)*((J5*100)^2)*K5)^0.916 -> 1543.9435 | S5: =0.112*((P5/1000)*((H5*100)^2)*I5)^0.916 -> 1089.7381 | T5: 1089.74
A6: 4 | B6: 1 | C6: {=MAX(IF(('Footprint Trees'!$P$2:$P$1036=A6)*('Footprint Trees'!$Q$2:$Q$1036=B6),'Footprint Trees'!$R$2:$R$1036))} -> 1 | D6: {=_xlfn._xlws.FILTER('Footprint Trees'!S6:S1041, ('Footprint Trees'!P6:P1041=A6)*('Footprint Trees'!Q6:Q1041=B6)*('Footprint Trees'!R6:R1041=C6))} -> 1 | E6: 4.1.1 | F6: {=_xlfn._xlws.FILTER('Footprint Trees'!X6:X1041, ('Footprint Trees'!P6:P1041=A6)*('Footprint Trees'!Q6:Q1041=B6)*('Footprint Trees'!R6:R1041=C6))} -> dawn redwood | G6: {=_xlfn._xlws.FILTER('Footprint Trees'!Y6:Y1041, ('Footprint Trees'!P6:P1041=A6)*('Footprint Trees'!Q6:Q1041=B6)*('Footprint Trees'!R6:R1041=C6))} -> Metasequoia glyptostroboides | H6: {=SQRT(SUMPRODUCT((('Footprint Trees'!$P$2:$P$1036='Biomass Calcs'!A6)*('Footprint Trees'!$Q$2:$Q$1036='Biomass Calcs'!B6))*('Footprint Trees'!$B$2:$B$1036)^2))} -> 0.084026725 | I6: 14.365968 | J6: {=SQRT(SUMPRODUCT((('Footprint Trees'!$P$2:$P$1036='Biomass Calcs'!A6)*('Footprint Trees'!$Q$2:$Q$1036='Biomass Calcs'!B6))*('Footprint Trees'!$E$2:$E$1036)^2))} -> 0.357 | K6: 13.9 | L6: Jenkins et al. 2004 | M6: CL (general softwood cedar/larch) | N6: N | O6: EXP(-2.0336+2.2592 × LN(dbhcm)) | P6: 320 | R6: =EXP(-2.0336+2.2592*LN(J6*100)) -> 421.31486 | S6: =EXP(-2.0336+2.2592*LN(H6*100)) -> 16.042152 | T6: 16.04 | X6: =81-16 -> 65
A7: 5 | B7: 1 | C7: {=MAX(IF(('Footprint Trees'!$P$2:$P$1036=A7)*('Footprint Trees'!$Q$2:$Q$1036=B7),'Footprint Trees'!$R$2:$R$1036))} -> 1 | D7: {=_xlfn._xlws.FILTER('Footprint Trees'!S7:S1042, ('Footprint Trees'!P7:P1042=A7)*('Footprint Trees'!Q7:Q1042=B7)*('Footprint Trees'!R7:R1042=C7))} -> 1 | E7: 5.1.1 | F7: {=_xlfn._xlws.FILTER('Footprint Trees'!X7:X1042, ('Footprint Trees'!P7:P1042=A7)*('Footprint Trees'!Q7:Q1042=B7)*('Footprint Trees'!R7:R1042=C7))} -> coast redwood | G7: {=_xlfn._xlws.FILTER('Footprint Trees'!Y7:Y1042, ('Footprint Trees'!P7:P1042=A7)*('Footprint Trees'!Q7:Q1042=B7)*('Footprint Trees'!R7:R1042=C7))} -> Sequoia sempervirens | H7: {=SQRT(SUMPRODUCT((('Footprint Trees'!$P$2:$P$1036='Biomass Calcs'!A7)*('Footprint Trees'!$Q$2:$Q$1036='Biomass Calcs'!B7))*('Footprint Trees'!$B$2:$B$1036)^2))} -> 0.32580039 | I7: 11.096119 | J7: {=SQRT(SUMPRODUCT((('Footprint Trees'!$P$2:$P$1036='Biomass Calcs'!A7)*('Footprint Trees'!$Q$2:$Q$1036='Biomass Calcs'!B7))*('Footprint Trees'!$E$2:$E$1036)^2))} -> 0.331 | K7: 10.5 | L7: Jenkins et al. 2004 | M7: CL (general softwood cedar/larch) | N7: N | O7: EXP(-2.0336+2.2592 × LN(dbhcm)) | P7: 360 | R7: =EXP(-2.0336+2.2592*LN(J7*100)) -> 355.1519 | S7: =EXP(-2.0336+2.2592*LN(H7*100)) -> 342.67231 | T7: 342.67 | U7: with foliage ratio
A8: 5 | B8: 2 | C8: {=MAX(IF(('Footprint Trees'!$P$2:$P$1036=A8)*('Footprint Trees'!$Q$2:$Q$1036=B8),'Footprint Trees'!$R$2:$R$1036))} -> 1 | D8: {=_xlfn._xlws.FILTER('Footprint Trees'!S8:S1043, ('Footprint Trees'!P8:P1043=A8)*('Footprint Trees'!Q8:Q1043=B8)*('Footprint Trees'!R8:R1043=C8))} -> 1 | E8: 5.2.1 | F8: {=_xlfn._xlws.FILTER('Footprint Trees'!X8:X1043, ('Footprint Trees'!P8:P1043=A8)*('Footprint Trees'!Q8:Q1043=B8)*('Footprint Trees'!R8:R1043=C8))} -> coast redwood | G8: {=_xlfn._xlws.FILTER('Footprint Trees'!Y8:Y1043, ('Footprint Trees'!P8:P1043=A8)*('Footprint Trees'!Q8:Q1043=B8)*('Footprint Trees'!R8:R1043=C8))} -> Sequoia sempervirens | H8: {=SQRT(SUMPRODUCT((('Footprint Trees'!$P$2:$P$1036='Biomass Calcs'!A8)*('Footprint Trees'!$Q$2:$Q$1036='Biomass Calcs'!B8))*('Footprint Trees'!$B$2:$B$1036)^2))} -> 0.954154 | I8: 20.15184 | J8: {=SQRT(SUMPRODUCT((('Footprint Trees'!$P$2:$P$1036='Biomass Calcs'!A8)*('Footprint Trees'!$Q$2:$Q$1036='Biomass Calcs'!B8))*('Footprint Trees'!$E$2:$E$1036)^2))} -> 0.98 | K8: 19.5 | L8: Jenkins et al. 2004 | M8: CL (general softwood cedar/larch) | N8: N | O8: EXP(-2.0336+2.2592 × LN(dbhcm)) | P8: 360 | R8: =EXP(-2.0336+2.2592*LN(J8*100)) -> 4124.7411 | S8: =EXP(-2.0336+2.2592*LN(H8*100)) -> 3883.0484 | T8: 3883.05 | U8: big ass redwood, with foliage ratio | AE8: dfdf
A9: 6 | B9: 1 | C9: {=MAX(IF(('Footprint Trees'!$P$2:$P$1036=A9)*('Footprint Trees'!$Q$2:$Q$1036=B9),'Footprint Trees'!$R$2:$R$1036))} -> 5 | D9: {=_xlfn._xlws.FILTER('Footprint Trees'!S9:S1044, ('Footprint Trees'!P9:P1044=A9)*('Footprint Trees'!Q9:Q1044=B9)*('Footprint Trees'!R9:R1044=C9))} -> 1 | E9: 6.1.5 | F9: {=_xlfn._xlws.FILTER('Footprint Trees'!X9:X1044, ('Footprint Trees'!P9:P1044=A9)*('Footprint Trees'!Q9:Q1044=B9)*('Footprint Trees'!R9:R1044=C9))} -> lemon bottlebrush | G9: {=_xlfn._xlws.FILTER('Footprint Trees'!Y9:Y1044, ('Footprint Trees'!P9:P1044=A9)*('Footprint Trees'!Q9:Q1044=B9)*('Footprint Trees'!R9:R1044=C9))} -> callistemon citrinus | H9: {=SQRT(SUMPRODUCT((('Footprint Trees'!$P$2:$P$1036='Biomass Calcs'!A9)*('Footprint Trees'!$Q$2:$Q$1036='Biomass Calcs'!B9))*('Footprint Trees'!$B$2:$B$1036)^2))} -> 0.43854786 | I9: 5.420517 | J9: {=SQRT(SUMPRODUCT((('Footprint Trees'!$P$2:$P$1036='Biomass Calcs'!A9)*('Footprint Trees'!$Q$2:$Q$1036='Biomass Calcs'!B9))*('Footprint Trees'!$E$2:$E$1036)^2))} -> 0.36683 | K9: 5.2 | L9: McPherson et al. 2016 | M9: UGEB (urban general broadleaf) | N9: N | O9: 0.0001967 × dbhcm^1.951853 × htm^0.664255 | P9: 690 | R9: =0.0001967*((J9*100)^(1.951853))*((K9)^(0.664255))*P9 -> 459.0581 | S9: =0.0001967*((H9*100)^(1.951853))*((I9)^(0.664255))*P9 -> 668.68172 | T9: 668.68
A10: 7 | B10: 1 | C10: {=MAX(IF(('Footprint Trees'!$P$2:$P$1036=A10)*('Footprint Trees'!$Q$2:$Q$1036=B10),'Footprint Trees'!$R$2:$R$1036))} -> 1 | D10: {=_xlfn._xlws.FILTER('Footprint Trees'!S10:S1045, ('Footprint Trees'!P10:P1045=A10)*('Footprint Trees'!Q10:Q1045=B10)*('Footprint Trees'!R10:R1045=C10))} -> 1 | E10: 7.1.1 | F10: {=_xlfn._xlws.FILTER('Footprint Trees'!X10:X1045, ('Footprint Trees'!P10:P1045=A10)*('Footprint Trees'!Q10:Q1045=B10)*('Footprint Trees'!R10:R1045=C10))} -> acacia | G10: {=_xlfn._xlws.FILTER('Footprint Trees'!Y10:Y1045, ('Footprint Trees'!P10:P1045=A10)*('Footprint Trees'!Q10:Q1045=B10)*('Footprint Trees'!R10:R1045=C10))} -> Acacia boormanii | H10: {=SQRT(SUMPRODUCT((('Footprint Trees'!$P$2:$P$1036='Biomass Calcs'!A10)*('Footprint Trees'!$Q$2:$Q$1036='Biomass Calcs'!B10))*('Footprint Trees'!$B$2:$B$1036)^2))} -> 0.075853 | I10: 9.577039 | J10: {=SQRT(SUMPRODUCT((('Footprint Trees'!$P$2:$P$1036='Biomass Calcs'!A10)*('Footprint Trees'!$Q$2:$Q$1036='Biomass Calcs'!B10))*('Footprint Trees'!$E$2:$E$1036)^2))} -> 0.062 | K10: 8.2 | L10: Paul et al. 2013 | M10: Generic Acacia tree ( | N10: N | O10: ln(y) = a' + b * ln(x) + e' | P10: 600 | R10: =EXP(-1.59+2.19*LN(J10*100))*1.05 -> 11.64123 | S10: =EXP(-1.59+2.19*LN(H10*100))*1.05 -> 18.105121 | T10: 18.11
A11: 1 | B11: 2 | C11: {=MAX(IF(('Footprint Trees'!$P$2:$P$1036=A11)*('Footprint Trees'!$Q$2:$Q$1036=B11),'Footprint Trees'!$R$2:$R$1036))} -> 3 | D11: {=_xlfn._xlws.FILTER('Footprint Trees'!S11:S1046, ('Footprint Trees'!P11:P1046=A11)*('Footprint Trees'!Q11:Q1046=B11)*('Footprint Trees'!R11:R1046=C11))} -> 1 | E11: 1.2.3 | F11: {=_xlfn._xlws.FILTER('Footprint Trees'!X11:X1046, ('Footprint Trees'!P11:P1046=A11)*('Footprint Trees'!Q11:Q1046=B11)*('Footprint Trees'!R11:R1046=C11))} -> weeping bottlebrush | G11: {=_xlfn._xlws.FILTER('Footprint Trees'!Y11:Y1046, ('Footprint Trees'!P11:P1046=A11)*('Footprint Trees'!Q11:Q1046=B11)*('Footprint Trees'!R11:R1046=C11))} -> Callistemon viminalis | H11: {=SQRT(SUMPRODUCT((('Footprint Trees'!$P$2:$P$1036='Biomass Calcs'!A11)*('Footprint Trees'!$Q$2:$Q$1036='Biomass Calcs'!B11))*('Footprint Trees'!$B$2:$B$1036)^2))} -> 0.1471155 | I11: 8.892515 | J11: {=SQRT(SUMPRODUCT((('Footprint Trees'!$P$2:$P$1036='Biomass Calcs'!A11)*('Footprint Trees'!$Q$2:$Q$1036='Biomass Calcs'!B11))*('Footprint Trees'!$E$2:$E$1036)^2))} -> 0.15855993 | K11: 8.2 | L11: McPherson et al. 2016 | M11: UGEB (urban general broadleaf) | N11: N | O11: 0.0001967 × dbhcm^1.951853 × htm^0.664255 | P11: 690 | R11: =0.0001967*((J11*100)^(1.951853))*((K11)^(0.664255))*P11 -> 120.85372 | S11: =0.0001967*((H11*100)^(1.951853))*((I11)^(0.664255))*P11 -> 110.19082 | T11: 110.19 | U11: used general equation
A12: 8 | B12: 1 | C12: {=MAX(IF(('Footprint Trees'!$P$2:$P$1036=A12)*('Footprint Trees'!$Q$2:$Q$1036=B12),'Footprint Trees'!$R$2:$R$1036))} -> 1 | D12: {=_xlfn._xlws.FILTER('Footprint Trees'!S12:S1047, ('Footprint Trees'!P12:P1047=A12)*('Footprint Trees'!Q12:Q1047=B12)*('Footprint Trees'!R12:R1047=C12))} -> 1 | E12: 8.1.1 | F12: {=_xlfn._xlws.FILTER('Footprint Trees'!X12:X1047, ('Footprint Trees'!P12:P1047=A12)*('Footprint Trees'!Q12:Q1047=B12)*('Footprint Trees'!R12:R1047=C12))} -> bunya bunya | G12: {=_xlfn._xlws.FILTER('Footprint Trees'!Y12:Y1047, ('Footprint Trees'!P12:P1047=A12)*('Footprint Trees'!Q12:Q1047=B12)*('Footprint Trees'!R12:R1047=C12))} -> Araucaria bidwillii | H12: {=SQRT(SUMPRODUCT((('Footprint Trees'!$P$2:$P$1036='Biomass Calcs'!A12)*('Footprint Trees'!$Q$2:$Q$1036='Biomass Calcs'!B12))*('Footprint Trees'!$B$2:$B$1036)^2))} -> 0.098659 | I12: 4.456283 | J12: {=SQRT(SUMPRODUCT((('Footprint Trees'!$P$2:$P$1036='Biomass Calcs'!A12)*('Footprint Trees'!$Q$2:$Q$1036='Biomass Calcs'!B12))*('Footprint Trees'!$E$2:$E$1036)^2))} -> 0.1005 | K12: 4.1 | L12: Chave et al. 2014 | N12: N | O12: AGB=0.0673(ρD2H)0.976 | P12: 410 | R12: =0.0673*((P12/1000)*((J12*100)^2)*K12)^0.976 -> 10.101766 | S12: =0.0673*((P12/1000)*((H12*100)^2)*I12)^0.976 -> 10.569255 | T12: 10.57
A13: 8 | B13: 2 | C13: {=MAX(IF(('Footprint Trees'!$P$2:$P$1036=A13)*('Footprint Trees'!$Q$2:$Q$1036=B13),'Footprint Trees'!$R$2:$R$1036))} -> 1 | D13: {=_xlfn._xlws.FILTER('Footprint Trees'!S13:S1048, ('Footprint Trees'!P13:P1048=A13)*('Footprint Trees'!Q13:Q1048=B13)*('Footprint Trees'!R13:R1048=C13))} -> 1 | E13: 8.2.1 | F13: {=_xlfn._xlws.FILTER('Footprint Trees'!X13:X1048, ('Footprint Trees'!P13:P1048=A13)*('Footprint Trees'!Q13:Q1048=B13)*('Footprint Trees'!R13:R1048=C13))} -> bunya bunya | G13: {=_xlfn._xlws.FILTER('Footprint Trees'!Y13:Y1048, ('Footprint Trees'!P13:P1048=A13)*('Footprint Trees'!Q13:Q1048=B13)*('Footprint Trees'!R13:R1048=C13))} -> Araucaria bidwillii | H13: {=SQRT(SUMPRODUCT((('Footprint Trees'!$P$2:$P$1036='Biomass Calcs'!A13)*('Footprint Trees'!$Q$2:$Q$1036='Biomass Calcs'!B13))*('Footprint Trees'!$B$2:$B$1036)^2))} -> 0.032521 | I13: 4.166471 | J13: {=SQRT(SUMPRODUCT((('Footprint Trees'!$P$2:$P$1036='Biomass Calcs'!A13)*('Footprint Trees'!$Q$2:$Q$1036='Biomass Calcs'!B13))*('Footprint Trees'!$E$2:$E$1036)^2))} -> 0.095 | K13: 4.2 | L13: Chave et al. 2014 | N13: N | O13: AGB=0.0673(ρD2H)0.976 | P13: 410 | R13: =0.0673*((P13/1000)*((J13*100)^2)*K13)^0.976 -> 9.2661621 | S13: =0.0673*((P13/1000)*((H13*100)^2)*I13)^0.976 -> 1.1343053 | T13: 1.13 | Z13: Footprint | AA13: Manual Biomass | AB13: WT Biomass | AC13: GEDI Biomass | AD13: gedi l4a quality flag | AE13: code labels | AF13: true label | AH13: n_trees | AI13: n_coord_within | AJ13: ITS 2.5m | AK13: ITS 3m
A14: 9 | B14: 1 | C14: {=MAX(IF(('Footprint Trees'!$P$2:$P$1036=A14)*('Footprint Trees'!$Q$2:$Q$1036=B14),'Footprint Trees'!$R$2:$R$1036))} -> 2 | D14: {=_xlfn._xlws.FILTER('Footprint Trees'!S14:S1049, ('Footprint Trees'!P14:P1049=A14)*('Footprint Trees'!Q14:Q1049=B14)*('Footprint Trees'!R14:R1049=C14))} -> 1 | E14: 9.1.2 | F14: {=_xlfn._xlws.FILTER('Footprint Trees'!X14:X1049, ('Footprint Trees'!P14:P1049=A14)*('Footprint Trees'!Q14:Q1049=B14)*('Footprint Trees'!R14:R1049=C14))} -> white bottlebrush | G14: {=_xlfn._xlws.FILTER('Footprint Trees'!Y14:Y1049, ('Footprint Trees'!P14:P1049=A14)*('Footprint Trees'!Q14:Q1049=B14)*('Footprint Trees'!R14:R1049=C14))} -> Banksia integrifolia | H14: {=SQRT(SUMPRODUCT((('Footprint Trees'!$P$2:$P$1036='Biomass Calcs'!A14)*('Footprint Trees'!$Q$2:$Q$1036='Biomass Calcs'!B14))*('Footprint Trees'!$B$2:$B$1036)^2))} -> 0.19994032 | I14: 12.53917 | J14: {=SQRT(SUMPRODUCT((('Footprint Trees'!$P$2:$P$1036='Biomass Calcs'!A14)*('Footprint Trees'!$Q$2:$Q$1036='Biomass Calcs'!B14))*('Footprint Trees'!$E$2:$E$1036)^2))} -> 0.21232287 | K14: 11.3 | L14: McPherson et al. 2016 | M14: UGEB (urban general broadleaf) | N14: N | O14: 0.0001967 × dbhcm^1.951853 × htm^0.664255 | P14: 500 | R14: =0.0001967*((J14*100)^(1.951853))*((K14)^(0.664255))*P14 -> 191.5974 | S14: =0.0001967*((H14*100)^(1.951853))*((I14)^(0.664255))*P14 -> 182.58757 | T14: 182.59 | U14: used general equation | Z14: 1 | AA14: 8952.0065 | AB14: 8495.7541 | AC14: 2260.11 | AD14: 0 | AE14: 1 | AF14: 1 | AG14: 2260.11 | AH14: =COUNTIF(D:D, "1") -> 19 | AI14: 16 | AJ14: 20 | AK14: 13
A15: 2 | B15: 3 | C15: {=MAX(IF(('Footprint Trees'!$P$2:$P$1036=A15)*('Footprint Trees'!$Q$2:$Q$1036=B15),'Footprint Trees'!$R$2:$R$1036))} -> 1 | D15: {=_xlfn._xlws.FILTER('Footprint Trees'!S15:S1050, ('Footprint Trees'!P15:P1050=A15)*('Footprint Trees'!Q15:Q1050=B15)*('Footprint Trees'!R15:R1050=C15))} -> 1 | E15: 2.3.1 | F15: {=_xlfn._xlws.FILTER('Footprint Trees'!X15:X1050, ('Footprint Trees'!P15:P1050=A15)*('Footprint Trees'!Q15:Q1050=B15)*('Footprint Trees'!R15:R1050=C15))} -> punk tree / broad-leafed paperbark | G15: {=_xlfn._xlws.FILTER('Footprint Trees'!Y15:Y1050, ('Footprint Trees'!P15:P1050=A15)*('Footprint Trees'!Q15:Q1050=B15)*('Footprint Trees'!R15:R1050=C15))} -> Melaleuca quinquenervia | H15: {=SQRT(SUMPRODUCT((('Footprint Trees'!$P$2:$P$1036='Biomass Calcs'!A15)*('Footprint Trees'!$Q$2:$Q$1036='Biomass Calcs'!B15))*('Footprint Trees'!$B$2:$B$1036)^2))} -> 0.177612 | I15: 8.486998 | J15: {=SQRT(SUMPRODUCT((('Footprint Trees'!$P$2:$P$1036='Biomass Calcs'!A15)*('Footprint Trees'!$Q$2:$Q$1036='Biomass Calcs'!B15))*('Footprint Trees'!$E$2:$E$1036)^2))} -> 0.149 | K15: 8.3 | L15: McPherson et al. 2016 | M15: MEQU | N15: Y | O15: EXP(-1.83+2.01 × LN(dbhcm) | P15: 520 | R15: =EXP(-1.83+2.01*LN(J15*100)) -> 36.588575 | S15: =EXP(-1.83+2.01*LN(H15*100)) -> 52.081134 | T15: 52.08 | Z15: 2 | AA15: 2271.1376 | AB15: 2022.1832 | AC15: 556.05 | AD15: 1 | AE15: 2 | AF15: 2 | AG15: 556.05 | AH15: =COUNTIF(D:D, "2") -> 9 | AI15: 6 | AJ15: 8 | AK15: 7
A16: 10 | B16: 1 | C16: {=MAX(IF(('Footprint Trees'!$P$2:$P$1036=A16)*('Footprint Trees'!$Q$2:$Q$1036=B16),'Footprint Trees'!$R$2:$R$1036))} -> 1 | D16: {=_xlfn._xlws.FILTER('Footprint Trees'!S16:S1051, ('Footprint Trees'!P16:P1051=A16)*('Footprint Trees'!Q16:Q1051=B16)*('Footprint Trees'!R16:R1051=C16))} -> 1 | E16: 10.1.1 | F16: {=_xlfn._xlws.FILTER('Footprint Trees'!X16:X1051, ('Footprint Trees'!P16:P1051=A16)*('Footprint Trees'!Q16:Q1051=B16)*('Footprint Trees'!R16:R1051=C16))} -> bald cypress | G16: {=_xlfn._xlws.FILTER('Footprint Trees'!Y16:Y1051, ('Footprint Trees'!P16:P1051=A16)*('Footprint Trees'!Q16:Q1051=B16)*('Footprint Trees'!R16:R1051=C16))} -> Taxodium distichum | H16: {=SQRT(SUMPRODUCT((('Footprint Trees'!$P$2:$P$1036='Biomass Calcs'!A16)*('Footprint Trees'!$Q$2:$Q$1036='Biomass Calcs'!B16))*('Footprint Trees'!$B$2:$B$1036)^2))} -> 0.086301 | I16: 6.615134 | J16: {=SQRT(SUMPRODUCT((('Footprint Trees'!$P$2:$P$1036='Biomass Calcs'!A16)*('Footprint Trees'!$Q$2:$Q$1036='Biomass Calcs'!B16))*('Footprint Trees'!$E$2:$E$1036)^2))} -> 0.104 | K16: 6.2 | L16: Jenkins et al. 2004 | M16: CL (general softwood cedar/larch) | N16: N | O16: EXP(-2.0336+2.2592 × LN(dbhcm)) | P16: 410 | R16: =EXP(-2.0336+2.2592*LN(J16*100)) -> 25.971705 | S16: =EXP(-2.0336+2.2592*LN(H16*100)) -> 17.039847 | T16: 17.04 | U16: with foliage ratio | Z16: 3 | AA16: 6971.2549 | AB16: 6239.4159 | AC16: 2394.56 | AD16: 0 | AE16: 3 | AF16: 3 | AG16: 2394.56 | AH16: =COUNTIF(D:D, "3") -> 6 | AI16: 5 | AJ16: 13 | AK16: 11
A17: 5 | B17: 3 | C17: {=MAX(IF(('Footprint Trees'!$P$2:$P$1036=A17)*('Footprint Trees'!$Q$2:$Q$1036=B17),'Footprint Trees'!$R$2:$R$1036))} -> 1 | D17: {=_xlfn._xlws.FILTER('Footprint Trees'!S17:S1052, ('Footprint Trees'!P17:P1052=A17)*('Footprint Trees'!Q17:Q1052=B17)*('Footprint Trees'!R17:R1052=C17))} -> 1 | E17: 5.3.1 | F17: {=_xlfn._xlws.FILTER('Footprint Trees'!X17:X1052, ('Footprint Trees'!P17:P1052=A17)*('Footprint Trees'!Q17:Q1052=B17)*('Footprint Trees'!R17:R1052=C17))} -> coast redwood | G17: {=_xlfn._xlws.FILTER('Footprint Trees'!Y17:Y1052, ('Footprint Trees'!P17:P1052=A17)*('Footprint Trees'!Q17:Q1052=B17)*('Footprint Trees'!R17:R1052=C17))} -> Sequoia sempervirens | H17: {=SQRT(SUMPRODUCT((('Footprint Trees'!$P$2:$P$1036='Biomass Calcs'!A17)*('Footprint Trees'!$Q$2:$Q$1036='Biomass Calcs'!B17))*('Footprint Trees'!$B$2:$B$1036)^2))} -> 0.313794 | I17: 10.37057 | J17: {=SQRT(SUMPRODUCT((('Footprint Trees'!$P$2:$P$1036='Biomass Calcs'!A17)*('Footprint Trees'!$Q$2:$Q$1036='Biomass Calcs'!B17))*('Footprint Trees'!$E$2:$E$1036)^2))} -> 0.337 | K17: 10.5 | L17: Jenkins et al. 2004 | M17: CL (general softwood cedar/larch) | N17: N | O17: EXP(-2.0336+2.2592 × LN(dbhcm)) | P17: 360 | R17: =EXP(-2.0336+2.2592*LN(J17*100)) -> 369.86243 | S17: =EXP(-2.0336+2.2592*LN(H17*100)) -> 314.80259 | T17: 314.8 | U17: with foliage ratio | Z17: 4 | AA17: 8611.5243 | AB17: 7706.3383 | AC17: 647.99 | AD17: 0 | AE17: 4 | AF17: 4 | AG17: 647.99 | AH17: =COUNTIF(D:D, "4") -> 24 | AI17: 20 | AJ17: 15 | AK17: 12
A18: 5 | B18: 4 | C18: {=MAX(IF(('Footprint Trees'!$P$2:$P$1036=A18)*('Footprint Trees'!$Q$2:$Q$1036=B18),'Footprint Trees'!$R$2:$R$1036))} -> 1 | D18: {=_xlfn._xlws.FILTER('Footprint Trees'!S18:S1053, ('Footprint Trees'!P18:P1053=A18)*('Footprint Trees'!Q18:Q1053=B18)*('Footprint Trees'!R18:R1053=C18))} -> 1 | E18: 5.4.1 | F18: {=_xlfn._xlws.FILTER('Footprint Trees'!X18:X1053, ('Footprint Trees'!P18:P1053=A18)*('Footprint Trees'!Q18:Q1053=B18)*('Footprint Trees'!R18:R1053=C18))} -> coast redwood | G18: {=_xlfn._xlws.FILTER('Footprint Trees'!Y18:Y1053, ('Footprint Trees'!P18:P1053=A18)*('Footprint Trees'!Q18:Q1053=B18)*('Footprint Trees'!R18:R1053=C18))} -> Sequoia sempervirens | H18: {=SQRT(SUMPRODUCT((('Footprint Trees'!$P$2:$P$1036='Biomass Calcs'!A18)*('Footprint Trees'!$Q$2:$Q$1036='Biomass Calcs'!B18))*('Footprint Trees'!$B$2:$B$1036)^2))} -> 0.266533 | I18: 10.90229 | J18: {=SQRT(SUMPRODUCT((('Footprint Trees'!$P$2:$P$1036='Biomass Calcs'!A18)*('Footprint Trees'!$Q$2:$Q$1036='Biomass Calcs'!B18))*('Footprint Trees'!$E$2:$E$1036)^2))} -> 0.319 | K18: 9.6 | L18: Jenkins et al. 2004 | M18: CL (general softwood cedar/larch) | N18: N | O18: EXP(-2.0336+2.2592 × LN(dbhcm)) | P18: 360 | R18: =EXP(-2.0336+2.2592*LN(J18*100)) -> 326.72522 | S18: =EXP(-2.0336+2.2592*LN(H18*100)) -> 217.70849 | T18: 217.71 | U18: with foliage ratio | Z18: 5 | AA18: 2130.4212 | AB18: 2034.0708 | AC18: 1604.76 | AD18: 1 | AE18: 6 | AF18: 5 | AG18: 1604.76 | AH18: =COUNTIF(D:D, "5") -> 10 | AI18: 9 | AJ18: 22 | AK18: 16
A19: 5 | B19: 5 | C19: {=MAX(IF(('Footprint Trees'!$P$2:$P$1036=A19)*('Footprint Trees'!$Q$2:$Q$1036=B19),'Footprint Trees'!$R$2:$R$1036))} -> 1 | D19: {=_xlfn._xlws.FILTER('Footprint Trees'!S19:S1054, ('Footprint Trees'!P19:P1054=A19)*('Footprint Trees'!Q19:Q1054=B19)*('Footprint Trees'!R19:R1054=C19))} -> 1 | E19: 5.5.1 | F19: {=_xlfn._xlws.FILTER('Footprint Trees'!X19:X1054, ('Footprint Trees'!P19:P1054=A19)*('Footprint Trees'!Q19:Q1054=B19)*('Footprint Trees'!R19:R1054=C19))} -> coast redwood | G19: {=_xlfn._xlws.FILTER('Footprint Trees'!Y19:Y1054, ('Footprint Trees'!P19:P1054=A19)*('Footprint Trees'!Q19:Q1054=B19)*('Footprint Trees'!R19:R1054=C19))} -> Sequoia sempervirens | H19: {=SQRT(SUMPRODUCT((('Footprint Trees'!$P$2:$P$1036='Biomass Calcs'!A19)*('Footprint Trees'!$Q$2:$Q$1036='Biomass Calcs'!B19))*('Footprint Trees'!$B$2:$B$1036)^2))} -> 0.520172 | I19: 8.015459 | J19: {=SQRT(SUMPRODUCT((('Footprint Trees'!$P$2:$P$1036='Biomass Calcs'!A19)*('Footprint Trees'!$Q$2:$Q$1036='Biomass Calcs'!B19))*('Footprint Trees'!$E$2:$E$1036)^2))} -> 0.274 | K19: 7.7 | L19: Jenkins et al. 2004 | M19: CL (general softwood cedar/larch) | N19: N | O19: EXP(-2.0336+2.2592 × LN(dbhcm)) | P19: 360 | R19: =EXP(-2.0336+2.2592*LN(J19*100)) -> 231.73136 | S19: =EXP(-2.0336+2.2592*LN(H19*100)) -> 986.13865 | T19: 986.14 | U19: with foliage ratio | Z19: 6 | AA19: 8166.7497 | AB19: 6557.4419 | AC19: 3858.69 | AD19: 0 | AE19: 5 | AF19: 6 | AG19: 3858.69 | AH19: =COUNTIF(D:D, "6") -> 12 | AI19: 10 | AJ19: 12 | AK19: 10
A20: 11 | B20: 1 | C20: {=MAX(IF(('Footprint Trees'!$P$2:$P$1036=A20)*('Footprint Trees'!$Q$2:$Q$1036=B20),'Footprint Trees'!$R$2:$R$1036))} -> 1 | D20: {=_xlfn._xlws.FILTER('Footprint Trees'!S20:S1055, ('Footprint Trees'!P20:P1055=A20)*('Footprint Trees'!Q20:Q1055=B20)*('Footprint Trees'!R20:R1055=C20))} -> 1 | E20: 11.1.1 | F20: {=_xlfn._xlws.FILTER('Footprint Trees'!X20:X1055, ('Footprint Trees'!P20:P1055=A20)*('Footprint Trees'!Q20:Q1055=B20)*('Footprint Trees'!R20:R1055=C20))} -> acacia? | G20: {=_xlfn._xlws.FILTER('Footprint Trees'!Y20:Y1055, ('Footprint Trees'!P20:P1055=A20)*('Footprint Trees'!Q20:Q1055=B20)*('Footprint Trees'!R20:R1055=C20))} -> spec. unk | H20: {=SQRT(SUMPRODUCT((('Footprint Trees'!$P$2:$P$1036='Biomass Calcs'!A20)*('Footprint Trees'!$Q$2:$Q$1036='Biomass Calcs'!B20))*('Footprint Trees'!$B$2:$B$1036)^2))} -> 0 | I20: 0 | J20: {=SQRT(SUMPRODUCT((('Footprint Trees'!$P$2:$P$1036='Biomass Calcs'!A20)*('Footprint Trees'!$Q$2:$Q$1036='Biomass Calcs'!B20))*('Footprint Trees'!$E$2:$E$1036)^2))} -> 0 | K20: 0 | L20: Jenkins et al. 2004 | M20: CL (general softwood cedar/larch) | N20: N | O20: EXP(-2.0336+2.2592 × LN(dbhcm)) | P20: 360 | T20: 1 | U20: outlier / cannot determine species, no data | V20: {=SUMPRODUCT(($D$2:$D$82=1)*IFERROR($R$2:$R$82,0))} -> 8952.0065 | W20: {=SUMPRODUCT(($D$2:$D$1000=1)*IFERROR($S$2:$S$1000,0))} -> 8495.7541
A21: 5 | B21: 6 | C21: {=MAX(IF(('Footprint Trees'!$P$2:$P$1036=A21)*('Footprint Trees'!$Q$2:$Q$1036=B21),'Footprint Trees'!$R$2:$R$1036))} -> 1 | D21: {=_xlfn._xlws.FILTER('Footprint Trees'!S21:S1056, ('Footprint Trees'!P21:P1056=A21)*('Footprint Trees'!Q21:Q1056=B21)*('Footprint Trees'!R21:R1056=C21))} -> 2 | E21: 5.6.1 | F21: {=_xlfn._xlws.FILTER('Footprint Trees'!X21:X1056, ('Footprint Trees'!P21:P1056=A21)*('Footprint Trees'!Q21:Q1056=B21)*('Footprint Trees'!R21:R1056=C21))} -> coast redwood | G21: {=_xlfn._xlws.FILTER('Footprint Trees'!Y21:Y1056, ('Footprint Trees'!P21:P1056=A21)*('Footprint Trees'!Q21:Q1056=B21)*('Footprint Trees'!R21:R1056=C21))} -> Sequoia sempervirens | H21: {=SQRT(SUMPRODUCT((('Footprint Trees'!$P$2:$P$1036='Biomass Calcs'!A21)*('Footprint Trees'!$Q$2:$Q$1036='Biomass Calcs'!B21))*('Footprint Trees'!$B$2:$B$1036)^2))} -> 0.50263159 | I21: 16.062204 | J21: {=SQRT(SUMPRODUCT((('Footprint Trees'!$P$2:$P$1036='Biomass Calcs'!A21)*('Footprint Trees'!$Q$2:$Q$1036='Biomass Calcs'!B21))*('Footprint Trees'!$E$2:$E$1036)^2))} -> 0.54 | K21: 15 | L21: Jenkins et al. 2004 | M21: CL (general softwood cedar/larch) | N21: N | O21: EXP(-2.0336+2.2592 × LN(dbhcm)) | P21: 360 | R21: =EXP(-2.0336+2.2592*LN(J21*100)) -> 1073.1062 | S21: =EXP(-2.0336+2.2592*LN(H21*100)) -> 912.60374 | T21: 912.6 | U21: with foliage ratio
A22: 5 | B22: 7 | C22: {=MAX(IF(('Footprint Trees'!$P$2:$P$1036=A22)*('Footprint Trees'!$Q$2:$Q$1036=B22),'Footprint Trees'!$R$2:$R$1036))} -> 1 | D22: {=_xlfn._xlws.FILTER('Footprint Trees'!S22:S1057, ('Footprint Trees'!P22:P1057=A22)*('Footprint Trees'!Q22:Q1057=B22)*('Footprint Trees'!R22:R1057=C22))} -> 2 | E22: 5.7.1 | F22: {=_xlfn._xlws.FILTER('Footprint Trees'!X22:X1057, ('Footprint Trees'!P22:P1057=A22)*('Footprint Trees'!Q22:Q1057=B22)*('Footprint Trees'!R22:R1057=C22))} -> coast redwood | G22: {=_xlfn._xlws.FILTER('Footprint Trees'!Y22:Y1057, ('Footprint Trees'!P22:P1057=A22)*('Footprint Trees'!Q22:Q1057=B22)*('Footprint Trees'!R22:R1057=C22))} -> Sequoia sempervirens | H22: {=SQRT(SUMPRODUCT((('Footprint Trees'!$P$2:$P$1036='Biomass Calcs'!A22)*('Footprint Trees'!$Q$2:$Q$1036='Biomass Calcs'!B22))*('Footprint Trees'!$B$2:$B$1036)^2))} -> 0.39947535 | I22: 14.076584 | J22: {=SQRT(SUMPRODUCT((('Footprint Trees'!$P$2:$P$1036='Biomass Calcs'!A22)*('Footprint Trees'!$Q$2:$Q$1036='Biomass Calcs'!B22))*('Footprint Trees'!$E$2:$E$1036)^2))} -> 0.411 | K22: 13.7 | L22: Jenkins et al. 2004 | M22: CL (general softwood cedar/larch) | N22: N | O22: EXP(-2.0336+2.2592 × LN(dbhcm)) | P22: 360 | R22: =EXP(-2.0336+2.2592*LN(J22*100)) -> 579.1755 | S22: =EXP(-2.0336+2.2592*LN(H22*100)) -> 543.1314 | T22: 543.13 | U22: with foliage ratio
