Workbook

Sheet Sheet1
A1: fid | B1: OBJECTID | C1: esrignss_speed | D1: esrignss_direction | E1: esrisnsr_azimuth | F1: esrignss_positionsourcetype | G1: esrignss_receiver | H1: esrignss_h_rms | I1: esrignss_v_rms | J1: esrignss_latitude | K1: esrignss_longitude | L1: esrignss_altitude | M1: esrignss_fixdatetime | N1: GlobalID | O1: Tree_Label | P1: GT_Height | Q1: GT_DBH | R1: comon_name | S1: notes | T1: n_stems | U1: esrignss_pdop | V1: esrignss_hdop | W1: esrignss_vdop | X1: esrignss_fixtype | Y1: esrignss_correctionage | Z1: esrignss_stationid | AA1: esrignss_numsats | AB1: esrignss_avg_h_rms | AC1: esrignss_avg_v_rms | AD1: esrignss_avg_positions | AE1: esrignss_h_stddev | AF1: CreationDate | AG1: Creator | AH1: EditDate | AI1: Editor | AJ1: arrow_dbh ground truth | AK1: GT Dt | AL1: APP EQ Dt | AM1: ground_ground truth height | AN1: GT HEIGHT | AO1: APP HEIGHT | AP1: app_tree_label | AQ1: drone_lidar_height_m | AR1: crown_diam_m | AS1: GT BIOMASS | AT1: APP BIOMASS | AU1: DRONE LiDAR BIOMASS | AV1: AVG GT Dt | AW1: AVG App Dt | AX1: AVG GT H | AY1: AVG App H | AZ1: AVG GT Bio | BA1: AVG App Bio | BB1: SUM GT Bio | BC1: SUM App Bio | BD1: SUM App Bio | BE1: GT Bio kg/m^2 | BF1: App Bio kg/m^2 | BG1: App Bio kg/m^3
A2: 1 | B2: 122 | C2: 0 | D2: 305.3 | E2: 276.42606 | F2: 2 | G2: iPhone 16e | H2: 10 | I2: 19 | J2: 35.084601 | K2: -120.53658 | L2: 78.6 | M2: 2026/08/21 16:09:15.072 | N2: 92f93645-7744-4fcc-8470-322cdcf51664 | O2: 8.2 | AF2: 2026/08/21 16:11:41.618 | AG2: hosteen@calpoly.edu_CalPoly | AH2: 2026/08/21 16:11:41.618 | AI2: hosteen@calpoly.edu_CalPoly | AK2: 0.175 | AL2: 0.11238122 | AN2: 2.8 | AO2: 3.1197879 | AP2: 8.2 | AQ2: 3.2140007 | AR2: 4.4424332 | AS2: =-52.21+16.22*AK2*100-1.25*(100*AK2)^2+0.05*(100*AK2)^3-0.000712*(100*AK2)^4 -> 50.018437 | AT2: =-52.21+16.22*AL2*100-1.25*(100*AL2)^2+0.05*(100*AL2)^3-0.000712*(100*AL2)^4 -> 31.81248 | AU2: =-0.164+6.73*AR2+2.87*AQ2^2 -> 59.380103 | AV2: =AVERAGE(AK2:AK14) -> 0.17161538 | AW2: =AVERAGE(AL2:AL14) -> 0.1564943 | AX2: =AVERAGE(AN2:AN14) -> 2.7076923 | AY2: =AVERAGE(AO2:AO14) -> 2.9314578 | AZ2: =AVERAGE(AS2:AS14) -> 48.839889 | BA2: =AVERAGE(AT2:AT14) -> 41.655524 | BB2: =SUM(AS2:AS14) -> 634.91856 | BC2: =SUM(AT2:AT14) -> 541.52182 | BD2: =SUM(AU2:AU14) -> 691.47774 | BE2: =SUM(AS2:AS14)/(PI()*12.5^2) -> 1.2934455 | BF2: =SUM(AT2:AT14)/(PI()*12.5^2) -> 1.1031792 | BG2: =SUM(AU2:AU14)/(PI()*12.5^2) -> 1.4086669
A3: 2 | B3: 123 | C3: 0.3704 | D3: 321.8 | E3: 284.9122 | F3: 2 | G3: iPhone 16e | H3: 10 | I3: 19 | J3: 35.084636 | K3: -120.53653 | L3: 77.6 | M3: 2026/08/21 16:12:27.072 | N3: 73641b55-a6d3-4057-9c92-56524b048e94 | O3: 8.3 | AF3: 2026/08/21 16:15:18.595 | AG3: hosteen@calpoly.edu_CalPoly | AH3: 2026/08/21 16:15:18.595 | AI3: hosteen@calpoly.edu_CalPoly | AK3: 0.17 | AL3: 0.16485037 | AN3: 2.7 | AO3: 3.3198817 | AP3: 8.3 | AQ3: 2.9129987 | AR3: 4.9184908 | AS3: =-52.21+16.22*AK3*100-1.25*(100*AK3)^2+0.05*(100*AK3)^3-0.000712*(100*AK3)^4 -> 48.463048 | AT3: =-52.21+16.22*AL3*100-1.25*(100*AL3)^2+0.05*(100*AL3)^3-0.000712*(100*AL3)^4 -> 46.895181 | AU3: =-0.164+6.73*AR3+2.87*AQ3^2 -> 57.291004
A4: 3 | B4: 124 | C4: 0.1852 | D4: 267.9 | E4: 168.98332 | F4: 2 | G4: iPhone 16e | H4: 10 | I4: 19 | J4: 35.084674 | K4: -120.53649 | L4: 79.1 | M4: 2026/08/21 16:16:41.062 | N4: 5043a958-f15e-450b-897e-fa5eb1b2a3b4 | O4: 8.4 | Q4: 21.5 | T4: 2 | AF4: 2026/08/21 16:17:45.300 | AG4: hosteen@calpoly.edu_CalPoly | AH4: 2026/08/21 16:20:20.234 | AI4: hosteen@calpoly.edu_CalPoly | AJ4: 21.5 | AK4: 0.215 | AL4: 0.21558288 | AN4: 2.9 | AO4: 3.4619977 | AP4: 8.4 | AQ4: 3.2299979 | AR4: 5.046265 | AS4: =-52.21+16.22*AK4*100-1.25*(100*AK4)^2+0.05*(100*AK4)^3-0.000712*(100*AK4)^4 -> 63.489606 | AT4: =-52.21+16.22*AL4*100-1.25*(100*AL4)^2+0.05*(100*AL4)^3-0.000712*(100*AL4)^4 -> 63.693788 | AU4: =-0.164+6.73*AR4+2.87*AQ4^2 -> 63.739747
A5: 4 | B5: 125 | C5: 0.3704 | D5: 359.3 | E5: 330.41702 | F5: 2 | G5: iPhone 16e | H5: 10 | I5: 19 | J5: 35.084701 | K5: -120.53646 | L5: 80 | M5: 2026/08/21 16:22:01.069 | N5: 7de0d8b8-5da3-42f3-bc27-d7203512a4aa | O5: 8.5 | AF5: 2026/08/21 16:23:10.553 | AG5: hosteen@calpoly.edu_CalPoly | AH5: 2026/08/21 16:23:39.748 | AI5: hosteen@calpoly.edu_CalPoly | AK5: 0.184 | AL5: 0.12034645 | AN5: 3.2 | AO5: 3.3775017 | AP5: 8.5 | AQ5: 3.5669973 | AR5: 5.1400117 | AS5: =-52.21+16.22*AK5*100-1.25*(100*AK5)^2+0.05*(100*AK5)^3-0.000712*(100*AK5)^4 -> 52.901714 | AT5: =-52.21+16.22*AL5*100-1.25*(100*AL5)^2+0.05*(100*AL5)^3-0.000712*(100*AL5)^4 -> 34.166314 | AU5: =-0.164+6.73*AR5+2.87*AQ5^2 -> 70.944637
A6: 5 | B6: 127 | C6: 0 | D6: 126.7 | E6: 240.17079 | F6: 2 | G6: iPhone 16e | H6: 10 | I6: 19 | J6: 35.084561 | K6: -120.53652 | L6: 78.9 | M6: 2026/08/21 16:27:14.067 | N6: 47f46abe-7ae2-49c2-84f8-e53071ead6e0 | O6: 8.7 | Q6: 17.7 | AF6: 2026/08/21 16:28:59.181 | AG6: hosteen@calpoly.edu_CalPoly | AH6: 2026/08/21 16:28:59.181 | AI6: hosteen@calpoly.edu_CalPoly | AJ6: 17.7 | AK6: 0.177 | AL6: 0.16843937 | AN6: 3.1 | AO6: 3.0354292 | AP6: 8.7 | AQ6: 2.9599984 | AR6: 4.7539459 | AS6: =-52.21+16.22*AK6*100-1.25*(100*AK6)^2+0.05*(100*AK6)^3-0.000712*(100*AK6)^4 -> 50.649906 | AT6: =-52.21+16.22*AL6*100-1.25*(100*AL6)^2+0.05*(100*AL6)^3-0.000712*(100*AL6)^4 -> 47.984307 | AU6: =-0.164+6.73*AR6+2.87*AQ6^2 -> 56.97582
A7: 6 | B7: 128 | C7: 0.3704 | D7: 34.3 | E7: 161.34941 | F7: 2 | G7: iPhone 16e | H7: 10 | I7: 19 | J7: 35.084593 | K7: -120.53648 | L7: 79.2 | M7: 2026/08/21 16:29:24.073 | N7: 1c68bc34-d03b-4704-84d2-9a600afa5a27 | O7: 8.8 | Q7: 18.4 | AF7: 2026/08/21 16:31:35.688 | AG7: hosteen@calpoly.edu_CalPoly | AH7: 2026/08/21 16:31:35.688 | AI7: hosteen@calpoly.edu_CalPoly | AJ7: 18.4 | AK7: 0.184 | AL7: 0.1683897 | AN7: 3 | AO7: 3.2395394 | AP7: 8.8 | AQ7: 3.0080006 | AR7: 4.8533423 | AS7: =-52.21+16.22*AK7*100-1.25*(100*AK7)^2+0.05*(100*AK7)^3-0.000712*(100*AK7)^4 -> 52.901714 | AT7: =-52.21+16.22*AL7*100-1.25*(100*AL7)^2+0.05*(100*AL7)^3-0.000712*(100*AL7)^4 -> 47.969124 | AU7: =-0.164+6.73*AR7+2.87*AQ7^2 -> 58.466948
A8: 7 | B8: 129 | C8: 0 | D8: 96.8 | E8: 30.637283 | F8: 2 | G8: iPhone 16e | H8: 10 | I8: 19 | J8: 35.084614 | K8: -120.53644 | L8: 78 | M8: 2026/08/21 16:31:59.072 | N8: ad7861a4-701f-42f3-9e3a-5fb57434c3a2 | O8: 8.9 | Q8: 18.5 | AF8: 2026/08/21 16:33:37.418 | AG8: hosteen@calpoly.edu_CalPoly | AH8: 2026/08/21 16:33:37.418 | AI8: hosteen@calpoly.edu_CalPoly | AJ8: 18.5 | AK8: 0.185 | AL8: 0.18307942 | AN8: 2.8 | AO8: 3.3693588 | AP8: 8.9 | AQ8: 2.9569983 | AR8: 4.3336224 | AS8: =-52.21+16.22*AK8*100-1.25*(100*AK8)^2+0.05*(100*AK8)^3-0.000712*(100*AK8)^4 -> 53.228586 | AT8: =-52.21+16.22*AL8*100-1.25*(100*AL8)^2+0.05*(100*AL8)^3-0.000712*(100*AL8)^4 -> 52.601929 | AU8: =-0.164+6.73*AR8+2.87*AQ8^2 -> 54.096097
A9: 8 | B9: 130 | C9: 0.1852 | D9: 48.4 | E9: 128.14104 | F9: 2 | G9: iPhone 16e | H9: 10 | I9: 19 | J9: 35.084651 | K9: -120.5364 | L9: 81.5 | M9: 2026/08/21 16:35:07.076 | N9: 04d12d77-2d9f-40c8-9b03-449954bb0220 | O9: 8.10 | Q9: 16.6 | AF9: 2026/08/21 16:35:27.956 | AG9: hosteen@calpoly.edu_CalPoly | AH9: 2026/08/21 16:39:39.159 | AI9: hosteen@calpoly.edu_CalPoly | AJ9: 16.6 | AK9: 0.166 | AL9: 0.27806708 | AN9: 2.6 | AO9: 2.4037929 | AP9: 8.10 | AQ9: 2.5780001 | AR9: 3.9493271 | AS9: =-52.21+16.22*AK9*100-1.25*(100*AK9)^2+0.05*(100*AK9)^3-0.000712*(100*AK9)^4 -> 47.242281 | AT9: =-52.21+16.22*AL9*100-1.25*(100*AL9)^2+0.05*(100*AL9)^3-0.000712*(100*AL9)^4 -> 81.64881 | AU9: =-0.164+6.73*AR9+2.87*AQ9^2 -> 45.489233
A10: 9 | B10: 132 | C10: 0.1852 | D10: 109.6 | E10: 148.77811 | F10: 2 | G10: iPhone 16e | H10: 10 | I10: 19 | J10: 35.084529 | K10: -120.53646 | L10: 81.2 | M10: 2026/08/21 16:42:46.075 | N10: 8884e29c-7d77-474a-8b96-530a4e20c9c8 | O10: 8.12 | Q10: 18.3 | AF10: 2026/08/21 16:44:44.988 | AG10: hosteen@calpoly.edu_CalPoly | AH10: 2026/08/21 16:44:44.988 | AI10: hosteen@calpoly.edu_CalPoly | AJ10: 18.3 | AK10: 0.183 | AL10: 0.16734623 | AN10: 3 | AO10: 2.9695661 | AP10: 8.12 | AQ10: 2.9310014 | AR10: 4.478116 | AS10: =-52.21+16.22*AK10*100-1.25*(100*AK10)^2+0.05*(100*AK10)^3-0.000712*(100*AK10)^4 -> 52.576116 | AT10: =-52.21+16.22*AL10*100-1.25*(100*AL10)^2+0.05*(100*AL10)^3-0.000712*(100*AL10)^4 -> 47.65085 | AU10: =-0.164+6.73*AR10+2.87*AQ10^2 -> 54.629229
A11: 10 | B11: 133 | C11: 0 | D11: 60.6 | E11: 88.771454 | F11: 2 | G11: iPhone 16e | H11: 10 | I11: 19 | J11: 35.084553 | K11: -120.53642 | L11: 80 | M11: 2026/08/21 16:45:06.058 | N11: 21a01b4e-2e56-4d70-be40-754514b716fc | O11: 8.13 | Q11: 18.5 | AF11: 2026/08/21 16:46:51.455 | AG11: hosteen@calpoly.edu_CalPoly | AH11: 2026/08/21 16:46:51.455 | AI11: hosteen@calpoly.edu_CalPoly | AJ11: 18.5 | AK11: 0.185 | AL11: 0.17482201 | AN11: 2.8 | AO11: 3.0462446 | AP11: 8.13 | AQ11: 3.118 | AR11: 4.5486418 | AS11: =-52.21+16.22*AK11*100-1.25*(100*AK11)^2+0.05*(100*AK11)^3-0.000712*(100*AK11)^4 -> 53.228586 | AT11: =-52.21+16.22*AL11*100-1.25*(100*AL11)^2+0.05*(100*AL11)^3-0.000712*(100*AL11)^4 -> 49.962497 | AU11: =-0.164+6.73*AR11+2.87*AQ11^2 -> 58.350282
A12: 11 | B12: 134 | C12: 0 | D12: 77.2 | E12: 197.86888 | F12: 2 | G12: iPhone 16e | H12: 10 | I12: 19 | J12: 35.084583 | K12: -120.53638 | L12: 80.3 | M12: 2026/08/21 16:47:32.074 | N12: f0a7cab6-6cc5-4047-a1b8-0244eac58b73 | O12: 8.14 | Q12: 16.5 | T12: 2 | AF12: 2026/08/21 16:51:26.124 | AG12: hosteen@calpoly.edu_CalPoly | AH12: 2026/08/21 16:51:26.124 | AI12: hosteen@calpoly.edu_CalPoly | AJ12: 16.5 | AK12: 0.165 | AL12: 0.13065045 | AN12: 2.5 | AO12: 2.1789553 | AP12: 8.14 | AQ12: 2.3939989 | AR12: 3.7424103 | AS12: =-52.21+16.22*AK12*100-1.25*(100*AK12)^2+0.05*(100*AK12)^3-0.000712*(100*AK12)^4 -> 46.940266 | AT12: =-52.21+16.22*AL12*100-1.25*(100*AL12)^2+0.05*(100*AL12)^3-0.000712*(100*AL12)^4 -> 37.097447 | AU12: =-0.164+6.73*AR12+2.87*AQ12^2 -> 41.471053
A13: 12 | B13: 202 | C13: 0.5556 | D13: 157.5 | E13: 159.23143 | F13: 2 | G13: iPhone 16e | H13: 10 | I13: 19 | J13: 35.084689 | K13: -120.53636 | L13: 82.3 | M13: 2026/10/04 12:11:13.072 | N13: b51aaea7-aab1-4a71-9cbf-d3072b1c063a | O13: 8.e | Q13: 17.8 | AF13: 2026/10/04 12:13:11.891 | AG13: hosteen@calpoly.edu_CalPoly | AH13: 2026/10/04 12:13:11.891 | AI13: hosteen@calpoly.edu_CalPoly | AJ13: 17.8 | AK13: 0.178 | AL13: 0.1427863 | AN13: 2.4 | AO13: 2.9545071 | AP13: 8.e | AQ13: 2.9580028 | AR13: 4.5486418 | AS13: =-52.21+16.22*AK13*100-1.25*(100*AK13)^2+0.05*(100*AK13)^3-0.000712*(100*AK13)^4 -> 50.967639 | AT13: =-52.21+16.22*AL13*100-1.25*(100*AL13)^2+0.05*(100*AL13)^3-0.000712*(100*AL13)^4 -> 40.500589 | AU13: =-0.164+6.73*AR13+2.87*AQ13^2 -> 55.56023
A14: 13 | B14: 135 | C14: 0 | D14: 97.9 | E14: 132.01732 | F14: 2 | G14: iPhone 16e | H14: 10 | I14: 19 | J14: 35.084607 | K14: -120.53635 | L14: 82.6 | M14: 2026/08/21 16:53:19.074 | N14: 7e4c6374-c1f2-4af9-94eb-6574487ea3d2 | O14: 8.15 | AF14: 2026/08/21 16:57:08.387 | AG14: hosteen@calpoly.edu_CalPoly | AH14: 2026/10/05 13:22:08.515 | AI14: kdavis99@calpoly.edu_CalPoly | AK14: 0.064 | AL14: 0.007684462 | AN14: 1.4 | AO14: 1.6323889 | AP14: 8.15 | AQ14: 1.6329967 | AR14: 1.1283792 | AS14: =-52.21+16.22*AK14*100-1.25*(100*AK14)^2+0.05*(100*AK14)^3-0.000712*(100*AK14)^4 -> 12.310662 | AT14: =-52.21+16.22*AL14*100-1.25*(100*AL14)^2+0.05*(100*AL14)^3-0.000712*(100*AL14)^4 -> -40.461499 | AU14: =-0.164+6.73*AR14+2.87*AQ14^2 -> 15.083358
A15: 16 | B15: 107 | C15: 0.7408 | D15: 83.8 | E15: 130.88153 | F15: 2 | G15: iPhone 16e | H15: 10 | I15: 19 | J15: 35.084956 | K15: -120.53611 | L15: 79.1 | M15: 2026/08/21 15:09:24.079 | N15: 7d2d4c66-8e15-4669-8b30-66ea334b08d3 | O15: 7.2 | Q15: 21 | AF15: 2026/08/21 15:10:58.169 | AG15: hosteen@calpoly.edu_CalPoly | AH15: 2026/08/21 15:10:58.169 | AI15: hosteen@calpoly.edu_CalPoly | AJ15: 21 | AK15: 0.21 | AL15: 0.21381452 | AN15: 2.9 | AO15: 3.8535931 | AP15: 7.2 | AQ15: 3.5449979 | AR15: 5.7536274 | AS15: =-52.21+16.22*AK15*100-1.25*(100*AK15)^2+0.05*(100*AK15)^3-0.000712*(100*AK15)^4 -> 61.739528 | AT15: =-52.21+16.22*AL15*100-1.25*(100*AL15)^2+0.05*(100*AL15)^3-0.000712*(100*AL15)^4 -> 63.074355 | AU15: =-0.164+6.73*AR15+2.87*AQ15^2 -> 74.625232 | AV15: =AVERAGE(AK15:AK27) -> 0.19030769 | AW15: =AVERAGE(AL15:AL27) -> 0.16458972 | AX15: =AVERAGE(AN15:AN27) -> 3.0230769 | AY15: =AVERAGE(AO15:AO27) -> 3.4595586 | AZ15: =AVERAGE(AS15:AS27) -> 55.146241 | BA15: =AVERAGE(AT15:AT27) -> 47.189597 | BB15: =SUM(AS15:AS27) -> 716.90114 | BC15: =SUM(AT15:AT27) -> 613.46476 | BD15: =SUM(AU15:AU27) -> 832.3193 | BE15: =SUM(AS15:AS27)/(PI()*12.5^2) -> 1.460459 | BF15: =SUM(AT15:AT27)/(PI()*12.5^2) -> 1.2497402 | BG15: =SUM(AU15:AU27)/(PI()*12.5^2) -> 1.695587
A16: 17 | B16: 108 | C16: 0.1852 | D16: 68.6 | E16: 36.101738 | F16: 2 | G16: iPhone 16e | H16: 10 | I16: 19 | J16: 35.084981 | K16: -120.53607 | L16: 79.6 | M16: 2026/08/21 15:11:18.063 | N16: ba6a38bd-8a32-4c42-8b51-9ff8524b5f9e | O16: 7.3 | Q16: 21.1 | AF16: 2026/08/21 15:14:35.453 | AG16: hosteen@calpoly.edu_CalPoly | AH16: 2026/08/21 15:14:35.453 | AI16: hosteen@calpoly.edu_CalPoly | AJ16: 21.1 | AK16: 0.211 | AL16: 0.2308056 | AN16: 3 | AO16: 3.6996357 | AP16: 7.3 | AQ16: 3.427001 | AR16: 5.1400117 | AS16: =-52.21+16.22*AK16*100-1.25*(100*AK16)^2+0.05*(100*AK16)^3-0.000712*(100*AK16)^4 -> 62.089146 | AT16: =-52.21+16.22*AL16*100-1.25*(100*AL16)^2+0.05*(100*AL16)^3-0.000712*(100*AL16)^4 -> 68.978197 | AU16: =-0.164+6.73*AR16+2.87*AQ16^2 -> 68.134523
A17: 18 | B17: 109 | C17: 0 | D17: 188.7 | E17: 174.76695 | F17: 2 | G17: iPhone 16e | H17: 10 | I17: 19 | J17: 35.085014 | K17: -120.53602 | L17: 80.5 | M17: 2026/08/21 15:14:56.075 | N17: d0edea7f-13d0-433d-aa0d-6412089639b3 | O17: 7.4 | Q17: 17.9 | AF17: 2026/08/21 15:16:40.002 | AG17: hosteen@calpoly.edu_CalPoly | AH17: 2026/08/21 15:16:40.002 | AI17: hosteen@calpoly.edu_CalPoly | AJ17: 17.9 | AK17: 0.179 | AL17: 0.17578262 | AN17: 3 | AO17: 3.3081775 | AP17: 7.4 | AQ17: 3.2229981 | AR17: 4.5486418 | AS17: =-52.21+16.22*AK17*100-1.25*(100*AK17)^2+0.05*(100*AK17)^3-0.000712*(100*AK17)^4 -> 51.286702 | AT17: =-52.21+16.22*AL17*100-1.25*(100*AL17)^2+0.05*(100*AL17)^3-0.000712*(100*AL17)^4 -> 50.264903 | AU17: =-0.164+6.73*AR17+2.87*AQ17^2 -> 60.261107
A18: 19 | B18: 110 | C18: 0 | D18: 315.2 | E18: 39.603729 | F18: 2 | G18: iPhone 16e | H18: 10 | I18: 19 | J18: 35.085038 | K18: -120.53598 | L18: 81.6 | M18: 2026/08/21 15:17:02.083 | N18: 301be4c2-213b-4fe2-8f28-cabacc5f739d | O18: 7.5 | AF18: 2026/08/21 15:19:02.144 | AG18: hosteen@calpoly.edu_CalPoly | AH18: 2026/08/21 15:19:02.144 | AI18: hosteen@calpoly.edu_CalPoly | AK18: 0.185 | AL18: 0.17974123 | AN18: 3.4 | AO18: 3.7452636 | AP18: 7.5 | AQ18: 3.572 | AR18: 5.3225539 | AS18: =-52.21+16.22*AK18*100-1.25*(100*AK18)^2+0.05*(100*AK18)^3-0.000712*(100*AK18)^4 -> 53.228586 | AT18: =-52.21+16.22*AL18*100-1.25*(100*AL18)^2+0.05*(100*AL18)^3-0.000712*(100*AL18)^4 -> 51.524055 | AU18: =-0.164+6.73*AR18+2.87*AQ18^2 -> 72.275646
A19: 20 | B19: 112 | C19: 0.5556 | D19: 117.3 | E19: 159.061 | F19: 2 | G19: iPhone 16e | H19: 10 | I19: 19 | J19: 35.084904 | K19: -120.53605 | L19: 81.4 | M19: 2026/08/21 15:24:07.063 | N19: d036f44a-c49e-4482-af79-01e8408bf89c | O19: 7.7 | Q19: 17.8 | AF19: 2026/08/21 15:26:00.258 | AG19: hosteen@calpoly.edu_CalPoly | AH19: 2026/08/21 15:26:00.258 | AI19: hosteen@calpoly.edu_CalPoly | AJ19: 17.8 | AK19: 0.178 | AL19: 0.066998458 | AN19: 3 | AO19: 3.4119825 | AP19: 7.7 | AQ19: 3.2819996 | AR19: 4.7873074 | AS19: =-52.21+16.22*AK19*100-1.25*(100*AK19)^2+0.05*(100*AK19)^3-0.000712*(100*AK19)^4 -> 50.967639 | AT19: =-52.21+16.22*AL19*100-1.25*(100*AL19)^2+0.05*(100*AL19)^3-0.000712*(100*AL19)^4 -> 13.954066 | AU19: =-0.164+6.73*AR19+2.87*AQ19^2 -> 62.968845
A20: 21 | B20: 113 | C20: 0.1852 | D20: 356.3 | E20: 85.497734 | F20: 2 | G20: iPhone 16e | H20: 10 | I20: 19 | J20: 35.084935 | K20: -120.536 | L20: 80.4 | M20: 2026/08/21 15:26:09.080 | N20: 555a7683-56ea-4ad3-bbca-9c6f6bff816d | O20: 7.8 | Q20: 24 | AF20: 2026/08/21 15:29:14.724 | AG20: hosteen@calpoly.edu_CalPoly | AH20: 2026/08/21 15:29:14.724 | AI20: hosteen@calpoly.edu_CalPoly | AJ20: 24 | AK20: 0.24 | AL20: 0.20333852 | AN20: 3.1 | AO20: 3.5706685 | AP20: 7.8 | AQ20: 3.3660026 | AR20: 4.8533423 | AS20: =-52.21+16.22*AK20*100-1.25*(100*AK20)^2+0.05*(100*AK20)^3-0.000712*(100*AK20)^4 -> 72.045488 | AT20: =-52.21+16.22*AL20*100-1.25*(100*AL20)^2+0.05*(100*AL20)^3-0.000712*(100*AL20)^4 -> 59.42144 | AU20: =-0.164+6.73*AR20+2.87*AQ20^2 -> 65.016017
A21: 22 | B21: 114 | C21: 0.1852 | D21: 182.5 | E21: 52.540359 | F21: 2 | G21: iPhone 16e | H21: 10 | I21: 19 | J21: 35.08497 | K21: -120.53596 | L21: 80.6 | M21: 2026/08/21 15:29:58.080 | N21: 7a3d4fe6-fb90-4e4f-849c-a1469226a436 | O21: 7.9 | Q21: 19.7 | AF21: 2026/08/21 15:31:56.191 | AG21: hosteen@calpoly.edu_CalPoly | AH21: 2026/08/21 15:31:56.191 | AI21: hosteen@calpoly.edu_CalPoly | AJ21: 19.7 | AK21: 0.197 | AL21: 0.21202961 | AN21: 3.3 | AO21: 3.7971451 | AP21: 7.9 | AQ21: 3.5950024 | AR21: 5.1708829 | AS21: =-52.21+16.22*AK21*100-1.25*(100*AK21)^2+0.05*(100*AK21)^3-0.000712*(100*AK21)^4 -> 57.24309 | AT21: =-52.21+16.22*AL21*100-1.25*(100*AL21)^2+0.05*(100*AL21)^3-0.000712*(100*AL21)^4 -> 62.449387 | AU21: =-0.164+6.73*AR21+2.87*AQ21^2 -> 71.728044
A22: 23 | B22: 115 | C22: 0 | D22: 289.7 | E22: 118.45702 | F22: 2 | G22: iPhone 16e | H22: 10 | I22: 19 | J22: 35.084993 | K22: -120.53592 | L22: 79.6 | M22: 2026/08/21 15:32:06.075 | N22: e36dc07f-5732-409e-a961-576167bf947f | O22: 7.10 | Q22: 19.5 | AF22: 2026/08/21 15:34:11.750 | AG22: hosteen@calpoly.edu_CalPoly | AH22: 2026/08/21 15:34:11.750 | AI22: hosteen@calpoly.edu_CalPoly | AJ22: 19.5 | AK22: 0.195 | AL22: 0.19809883 | AN22: 3 | AO22: 3.4503734 | AP22: 7.10 | AQ22: 3.3560007 | AR22: 4.7203487 | AS22: =-52.21+16.22*AK22*100-1.25*(100*AK22)^2+0.05*(100*AK22)^3-0.000712*(100*AK22)^4 -> 56.563126 | AT22: =-52.21+16.22*AL22*100-1.25*(100*AL22)^2+0.05*(100*AL22)^3-0.000712*(100*AL22)^4 -> 57.618293 | AU22: =-0.164+6.73*AR22+2.87*AQ22^2 -> 63.928012
A23: 24 | B23: 118 | C23: 0.1852 | D23: 92 | E23: 166.61855 | F23: 2 | G23: iPhone 16e | H23: 10 | I23: 19 | J23: 35.084899 | K23: -120.53595 | L23: 81.8 | M23: 2026/08/21 15:41:11.075 | N23: 406b1d17-6d0a-4a4b-9d33-b4058e709f87 | O23: 7.13 | Q23: 16.6 | AF23: 2026/08/21 15:45:25.924 | AG23: hosteen@calpoly.edu_CalPoly | AH23: 2026/08/21 15:45:25.924 | AI23: hosteen@calpoly.edu_CalPoly | AJ23: 16.6 | AK23: 0.166 | AL23: 0.10635572 | AN23: 2.9 | AO23: 3.223062 | AP23: 7.13 | AQ23: 3.165 | AR23: 4.7873074 | AS23: =-52.21+16.22*AK23*100-1.25*(100*AK23)^2+0.05*(100*AK23)^3-0.000712*(100*AK23)^4 -> 47.242281 | AT23: =-52.21+16.22*AL23*100-1.25*(100*AL23)^2+0.05*(100*AL23)^3-0.000712*(100*AL23)^4 -> 29.946978 | AU23: =-0.164+6.73*AR23+2.87*AQ23^2 -> 60.804014
A24: 25 | B24: 119 | C24: 0 | D24: 230.7 | E24: 168.41551 | F24: 2 | G24: iPhone 16e | H24: 10 | I24: 19 | J24: 35.084929 | K24: -120.53591 | L24: 81.3 | M24: 2026/08/21 15:47:21.074 | N24: ff5ab09b-70e2-4e53-ba7a-5b4ae111482f | O24: 7.14 | Q24: 18.8 | AF24: 2026/08/21 15:49:17.157 | AG24: hosteen@calpoly.edu_CalPoly | AH24: 2026/08/21 15:49:17.157 | AI24: hosteen@calpoly.edu_CalPoly | AJ24: 18.8 | AK24: 0.188 | AL24: 0.09094633 | AN24: 3.1 | AO24: 3.369709 | AP24: 7.14 | AQ24: 3.3310027 | AR24: 4.4424332 | AS24: =-52.21+16.22*AK24*100-1.25*(100*AK24)^2+0.05*(100*AK24)^3-0.000712*(100*AK24)^4 -> 54.216678 | AT24: =-52.21+16.22*AL24*100-1.25*(100*AL24)^2+0.05*(100*AL24)^3-0.000712*(100*AL24)^4 -> 24.655405 | AU24: =-0.164+6.73*AR24+2.87*AQ24^2 -> 61.577888
A25: 26 | B25: 203 | C25: 0.3704 | D25: 151.8 | E25: 99.042175 | F25: 2 | G25: iPhone 16e | H25: 10 | I25: 19 | J25: 35.085083 | K25: -120.53604 | L25: 79.4 | M25: 2026/10/04 12:15:28.076 | N25: 56b59432-4605-479b-9515-67ba28210328 | O25: 7.b | Q25: 18.4 | AF25: 2026/10/04 12:17:42.971 | AG25: hosteen@calpoly.edu_CalPoly | AH25: 2026/10/04 12:17:42.971 | AI25: hosteen@calpoly.edu_CalPoly | AJ25: 18.4 | AK25: 0.184 | AL25: 0.16617045 | AN25: 3.2 | AO25: 3.5685458 | AP25: 7.b | AQ25: 3.4009991 | AR25: 4.7873074 | AS25: =-52.21+16.22*AK25*100-1.25*(100*AK25)^2+0.05*(100*AK25)^3-0.000712*(100*AK25)^4 -> 52.901714 | AT25: =-52.21+16.22*AL25*100-1.25*(100*AL25)^2+0.05*(100*AL25)^3-0.000712*(100*AL25)^4 -> 47.293884 | AU25: =-0.164+6.73*AR25+2.87*AQ25^2 -> 65.251279
A26: 27 | B26: 204 | C26: 0.1852 | D26: 165.9 | E26: 115.57558 | F26: 2 | G26: iPhone 16e | H26: 10 | I26: 19 | J26: 35.085055 | K26: -120.53608 | L26: 79.5 | M26: 2026/10/04 12:18:26.077 | N26: bf177a57-350e-42e2-bd91-0da437fba051 | O26: 7.a | Q26: 18.1 | AF26: 2026/10/04 12:20:05.379 | AG26: hosteen@calpoly.edu_CalPoly | AH26: 2026/10/04 12:20:05.379 | AI26: hosteen@calpoly.edu_CalPoly | AJ26: 18.1 | AK26: 0.181 | AL26: 0.11939073 | AN26: 2.9 | AO26: 3.2764475 | AP26: 7.a | AQ26: 3.0769982 | AR26: 4.7873074 | AS26: =-52.21+16.22*AK26*100-1.25*(100*AK26)^2+0.05*(100*AK26)^3-0.000712*(100*AK26)^4 -> 51.928792 | AT26: =-52.21+16.22*AL26*100-1.25*(100*AL26)^2+0.05*(100*AL26)^3-0.000712*(100*AL26)^4 -> 33.889115 | AU26: =-0.164+6.73*AR26+2.87*AQ26^2 -> 59.227504
A27: 28 | B27: 205 | C27: 0.3704 | D27: 106.3 | E27: 24.311255 | F27: 2 | G27: iPhone 16e | H27: 10 | I27: 19 | J27: 35.084956 | K27: -120.53587 | L27: 81.8 | M27: 2026/10/04 12:21:05.059 | N27: 5fd53596-fcf2-4478-9a68-2d8cda271598 | O27: 7.c | P27: 2.5 | Q27: 16 | AF27: 2026/10/04 12:22:46.070 | AG27: hosteen@calpoly.edu_CalPoly | AH27: 2026/10/04 12:22:46.070 | AI27: hosteen@calpoly.edu_CalPoly | AJ27: 16 | AK27: 0.16 | AL27: 0.1761937 | AM27: 2.5 | AN27: 2.5 | AO27: 2.6996584 | AP27: 7.c | AQ27: 2.6289976 | AR27: 3.9894228 | AS27: =-52.21+16.22*AK27*100-1.25*(100*AK27)^2+0.05*(100*AK27)^3-0.000712*(100*AK27)^4 -> 45.448368 | AT27: =-52.21+16.22*AL27*100-1.25*(100*AL27)^2+0.05*(100*AL27)^3-0.000712*(100*AL27)^4 -> 50.394688 | AU27: =-0.164+6.73*AR27+2.87*AQ27^2 -> 46.521188
A28: 30 | B28: 91 | C28: 0 | D28: 254.2 | E28: 196.78197 | F28: 2 | G28: iPhone 16e | H28: 10 | I28: 19 | J28: 35.085397 | K28: -120.53562 | L28: 82.1 | M28: 2026/08/21 14:14:39.073 | N28: 63ac34da-b2ed-4e3f-bae9-f54e3e43c31a | O28: 6.3 | Q28: 17.7 | AF28: 2026/08/21 14:16:38.990 | AG28: hosteen@calpoly.edu_CalPoly | AH28: 2026/08/21 14:16:38.990 | AI28: hosteen@calpoly.edu_CalPoly | AJ28: 17.7 | AK28: 0.177 | AL28: 0.092966374 | AN28: 2.7 | AO28: 3.4502163 | AP28: 6.3 | AQ28: 3.3709967 | AR28: 4.7203487 | AS28: =-52.21+16.22*AK28*100-1.25*(100*AK28)^2+0.05*(100*AK28)^3-0.000712*(100*AK28)^4 -> 50.649906 | AT28: =-52.21+16.22*AL28*100-1.25*(100*AL28)^2+0.05*(100*AL28)^3-0.000712*(100*AL28)^4 -> 25.402935 | AU28: =-0.164+6.73*AR28+2.87*AQ28^2 -> 64.217533 | AV28: =AVERAGE(AK28:AK41) -> 0.1745 | AW28: =AVERAGE(AL28:AM41) -> 0.34542957 | AX28: =AVERAGE(AN28:AN41) -> 3.1857143 | AY28: =AVERAGE(AO28:AO41) -> 3.6731345 | AZ28: =AVERAGE(AS28:AS41) -> 50.005505 | BA28: =AVERAGE(AT28:AT41) -> 35.494886 | BB28: =SUM(AS28:AS41) -> 700.07707 | BC28: =SUM(AT28:AT41) -> 496.92841 | BD28: =SUM(AU28:AU41) -> 959.11472 | BE28: =SUM(AS28:AS41)/(PI()*12.5^2) -> 1.4261853 | BF28: =SUM(AT28:AT41)/(PI()*12.5^2) -> 1.0123342 | BG28: =SUM(AU28:AU41)/(PI()*12.5^2) -> 1.9538925
A29: 31 | B29: 93 | C29: 0 | D29: 175 | E29: 213.32689 | F29: 2 | G29: iPhone 16e | H29: 10 | I29: 19 | J29: 35.08528 | K29: -120.53565 | L29: 84.7 | M29: 2026/08/21 14:21:01.058 | N29: d03a3ee0-c162-4d31-b49f-c13b54387060 | O29: 6.5 | AF29: 2026/08/21 14:23:07.882 | AG29: hosteen@calpoly.edu_CalPoly | AH29: 2026/08/21 14:23:07.882 | AI29: hosteen@calpoly.edu_CalPoly | AK29: 0.174 | AL29: 0.22639343 | AN29: 2.9 | AO29: 3.5511067 | AP29: 6.5 | AQ29: 3.3959999 | AR29: 5.3523723 | AS29: =-52.21+16.22*AK29*100-1.25*(100*AK29)^2+0.05*(100*AK29)^3-0.000712*(100*AK29)^4 -> 49.704704 | AT29: =-52.21+16.22*AL29*100-1.25*(100*AL29)^2+0.05*(100*AL29)^3-0.000712*(100*AL29)^4 -> 67.463268 | AU29: =-0.164+6.73*AR29+2.87*AQ29^2 -> 68.956646
A30: 32 | B30: 94 | C30: 0.1852 | D30: 122 | E30: 254.34665 | F30: 2 | G30: iPhone 16e | H30: 10 | I30: 19 | J30: 35.085316 | K30: -120.5356 | L30: 81.7 | M30: 2026/08/21 14:23:35.073 | N30: 00e9ab9b-aecd-4dc1-93c0-73d83c0a29ca | O30: 6.6 | P30: 3.4 | Q30: 17.2 | AF30: 2026/08/21 14:25:17.727 | AG30: hosteen@calpoly.edu_CalPoly | AH30: 2026/08/21 14:25:17.727 | AI30: hosteen@calpoly.edu_CalPoly | AJ30: 17.2 | AK30: 0.172 | AL30: 0.12748743 | AM30: 3.4 | AN30: 3.4 | AO30: 3.8251433 | AP30: 6.6 | AQ30: 3.7749968 | AR30: 5.0146267 | AS30: =-52.21+16.22*AK30*100-1.25*(100*AK30)^2+0.05*(100*AK30)^3-0.000712*(100*AK30)^4 -> 49.08123 | AT30: =-52.21+16.22*AL30*100-1.25*(100*AL30)^2+0.05*(100*AL30)^3-0.000712*(100*AL30)^4 -> 36.2062 | AU30: =-0.164+6.73*AR30+2.87*AQ30^2 -> 74.483661
A31: 33 | B31: 95 | C31: 0.1852 | D31: 264.3 | E31: 125.36536 | F31: 2 | G31: iPhone 16e | H31: 10 | I31: 19 | J31: 35.085356 | K31: -120.53557 | L31: 82 | M31: 2026/08/21 14:25:50.065 | N31: fb2ec35d-761e-4f07-91f5-c0c9b322a18d | O31: 6.7 | Q31: 15.8 | AF31: 2026/08/21 14:27:23.851 | AG31: hosteen@calpoly.edu_CalPoly | AH31: 2026/08/21 14:27:23.851 | AI31: hosteen@calpoly.edu_CalPoly | AJ31: 15.8 | AK31: 0.158 | AL31: 0.080709552 | AN31: 3.4 | AO31: 3.7085984 | AP31: 6.7 | AQ31: 3.4700029 | AR31: 4.8204379 | AS31: =-52.21+16.22*AK31*100-1.25*(100*AK31)^2+0.05*(100*AK31)^3-0.000712*(100*AK31)^4 -> 44.859668 | AT31: =-52.21+16.22*AL31*100-1.25*(100*AL31)^2+0.05*(100*AL31)^3-0.000712*(100*AL31)^4 -> 20.541524 | AU31: =-0.164+6.73*AR31+2.87*AQ31^2 -> 66.834988
A32: 34 | B32: 96 | C32: 0.1852 | D32: 10.5 | E32: 81.264046 | F32: 2 | G32: iPhone 16e | H32: 10 | I32: 19 | J32: 35.085386 | K32: -120.53553 | L32: 82 | M32: 2026/08/21 14:28:37.082 | N32: 23037928-c450-43a9-8dad-efa22f453830 | O32: 6.8 | AF32: 2026/08/21 14:29:52.090 | AG32: hosteen@calpoly.edu_CalPoly | AH32: 2026/08/21 14:29:52.090 | AI32: hosteen@calpoly.edu_CalPoly | AK32: 0.2 | AL32: 0.16823634 | AN32: 3.3 | AO32: 3.8265657 | AP32: 6.8 | AQ32: 3.4790003 | AR32: 4.8204379 | AS32: =-52.21+16.22*AK32*100-1.25*(100*AK32)^2+0.05*(100*AK32)^3-0.000712*(100*AK32)^4 -> 58.27 | AT32: =-52.21+16.22*AL32*100-1.25*(100*AL32)^2+0.05*(100*AL32)^3-0.000712*(100*AL32)^4 -> 47.922259 | AU32: =-0.164+6.73*AR32+2.87*AQ32^2 -> 67.014429
A33: 35 | B33: 98 | C33: 0.3704 | D33: 125 | E33: 160.97415 | F33: 2 | G33: iPhone 16e | H33: 10 | I33: 19 | J33: 35.085268 | K33: -120.53554 | L33: 82.6 | M33: 2026/08/21 14:37:53.070 | N33: 353b7d79-2a06-4f2e-83d6-47f592913e94 | O33: 6.11 | Q33: 15.8 | AF33: 2026/08/21 14:38:01.734 | AG33: hosteen@calpoly.edu_CalPoly | AH33: 2026/08/21 14:39:39.959 | AI33: hosteen@calpoly.edu_CalPoly | AJ33: 15.8 | AK33: 0.158 | AL33: 0.14404346 | AN33: 3.2 | AO33: 4.007997 | AP33: 6.11 | AQ33: 3.7129991 | AR33: 4.6865107 | AS33: =-52.21+16.22*AK33*100-1.25*(100*AK33)^2+0.05*(100*AK33)^3-0.000712*(100*AK33)^4 -> 44.859668 | AT33: =-52.21+16.22*AL33*100-1.25*(100*AL33)^2+0.05*(100*AL33)^3-0.000712*(100*AL33)^4 -> 40.85476 | AU33: =-0.164+6.73*AR33+2.87*AQ33^2 -> 70.943077
A34: 36 | B34: 99 | C34: 0.3704 | D34: 178.6 | E34: 167.88144 | F34: 2 | G34: iPhone 16e | H34: 10 | I34: 19 | J34: 35.085243 | K34: -120.53558 | L34: 80.6 | M34: 2026/08/21 14:41:05.072 | N34: d3ecc0cc-2f4c-4ca7-9a85-f9bd86db15bb | O34: 6.10 | AF34: 2026/08/21 14:41:22.716 | AG34: hosteen@calpoly.edu_CalPoly | AH34: 2026/08/21 14:41:22.716 | AI34: hosteen@calpoly.edu_CalPoly | AK34: 0.161 | AL34: 0.087618261 | AN34: 3 | AO34: 3.4749382 | AP34: 6.10 | AQ34: 3.379003 | AR34: 4.5135167 | AS34: =-52.21+16.22*AK34*100-1.25*(100*AK34)^2+0.05*(100*AK34)^3-0.000712*(100*AK34)^4 -> 45.744395 | AT34: =-52.21+16.22*AL34*100-1.25*(100*AL34)^2+0.05*(100*AL34)^3-0.000712*(100*AL34)^4 -> 23.380694 | AU34: =-0.164+6.73*AR34+2.87*AQ34^2 -> 62.980656
A35: 37 | B35: 100 | C35: 0.1852 | D35: 12.5 | E35: 82.001945 | F35: 2 | G35: iPhone 16e | H35: 10 | I35: 19 | J35: 35.085304 | K35: -120.53549 | L35: 83.3 | M35: 2026/08/21 14:43:18.105 | N35: 3cbb2558-4394-4ade-a387-3686a60296f3 | O35: 6.12 | Q35: 16 | AF35: 2026/08/21 14:43:47.572 | AG35: hosteen@calpoly.edu_CalPoly | AH35: 2026/08/21 14:43:47.572 | AI35: hosteen@calpoly.edu_CalPoly | AJ35: 16 | AK35: 0.16 | AL35: 0.14121236 | AN35: 3.3 | AO35: 3.6420338 | AP35: 6.12 | AQ35: 3.5170021 | AR35: 5.232079 | AS35: =-52.21+16.22*AK35*100-1.25*(100*AK35)^2+0.05*(100*AK35)^3-0.000712*(100*AK35)^4 -> 45.448368 | AT35: =-52.21+16.22*AL35*100-1.25*(100*AL35)^2+0.05*(100*AL35)^3-0.000712*(100*AL35)^4 -> 40.05809 | AU35: =-0.164+6.73*AR35+2.87*AQ35^2 -> 70.547793
A36: 38 | B36: 101 | C36: 0 | D36: 333 | E36: 338.11356 | F36: 2 | G36: iPhone 16e | H36: 10 | I36: 19 | J36: 35.085331 | K36: -120.53547 | L36: 82.9 | M36: 2026/08/21 14:45:28.076 | N36: 6430207c-b0f6-45f9-af7d-b4046fd6c51c | O36: 6.13 | Q36: 18.5 | AF36: 2026/08/21 14:46:59.978 | AG36: hosteen@calpoly.edu_CalPoly | AH36: 2026/08/21 14:46:59.978 | AI36: hosteen@calpoly.edu_CalPoly | AJ36: 18.5 | AK36: 0.185 | AL36: 0.067364603 | AN36: 2.9 | AO36: 3.2874351 | AP36: 6.13 | AQ36: 3.3880029 | AR36: 4.6865107 | AS36: =-52.21+16.22*AK36*100-1.25*(100*AK36)^2+0.05*(100*AK36)^3-0.000712*(100*AK36)^4 -> 53.228586 | AT36: =-52.21+16.22*AL36*100-1.25*(100*AL36)^2+0.05*(100*AL36)^3-0.000712*(100*AL36)^4 -> 14.149262 | AU36: =-0.164+6.73*AR36+2.87*AQ36^2 -> 64.319694
A37: 39 | B37: 104 | C37: 0 | D37: 131.2 | E37: 172.61284 | F37: 2 | G37: iPhone 16e | H37: 10 | I37: 19 | J37: 35.085238 | K37: -120.53549 | L37: 82.6 | M37: 2026/08/21 14:57:43.082 | N37: f4bc578e-79e8-43e9-812a-4c6e26d1093f | O37: 6.16 | AF37: 2026/08/21 14:58:41.198 | AG37: hosteen@calpoly.edu_CalPoly | AH37: 2026/08/21 14:58:41.198 | AI37: hosteen@calpoly.edu_CalPoly | AK37: 0.167 | AL37: 0.14090268 | AN37: 3.6 | AO37: 4.243187 | AP37: 6.16 | AQ37: 3.8409994 | AR37: 4.8860251 | AS37: =-52.21+16.22*AK37*100-1.25*(100*AK37)^2+0.05*(100*AK37)^3-0.000712*(100*AK37)^4 -> 47.545552 | AT37: =-52.21+16.22*AL37*100-1.25*(100*AL37)^2+0.05*(100*AL37)^3-0.000712*(100*AL37)^4 -> 39.971129 | AU37: =-0.164+6.73*AR37+2.87*AQ37^2 -> 75.060852
A38: 40 | B38: 105 | C38: 0.3704 | D38: 170.7 | E38: 98.370789 | F38: 2 | G38: iPhone 16e | H38: 10 | I38: 19 | J38: 35.085267 | K38: -120.53545 | L38: 82.6 | M38: 2026/08/21 15:00:25.072 | N38: 41ea2dce-369d-4e54-8e57-840f2ccdf760 | O38: 6.17 | AF38: 2026/08/21 15:01:18.190 | AG38: hosteen@calpoly.edu_CalPoly | AH38: 2026/08/21 15:01:18.190 | AI38: hosteen@calpoly.edu_CalPoly | AK38: 0.175 | AL38: 0.13697925 | AN38: 3.5 | AO38: 3.6275227 | AP38: 6.17 | AQ38: 3.7029974 | AR38: 4.8204379 | AS38: =-52.21+16.22*AK38*100-1.25*(100*AK38)^2+0.05*(100*AK38)^3-0.000712*(100*AK38)^4 -> 50.018437 | AT38: =-52.21+16.22*AL38*100-1.25*(100*AL38)^2+0.05*(100*AL38)^3-0.000712*(100*AL38)^4 -> 38.871335 | AU38: =-0.164+6.73*AR38+2.87*AQ38^2 -> 71.631533
A39: 41 | B39: 187 | C39: 0 | D39: 137.7 | E39: 85.400421 | F39: 2 | G39: iPhone 16e | H39: 10 | I39: 19 | J39: 35.085422 | K39: -120.53558 | L39: 82 | M39: 2026/10/04 10:08:32.058 | N39: dc6ccdd4-0e50-4c57-850f-1e084edf8623 | O39: 6.a | Q39: 15.9 | AF39: 2026/10/04 10:10:27.519 | AG39: hosteen@calpoly.edu_CalPoly | AH39: 2026/10/04 10:10:27.519 | AI39: hosteen@calpoly.edu_CalPoly | AJ39: 15.9 | AK39: 0.159 | AL39: 0.12441779 | AN39: 2.8 | AO39: 3.3390048 | AP39: 6.a | AQ39: 3.1380017 | AR39: 4.7539459 | AS39: =-52.21+16.22*AK39*100-1.25*(100*AK39)^2+0.05*(100*AK39)^3-0.000712*(100*AK39)^4 -> 45.153468 | AT39: =-52.21+16.22*AL39*100-1.25*(100*AL39)^2+0.05*(100*AL39)^3-0.000712*(100*AL39)^4 -> 35.335152 | AU39: =-0.164+6.73*AR39+2.87*AQ39^2 -> 60.091103
A40: 42 | B40: 188 | C40: 0 | D40: 145.1 | E40: 176.32547 | F40: 2 | G40: iPhone 16e | H40: 10 | I40: 19 | J40: 35.085419 | K40: -120.53547 | L40: 83.1 | M40: 2026/10/04 10:12:26.073 | N40: 62ed4a29-4fd8-4b65-b78c-7b31965e62b5 | O40: 6.b | Q40: 20 | AF40: 2026/10/04 10:14:16.240 | AG40: hosteen@calpoly.edu_CalPoly | AH40: 2026/10/04 10:14:16.240 | AI40: hosteen@calpoly.edu_CalPoly | AJ40: 20 | AK40: 0.2 | AL40: 0.081230245 | AN40: 3.4 | AO40: 3.6613002 | AP40: 6.b | AQ40: 3.4640019 | AR40: 5.2015709 | AS40: =-52.21+16.22*AK40*100-1.25*(100*AK40)^2+0.05*(100*AK40)^3-0.000712*(100*AK40)^4 -> 58.27 | AT40: =-52.21+16.22*AL40*100-1.25*(100*AL40)^2+0.05*(100*AL40)^3-0.000712*(100*AL40)^4 -> 20.765415 | AU40: =-0.164+6.73*AR40+2.87*AQ40^2 -> 69.28059
A41: 43 | B41: 190 | C41: 0.5556 | D41: 182.9 | E41: 130.34575 | F41: 2 | G41: iPhone 16e | H41: 10 | I41: 19 | J41: 35.085305 | K41: -120.53541 | L41: 81.2 | M41: 2026/10/04 10:39:59.065 | N41: 1c1a44c4-1c69-4386-86f7-a1ce508a788e | O41: 6.d | Q41: 19.7 | AF41: 2026/10/04 10:42:01.856 | AG41: hosteen@calpoly.edu_CalPoly | AH41: 2026/10/04 10:42:01.856 | AI41: hosteen@calpoly.edu_CalPoly | AJ41: 19.7 | AK41: 0.197 | AL41: 0.16188179 | AN41: 3.2 | AO41: 3.7788334 | AP41: 6.d | AQ41: 3.518002 | AR41: 5.556623 | AS41: =-52.21+16.22*AK41*100-1.25*(100*AK41)^2+0.05*(100*AK41)^3-0.000712*(100*AK41)^4 -> 57.24309 | AT41: =-52.21+16.22*AL41*100-1.25*(100*AL41)^2+0.05*(100*AL41)^3-0.000712*(100*AL41)^4 -> 46.006386 | AU41: =-0.164+6.73*AR41+2.87*AQ41^2 -> 72.752164
A42: 45 | B42: 74 | C42: 0.1852 | D42: 118.6 | E42: 256.39578 | F42: 2 | G42: iPhone 16e | H42: 10 | I42: 19 | J42: 35.0857 | K42: -120.53519 | L42: 83.3 | M42: 2026/08/20 16:04:57.983 | N42: 294d2c70-2f31-4d6f-8185-d3ab7b808947 | O42: 5.2 | AF42: 2026/08/20 16:05:25.889 | AG42: hosteen@calpoly.edu_CalPoly | AH42: 2026/08/20 16:05:25.889 | AI42: hosteen@calpoly.edu_CalPoly | AK42: 0.155 | AL42: 0.17383682 | AN42: 3 | AO42: 3.3764548 | AP42: 5.2 | AQ42: 3.2880018 | AR42: 4.3701937 | AS42: =-52.21+16.22*AK42*100-1.25*(100*AK42)^2+0.05*(100*AK42)^3-0.000712*(100*AK42)^4 -> 43.984566 | AT42: =-52.21+16.22*AL42*100-1.25*(100*AL42)^2+0.05*(100*AL42)^3-0.000712*(100*AL42)^4 -> 49.653635 | AU42: =-0.164+6.73*AR42+2.87*AQ42^2 -> 60.274847 | AV42: =AVERAGE(AK42:AK55) -> 0.17214286 | AW42: =AVERAGE(AL42:AL55) -> 0.1468494 | AX42: =AVERAGE(AN42:AN55) -> 3.1928571 | AY42: =AVERAGE(AO42:AO55) -> 3.6736254 | AZ42: =AVERAGE(AS42:AS55) -> 49.236927 | BA42: =AVERAGE(AT42:AT55) -> 41.702423 | BB42: =SUM(AS42:AS55) -> 689.31698 | BC42: =SUM(AT42:AT55) -> 583.83392 | BD42: =SUM(AU42:AU55) -> 943.49239 | BE42: =SUM(AS42:AS55)/(PI()*12.5^2) -> 1.404265 | BF42: =SUM(AT42:AT55)/(PI()*12.5^2) -> 1.1893767 | BG42: =SUM(AU42:AU55)/(PI()*12.5^2) -> 1.9220669
A43: 46 | B43: 75 | C43: 0 | D43: 88 | E43: 306.20764 | F43: 2 | G43: iPhone 16e | H43: 10 | I43: 19 | J43: 35.085737 | K43: -120.53514 | L43: 83.4 | M43: 2026/08/20 16:07:28.997 | N43: 46383dd4-38bd-4054-92eb-93d6f456e0b6 | O43: 5.3 | AF43: 2026/08/20 16:09:28.921 | AG43: hosteen@calpoly.edu_CalPoly | AH43: 2026/08/20 16:09:28.921 | AI43: hosteen@calpoly.edu_CalPoly | AK43: 0.168 | AL43: 0.091027118 | AN43: 3.3 | AO43: 3.5629706 | AP43: 5.3 | AQ43: 3.514997 | AR43: 4.7873074 | AS43: =-52.21+16.22*AK43*100-1.25*(100*AK43)^2+0.05*(100*AK43)^3-0.000712*(100*AK43)^4 -> 47.850095 | AT43: =-52.21+16.22*AL43*100-1.25*(100*AL43)^2+0.05*(100*AL43)^3-0.000712*(100*AL43)^4 -> 24.685668 | AU43: =-0.164+6.73*AR43+2.87*AQ43^2 -> 67.514014
A44: 47 | B44: 77 | C44: 0 | D44: 98.2 | E44: 356.64719 | F44: 2 | G44: iPhone 16e | H44: 10 | I44: 19 | J44: 35.085636 | K44: -120.53518 | L44: 84.9 | M44: 2026/08/20 16:16:17.081 | N44: 907108ce-0aab-458e-a8fb-929f2b844bbf | O44: 5.5 | AF44: 2026/08/20 16:17:11.892 | AG44: hosteen@calpoly.edu_CalPoly | AH44: 2026/08/20 16:17:11.892 | AI44: hosteen@calpoly.edu_CalPoly | AK44: 0.17 | AL44: 0.1323119 | AN44: 3.3 | AO44: 3.4533019 | AP44: 5.5 | AQ44: 3.7019985 | AR44: 5.0146267 | AS44: =-52.21+16.22*AK44*100-1.25*(100*AK44)^2+0.05*(100*AK44)^3-0.000712*(100*AK44)^4 -> 48.463048 | AT44: =-52.21+16.22*AL44*100-1.25*(100*AL44)^2+0.05*(100*AL44)^3-0.000712*(100*AL44)^4 -> 37.563877 | AU44: =-0.164+6.73*AR44+2.87*AQ44^2 -> 72.917193
A45: 48 | B45: 78 | C45: 0.3704 | D45: 174.8 | E45: 199.76979 | F45: 2 | G45: iPhone 16e | H45: 10 | I45: 19 | J45: 35.085695 | K45: -120.5351 | L45: 84.8 | M45: 2026/08/20 16:19:24.088 | N45: ad948b3f-774d-4978-8dc0-ce2d7ba3eff6 | O45: 5.6 | AF45: 2026/08/20 16:20:16.567 | AG45: hosteen@calpoly.edu_CalPoly | AH45: 2026/08/20 16:20:16.567 | AI45: hosteen@calpoly.edu_CalPoly | AK45: 0.188 | AL45: 0.19371121 | AN45: 3.5 | AO45: 3.9408212 | AP45: 5.6 | AQ45: 3.4960008 | AR45: 5.1400117 | AS45: =-52.21+16.22*AK45*100-1.25*(100*AK45)^2+0.05*(100*AK45)^3-0.000712*(100*AK45)^4 -> 54.216678 | AT45: =-52.21+16.22*AL45*100-1.25*(100*AL45)^2+0.05*(100*AL45)^3-0.000712*(100*AL45)^4 -> 56.127086 | AU45: =-0.164+6.73*AR45+2.87*AQ45^2 -> 69.50548
A46: 49 | B46: 79 | C46: 0 | D46: 170.9 | E46: 177.51346 | F46: 2 | G46: iPhone 16e | H46: 10 | I46: 19 | J46: 35.085729 | K46: -120.53505 | L46: 85.3 | M46: 2026/08/20 16:21:21.076 | N46: a8817471-9c2f-4482-bb58-32c5758b69e2 | O46: 5.7 | AF46: 2026/08/20 16:21:24.823 | AG46: hosteen@calpoly.edu_CalPoly | AH46: 2026/08/20 16:23:55.383 | AI46: hosteen@calpoly.edu_CalPoly | AK46: 0.18 | AL46: 0.15143482 | AN46: 3.1 | AO46: 3.5188594 | AP46: 5.7 | AQ46: 3.3189971 | AR46: 4.9507435 | AS46: =-52.21+16.22*AK46*100-1.25*(100*AK46)^2+0.05*(100*AK46)^3-0.000712*(100*AK46)^4 -> 51.607088 | AT46: =-52.21+16.22*AL46*100-1.25*(100*AL46)^2+0.05*(100*AL46)^3-0.000712*(100*AL46)^4 -> 42.955892 | AU46: =-0.164+6.73*AR46+2.87*AQ46^2 -> 64.769683
A47: 50 | B47: 81 | C47: 0 | D47: 82 | E47: 49.13203 | F47: 2 | G47: iPhone 16e | H47: 10 | I47: 19 | J47: 35.085596 | K47: -120.53512 | L47: 84.6 | M47: 2026/08/20 16:29:13.100 | N47: 5a9ea382-ea10-44f6-a01c-fd4607b2cbb4 | O47: 5.9 | AF47: 2026/08/20 16:30:25.673 | AG47: hosteen@calpoly.edu_CalPoly | AH47: 2026/08/20 16:30:25.673 | AI47: hosteen@calpoly.edu_CalPoly | AK47: 0.165 | AL47: 0.13648984 | AN47: 3.1 | AO47: 3.4736476 | AP47: 5.9 | AQ47: 3.3300002 | AR47: 4.9827875 | AS47: =-52.21+16.22*AK47*100-1.25*(100*AK47)^2+0.05*(100*AK47)^3-0.000712*(100*AK47)^4 -> 46.940266 | AT47: =-52.21+16.22*AL47*100-1.25*(100*AL47)^2+0.05*(100*AL47)^3-0.000712*(100*AL47)^4 -> 38.734293 | AU47: =-0.164+6.73*AR47+2.87*AQ47^2 -> 65.195306
A48: 51 | B48: 82 | C48: 0 | D48: 119.6 | E48: 195.80519 | F48: 2 | G48: iPhone 16e | H48: 10 | I48: 19 | J48: 35.085622 | K48: -120.53507 | L48: 85.7 | M48: 2026/08/20 16:32:35.094 | N48: e854813b-a666-4d58-85c8-ed2b4039f318 | O48: 5.10 | AF48: 2026/08/20 16:34:02.110 | AG48: hosteen@calpoly.edu_CalPoly | AH48: 2026/08/20 16:34:02.110 | AI48: hosteen@calpoly.edu_CalPoly | AK48: 0.185 | AL48: 0.13902765 | AN48: 3 | AO48: 3.7065728 | AP48: 5.10 | AQ48: 3.5510018 | AR48: 4.5486418 | AS48: =-52.21+16.22*AK48*100-1.25*(100*AK48)^2+0.05*(100*AK48)^3-0.000712*(100*AK48)^4 -> 53.228586 | AT48: =-52.21+16.22*AL48*100-1.25*(100*AL48)^2+0.05*(100*AL48)^3-0.000712*(100*AL48)^4 -> 39.445167 | AU48: =-0.164+6.73*AR48+2.87*AQ48^2 -> 66.637951
A49: 52 | B49: 83 | C49: 0.1852 | D49: 215.7 | E49: 249.83916 | F49: 2 | G49: iPhone 16e | H49: 10 | I49: 19 | J49: 35.085653 | K49: -120.53503 | L49: 84.7 | M49: 2026/08/20 16:35:54.103 | N49: 1fa2f9b2-7e0e-4946-aec5-2e903cd37d28 | O49: 5.11 | AF49: 2026/08/20 16:38:05.874 | AG49: hosteen@calpoly.edu_CalPoly | AH49: 2026/08/20 16:38:05.874 | AI49: hosteen@calpoly.edu_CalPoly | AK49: 0.144 | AL49: 0.14498351 | AN49: 3.2 | AO49: 3.6725695 | AP49: 5.11 | AQ49: 3.2759969 | AR49: 4.6524265 | AS49: =-52.21+16.22*AK49*100-1.25*(100*AK49)^2+0.05*(100*AK49)^3-0.000712*(100*AK49)^4 -> 40.842503 | AT49: =-52.21+16.22*AL49*100-1.25*(100*AL49)^2+0.05*(100*AL49)^3-0.000712*(100*AL49)^4 -> 41.120087 | AU49: =-0.164+6.73*AR49+2.87*AQ49^2 -> 61.948118
A50: 53 | B50: 84 | C50: 0 | D50: 68 | E50: 301.30856 | F50: 2 | G50: iPhone 16e | H50: 10 | I50: 19 | J50: 35.085669 | K50: -120.53499 | L50: 85.7 | M50: 2026/08/20 16:39:43.072 | N50: 1e4539ba-012b-4157-aa85-642268cba860 | O50: 5.12 | AF50: 2026/08/20 16:41:27.628 | AG50: hosteen@calpoly.edu_CalPoly | AH50: 2026/08/20 16:41:27.628 | AI50: hosteen@calpoly.edu_CalPoly | AK50: 0.187 | AL50: 0.14026746 | AN50: 3.3 | AO50: 3.936744 | AP50: 5.12 | AQ50: 3.7380033 | AR50: 4.8533423 | AS50: =-52.21+16.22*AK50*100-1.25*(100*AK50)^2+0.05*(100*AK50)^3-0.000712*(100*AK50)^4 -> 53.886086 | AT50: =-52.21+16.22*AL50*100-1.25*(100*AL50)^2+0.05*(100*AL50)^3-0.000712*(100*AL50)^4 -> 39.792843 | AU50: =-0.164+6.73*AR50+2.87*AQ50^2 -> 72.600552
A51: 54 | B51: 88 | C51: 0 | D51: 197.5 | E51: 164.19427 | F51: 2 | G51: iPhone 16e | H51: 10 | I51: 19 | J51: 35.085581 | K51: -120.53502 | L51: 85.2 | M51: 2026/08/20 16:57:47.068 | N51: 68480064-d1a5-493f-b673-421909d2a9f5 | O51: 5.15 | AF51: 2026/08/20 16:59:20.846 | AG51: hosteen@calpoly.edu_CalPoly | AH51: 2026/08/20 16:59:20.846 | AI51: hosteen@calpoly.edu_CalPoly | AK51: 0.191 | AL51: 0.13490617 | AN51: 3.3 | AO51: 3.6451206 | AP51: 5.15 | AQ51: 3.6550004 | AR51: 4.8533423 | AS51: =-52.21+16.22*AK51*100-1.25*(100*AK51)^2+0.05*(100*AK51)^3-0.000712*(100*AK51)^4 -> 55.215579 | AT51: =-52.21+16.22*AL51*100-1.25*(100*AL51)^2+0.05*(100*AL51)^3-0.000712*(100*AL51)^4 -> 38.290851 | AU51: =-0.164+6.73*AR51+2.87*AQ51^2 -> 70.839405
A52: 55 | B52: 85 | C52: 0.1852 | D52: 247.8 | E52: 210.21057 | F52: 2 | G52: iPhone 16e | H52: 10 | I52: 19 | J52: 35.08562 | K52: -120.53497 | L52: 84.9 | M52: 2026/08/20 16:45:10.093 | N52: 3e5bf6f5-0ebf-430c-a0a0-9c545fc27b62 | O52: 5.16 | AF52: 2026/08/20 16:46:05.473 | AG52: hosteen@calpoly.edu_CalPoly | AH52: 2026/08/20 16:59:36.557 | AI52: hosteen@calpoly.edu_CalPoly | AK52: 0.17 | AL52: 0.1666384 | AN52: 3 | AO52: 3.4268982 | AP52: 5.16 | AQ52: 3.5120032 | AR52: 5.3523723 | AS52: =-52.21+16.22*AK52*100-1.25*(100*AK52)^2+0.05*(100*AK52)^3-0.000712*(100*AK52)^4 -> 48.463048 | AT52: =-52.21+16.22*AL52*100-1.25*(100*AL52)^2+0.05*(100*AL52)^3-0.000712*(100*AL52)^4 -> 47.435742 | AU52: =-0.164+6.73*AR52+2.87*AQ52^2 -> 71.256523
A53: 56 | B53: 183 | C53: 0.1852 | D53: 229.7 | E53: 235.13789 | F53: 2 | G53: iPhone 16e | H53: 10 | I53: 19 | J53: 35.085768 | K53: -120.5351 | L53: 84.5 | M53: 2026/10/04 09:43:45.097 | N53: fe38fc8d-30ba-42b6-8254-f80def577f39 | O53: 5.a | Q53: 16.6 | AF53: 2026/10/04 09:45:52.734 | AG53: hosteen@calpoly.edu_CalPoly | AH53: 2026/10/04 09:45:52.734 | AI53: hosteen@calpoly.edu_CalPoly | AJ53: 16.6 | AK53: 0.166 | AL53: 0.14409468 | AN53: 3.1 | AO53: 3.5252845 | AP53: 5.a | AQ53: 3.385998 | AR53: 4.7539459 | AS53: =-52.21+16.22*AK53*100-1.25*(100*AK53)^2+0.05*(100*AK53)^3-0.000712*(100*AK53)^4 -> 47.242281 | AT53: =-52.21+16.22*AL53*100-1.25*(100*AL53)^2+0.05*(100*AL53)^3-0.000712*(100*AL53)^4 -> 40.869205 | AU53: =-0.164+6.73*AR53+2.87*AQ53^2 -> 64.734556
A54: 57 | B54: 185 | C54: 0.1852 | D54: 111.9 | E54: 119.36969 | F54: 2 | G54: iPhone 16e | H54: 10 | I54: 19 | J54: 35.085765 | K54: -120.53501 | L54: 84.7 | M54: 2026/10/04 09:50:20.076 | N54: 8ac2c6ab-a7fc-4c8b-b3fb-98f30b24cc76 | O54: 5.c | Q54: 18.1 | AF54: 2026/10/04 09:52:21.245 | AG54: hosteen@calpoly.edu_CalPoly | AH54: 2026/10/04 09:52:21.245 | AI54: hosteen@calpoly.edu_CalPoly | AJ54: 18.1 | AK54: 0.181 | AL54: 0.15720406 | AN54: 2.8 | AO54: 3.6470003 | AP54: 5.c | AQ54: 3.1979973 | AR54: 5.0777063 | AS54: =-52.21+16.22*AK54*100-1.25*(100*AK54)^2+0.05*(100*AK54)^3-0.000712*(100*AK54)^4 -> 51.928792 | AT54: =-52.21+16.22*AL54*100-1.25*(100*AL54)^2+0.05*(100*AL54)^3-0.000712*(100*AL54)^4 -> 44.626586 | AU54: =-0.164+6.73*AR54+2.87*AQ54^2 -> 63.36099
A55: 58 | B55: 186 | C55: 0.3704 | D55: 249.5 | E55: 237.92583 | F55: 2 | G55: iPhone 16e | H55: 10 | I55: 19 | J55: 35.085707 | K55: -120.53494 | L55: 86.6 | M55: 2026/10/04 09:54:00.060 | N55: 46c561c8-a21e-494a-8060-7f8546784af5 | O55: 5.d | Q55: 16 | AF55: 2026/10/04 09:58:35.794 | AG55: hosteen@calpoly.edu_CalPoly | AH55: 2026/10/04 09:58:35.794 | AI55: hosteen@calpoly.edu_CalPoly | AJ55: 16 | AK55: 0.16 | AL55: 0.14995797 | AN55: 3.7 | AO55: 4.5445099 | AP55: 5.d | AQ55: 3.7699964 | AR55: 4.6524265 | AS55: =-52.21+16.22*AK55*100-1.25*(100*AK55)^2+0.05*(100*AK55)^3-0.000712*(100*AK55)^4 -> 45.448368 | AT55: =-52.21+16.22*AL55*100-1.25*(100*AL55)^2+0.05*(100*AL55)^3-0.000712*(100*AL55)^4 -> 42.532989 | AU55: =-0.164+6.73*AR55+2.87*AQ55^2 -> 71.937775
A56: 60 | B56: 140 | C56: 0.1852 | D56: 10.4 | E56: 328.92239 | F56: 2 | G56: iPhone 16e | H56: 10 | I56: 19 | J56: 35.08595 | K56: -120.53561 | L56: 85.4 | M56: 2026/09/01 08:55:22.091 | N56: 4a6ec111-26b1-4427-8564-1ef9f3a4b9c6 | O56: 9.3 | AF56: 2026/09/01 08:56:09.862 | AG56: hosteen@calpoly.edu_CalPoly | AH56: 2026/09/01 08:56:09.862 | AI56: hosteen@calpoly.edu_CalPoly | AK56: 0.158 | AL56: 0.11303065 | AN56: 2.8 | AO56: 3.2815883 | AP56: 9.3 | AQ56: 3.2960007 | AR56: 4.6180908 | AS56: =-52.21+16.22*AK56*100-1.25*(100*AK56)^2+0.05*(100*AK56)^3-0.000712*(100*AK56)^4 -> 44.859668 | AT56: =-52.21+16.22*AL56*100-1.25*(100*AL56)^2+0.05*(100*AL56)^3-0.000712*(100*AL56)^4 -> 32.008614 | AU56: =-0.164+6.73*AR56+2.87*AQ56^2 -> 62.094342 | AV56: =AVERAGE(AK56:AK70) -> 0.17433333 | AW56: =AVERAGE(AL56:AL70) -> 0.1530691 | AX56: =AVERAGE(AN56:AN70) -> 3 | AY56: =AVERAGE(AO56:AO70) -> 3.344442 | AZ56: =AVERAGE(AS56:AS70) -> 49.944388 | BA56: =AVERAGE(AT56:AT70) -> 43.709295 | BB56: =SUM(AS56:AS70) -> 749.16581 | BC56: =SUM(AT56:AT70) -> 655.63943 | BD56: =SUM(AU56:AU70) -> 965.47159 | BE56: =SUM(AS56:AS70)/(PI()*12.5^2) -> 1.5261881 | BF56: =SUM(AT56:AT70)/(PI()*12.5^2) -> 1.3356577 | BG56: =SUM(AU56:AU70)/(PI()*12.5^2) -> 1.9668426
A57: 61 | B57: 139 | C57: 0 | D57: 199.8 | E57: 61.868652 | F57: 2 | G57: iPhone 16e | H57: 10 | I57: 19 | J57: 35.085923 | K57: -120.53565 | L57: 84.7 | M57: 2026/09/01 08:46:25.078 | N57: 61d613e8-6660-4ae5-a67d-e90e8c3c67d2 | O57: 9.2 | P57: 2.9 | Q57: 17 | S57: No WT collection available | AF57: 2026/09/01 08:46:59.942 | AG57: hosteen@calpoly.edu_CalPoly | AH57: 2026/09/01 09:00:16.341 | AI57: hosteen@calpoly.edu_CalPoly | AJ57: 17 | AK57: 0.17 | AL57: 0.14915615 | AM57: 2.9 | AN57: 2.9 | AO57: 3.2717617 | AP57: 9.2 | AQ57: 2.9949994 | AR57: 4.4424332 | AS57: =-52.21+16.22*AK57*100-1.25*(100*AK57)^2+0.05*(100*AK57)^3-0.000712*(100*AK57)^4 -> 48.463048 | AT57: =-52.21+16.22*AL57*100-1.25*(100*AL57)^2+0.05*(100*AL57)^3-0.000712*(100*AL57)^4 -> 42.304101 | AU57: =-0.164+6.73*AR57+2.87*AQ57^2 -> 55.477537
A58: 62 | B58: 141 | C58: 0 | D58: 35.3 | E58: 221.63387 | F58: 2 | G58: iPhone 16e | H58: 10 | I58: 19 | J58: 35.085981 | K58: -120.53556 | L58: 85.3 | M58: 2026/09/01 09:03:16.072 | N58: f84a6a73-25bc-4eed-9656-be30fe1c5eed | O58: 9.4 | AF58: 2026/09/01 09:05:06.178 | AG58: hosteen@calpoly.edu_CalPoly | AH58: 2026/09/01 09:05:06.178 | AI58: hosteen@calpoly.edu_CalPoly | AK58: 0.166 | AL58: 0.16127454 | AN58: 2.9 | AO58: 3.149704 | AP58: 9.4 | AQ58: 3.2609992 | AR58: 4.6524265 | AS58: =-52.21+16.22*AK58*100-1.25*(100*AK58)^2+0.05*(100*AK58)^3-0.000712*(100*AK58)^4 -> 47.242281 | AT58: =-52.21+16.22*AL58*100-1.25*(100*AL58)^2+0.05*(100*AL58)^3-0.000712*(100*AL58)^4 -> 45.825867 | AU58: =-0.164+6.73*AR58+2.87*AQ58^2 -> 61.666743
A59: 63 | B59: 143 | C59: 0 | D59: 333.9 | E59: 273.3374 | F59: 2 | G59: iPhone 16e | H59: 10 | I59: 19 | J59: 35.085844 | K59: -120.53564 | L59: 83.3 | M59: 2026/09/01 09:10:14.068 | N59: 50a6fd53-a47d-4399-bc05-7dbd00d89262 | O59: 9.6 | Q59: 18.4 | AF59: 2026/09/01 09:12:18.621 | AG59: hosteen@calpoly.edu_CalPoly | AH59: 2026/09/01 09:12:18.621 | AI59: hosteen@calpoly.edu_CalPoly | AJ59: 18.4 | AK59: 0.184 | AL59: 0.1511518 | AN59: 3.2 | AO59: 3.9212787 | AP59: 9.6 | AQ59: 3.7500029 | AR59: 4.7539459 | AS59: =-52.21+16.22*AK59*100-1.25*(100*AK59)^2+0.05*(100*AK59)^3-0.000712*(100*AK59)^4 -> 52.901714 | AT59: =-52.21+16.22*AL59*100-1.25*(100*AL59)^2+0.05*(100*AL59)^3-0.000712*(100*AL59)^4 -> 42.87471 | AU59: =-0.164+6.73*AR59+2.87*AQ59^2 -> 72.189493
A60: 64 | B60: 144 | C60: 0 | D60: 262.8 | E60: 181.21608 | F60: 2 | G60: iPhone 16e | H60: 10 | I60: 19 | J60: 35.085883 | K60: -120.53559 | L60: 84.5 | M60: 2026/09/01 09:13:06.083 | N60: 446b3378-c70f-4f92-a510-c6db45231fc6 | O60: 9.7 | Q60: 20.8 | AF60: 2026/09/01 09:15:39.087 | AG60: hosteen@calpoly.edu_CalPoly | AH60: 2026/09/01 09:15:39.087 | AI60: hosteen@calpoly.edu_CalPoly | AJ60: 20.8 | AK60: 0.208 | AL60: 0.15461602 | AN60: 3 | AO60: 3.3297162 | AP60: 9.7 | AQ60: 3.4349992 | AR60: 5.2624101 | AS60: =-52.21+16.22*AK60*100-1.25*(100*AK60)^2+0.05*(100*AK60)^3-0.000712*(100*AK60)^4 -> 61.041313 | AT60: =-52.21+16.22*AL60*100-1.25*(100*AL60)^2+0.05*(100*AL60)^3-0.000712*(100*AL60)^4 -> 43.873211 | AU60: =-0.164+6.73*AR60+2.87*AQ60^2 -> 69.115781
A61: 65 | B61: 145 | C61: 0.1852 | D61: 166.6 | E61: 310.6282 | F61: 2 | G61: iPhone 16e | H61: 10 | I61: 19 | J61: 35.085909 | K61: -120.53556 | L61: 84.6 | M61: 2026/09/01 09:17:03.059 | N61: c0aa4d08-33b1-42c5-b8b4-e536599f3110 | O61: 9.8 | AF61: 2026/09/01 09:25:27.301 | AG61: hosteen@calpoly.edu_CalPoly | AH61: 2026/09/01 09:25:27.301 | AI61: hosteen@calpoly.edu_CalPoly | AK61: 0.163 | AL61: 0.1373111 | AN61: 2.7 | AO61: 3.0739846 | AP61: 9.8 | AQ61: 2.7569978 | AR61: 4.2967399 | AS61: =-52.21+16.22*AK61*100-1.25*(100*AK61)^2+0.05*(100*AK61)^3-0.000712*(100*AK61)^4 -> 46.339933 | AT61: =-52.21+16.22*AL61*100-1.25*(100*AL61)^2+0.05*(100*AL61)^3-0.000712*(100*AL61)^4 -> 38.964265 | AU61: =-0.164+6.73*AR61+2.87*AQ61^2 -> 50.568035
A62: 66 | B62: 146 | C62: 0 | D62: 60.2 | E62: 14.248619 | F62: 2 | G62: iPhone 16e | H62: 10 | I62: 19 | J62: 35.085937 | K62: -120.53551 | L62: 85.8 | M62: 2026/09/01 09:26:35.056 | N62: 59a160ac-b51e-44d3-9480-e6a8c23e8101 | O62: 9.9 | Q62: 17.3 | AF62: 2026/09/01 09:28:18.543 | AG62: hosteen@calpoly.edu_CalPoly | AH62: 2026/09/01 09:28:18.543 | AI62: hosteen@calpoly.edu_CalPoly | AJ62: 17.3 | AK62: 0.173 | AL62: 0.13665389 | AN62: 2.9 | AO62: 3.5075526 | AP62: 9.9 | AQ62: 3.587002 | AR62: 4.6865107 | AS62: =-52.21+16.22*AK62*100-1.25*(100*AK62)^2+0.05*(100*AK62)^3-0.000712*(100*AK62)^4 -> 49.392303 | AT62: =-52.21+16.22*AL62*100-1.25*(100*AL62)^2+0.05*(100*AL62)^3-0.000712*(100*AL62)^4 -> 38.780228 | AU62: =-0.164+6.73*AR62+2.87*AQ62^2 -> 68.303312
A63: 67 | B63: 148 | C63: 0.1852 | D63: 221.2 | E63: 140.12375 | F63: 2 | G63: iPhone 16e | H63: 10 | I63: 19 | J63: 35.08581 | K63: -120.53558 | L63: 82.8 | M63: 2026/09/01 09:35:13.050 | N63: e1e229dd-819f-4174-9c0d-27a4d40668b9 | O63: 9.11 | AF63: 2026/09/01 09:35:22.992 | AG63: hosteen@calpoly.edu_CalPoly | AH63: 2026/09/01 09:35:22.992 | AI63: hosteen@calpoly.edu_CalPoly | AK63: 0.172 | AL63: 0.12292761 | AN63: 3.4 | AO63: 3.5706694 | AP63: 9.11 | AQ63: 3.7219968 | AR63: 4.5135167 | AS63: =-52.21+16.22*AK63*100-1.25*(100*AK63)^2+0.05*(100*AK63)^3-0.000712*(100*AK63)^4 -> 49.08123 | AT63: =-52.21+16.22*AL63*100-1.25*(100*AL63)^2+0.05*(100*AL63)^3-0.000712*(100*AL63)^4 -> 34.909387 | AU63: =-0.164+6.73*AR63+2.87*AQ63^2 -> 69.970824
A64: 68 | B64: 149 | F64: 1 | J64: 35.085838 | K64: -120.53553 | N64: b92a6bc6-d37a-4e82-ba8f-ee09aa15eea4 | O64: 9.12 | P64: 3 | Q64: 18.1 | AF64: 2026/09/01 09:39:06.440 | AG64: hosteen@calpoly.edu_CalPoly | AH64: 2026/09/01 09:39:06.440 | AI64: hosteen@calpoly.edu_CalPoly | AJ64: 18.1 | AK64: 0.181 | AL64: 0.1796376 | AM64: 3 | AN64: 3 | AO64: 2.5501449 | AP64: 9.12 | AQ64: 3.3529985 | AR64: 4.3701937 | AS64: =-52.21+16.22*AK64*100-1.25*(100*AK64)^2+0.05*(100*AK64)^3-0.000712*(100*AK64)^4 -> 51.928792 | AT64: =-52.21+16.22*AL64*100-1.25*(100*AL64)^2+0.05*(100*AL64)^3-0.000712*(100*AL64)^4 -> 51.490826 | AU64: =-0.164+6.73*AR64+2.87*AQ64^2 -> 61.513663
A65: 69 | B65: 150 | C65: 0.1852 | D65: 346.4 | E65: 9.9749231 | F65: 2 | G65: iPhone 16e | H65: 10 | I65: 19 | J65: 35.08587 | K65: -120.5355 | L65: 86.9 | M65: 2026/09/01 09:39:53.065 | N65: 8be55285-3409-4759-b821-5401761a4ae9 | O65: 9.13 | Q65: 16.9 | AF65: 2026/09/01 09:42:10.375 | AG65: hosteen@calpoly.edu_CalPoly | AH65: 2026/09/01 09:42:10.375 | AI65: hosteen@calpoly.edu_CalPoly | AJ65: 16.9 | AK65: 0.169 | AL65: 0.18028108 | AN65: 3.4 | AO65: 3.6883094 | AP65: 9.13 | AQ65: 3.6900029 | AR65: 4.9507435 | AS65: =-52.21+16.22*AK65*100-1.25*(100*AK65)^2+0.05*(100*AK65)^3-0.000712*(100*AK65)^4 -> 48.155923 | AT65: =-52.21+16.22*AL65*100-1.25*(100*AL65)^2+0.05*(100*AL65)^3-0.000712*(100*AL65)^4 -> 51.697379 | AU65: =-0.164+6.73*AR65+2.87*AQ65^2 -> 72.232773
A66: 70 | B66: 151 | F66: 5 | J66: 35.085912 | K66: -120.53543 | N66: 3a87584b-9fcd-4bbb-b838-12408b3e11ba | O66: 9.14 | Q66: 19.4 | AF66: 2026/09/01 09:45:39.085 | AG66: hosteen@calpoly.edu_CalPoly | AH66: 2026/09/01 09:45:39.085 | AI66: hosteen@calpoly.edu_CalPoly | AJ66: 19.4 | AK66: 0.194 | AL66: 0.205918 | AN66: 3.4 | AO66: 3.7856984 | AP66: 9.14 | AQ66: 3.7640004 | AR66: 5.1708829 | AS66: =-52.21+16.22*AK66*100-1.25*(100*AK66)^2+0.05*(100*AK66)^3-0.000712*(100*AK66)^4 -> 56.224643 | AT66: =-52.21+16.22*AL66*100-1.25*(100*AL66)^2+0.05*(100*AL66)^3-0.000712*(100*AL66)^4 -> 60.316323 | AU66: =-0.164+6.73*AR66+2.87*AQ66^2 -> 75.297339
A67: 71 | B67: 154 | C67: 0.1852 | D67: 227.1 | E67: 145.99818 | F67: 2 | G67: iPhone 16e | H67: 10 | I67: 19 | J67: 35.08583 | K67: -120.53545 | L67: 84.4 | M67: 2026/09/01 09:53:25.075 | N67: c3679963-9819-4248-9515-6ee7fd2ecb46 | O67: 9.16 | Q67: 18.5 | AF67: 2026/09/01 09:54:21.096 | AG67: hosteen@calpoly.edu_CalPoly | AH67: 2026/09/01 09:54:21.096 | AI67: hosteen@calpoly.edu_CalPoly | AJ67: 18.5 | AK67: 0.185 | AL67: 0.20164667 | AN67: 2.7 | AO67: 3.4890108 | AP67: 9.16 | AQ67: 3.5430033 | AR67: 5.5279064 | AS67: =-52.21+16.22*AK67*100-1.25*(100*AK67)^2+0.05*(100*AK67)^3-0.000712*(100*AK67)^4 -> 53.228586 | AT67: =-52.21+16.22*AL67*100-1.25*(100*AL67)^2+0.05*(100*AL67)^3-0.000712*(100*AL67)^4 -> 58.83688 | AU67: =-0.164+6.73*AR67+2.87*AQ67^2 -> 73.065554
A68: 72 | B68: 195 | C68: 0.1852 | D68: 193 | E68: 344.42603 | F68: 2 | G68: iPhone 16e | H68: 10 | I68: 19 | J68: 35.085972 | K68: -120.53546 | L68: 84.7 | M68: 2026/10/04 11:01:07.059 | N68: 1e5e40b0-f321-456c-90d5-e95e368b39a6 | O68: 9.b | Q68: 15 | AF68: 2026/10/04 11:04:03.001 | AG68: hosteen@calpoly.edu_CalPoly | AH68: 2026/10/04 11:04:03.001 | AI68: hosteen@calpoly.edu_CalPoly | AJ68: 15 | AK68: 0.15 | AL68: 0.10111318 | AN68: 2.8 | AO68: 2.8032172 | AP68: 9.b | AQ68: 2.8350024 | AR68: 4.1073622 | AS68: =-52.21+16.22*AK68*100-1.25*(100*AK68)^2+0.05*(100*AK68)^3-0.000712*(100*AK68)^4 -> 42.545 | AT68: =-52.21+16.22*AL68*100-1.25*(100*AL68)^2+0.05*(100*AL68)^3-0.000712*(100*AL68)^4 -> 28.243197 | AU68: =-0.164+6.73*AR68+2.87*AQ68^2 -> 50.545423
A69: 73 | B69: 196 | C69: 0 | D69: 129.4 | E69: 281.50351 | F69: 2 | G69: iPhone 16e | H69: 10 | I69: 19 | J69: 35.085936 | K69: -120.53541 | L69: 84.6 | M69: 2026/10/04 11:05:14.098 | N69: 6284079f-201b-4ad5-bdda-04ca0c788f7d | O69: 9.c | Q69: 15.8 | AF69: 2026/10/04 11:06:36.782 | AG69: hosteen@calpoly.edu_CalPoly | AH69: 2026/10/04 11:06:36.782 | AI69: hosteen@calpoly.edu_CalPoly | AJ69: 15.8 | AK69: 0.158 | AL69: 0.14294597 | AN69: 2.8 | AO69: 3.1460688 | AP69: 9.c | AQ69: 3.0029974 | AR69: 4.6180908 | AS69: =-52.21+16.22*AK69*100-1.25*(100*AK69)^2+0.05*(100*AK69)^3-0.000712*(100*AK69)^4 -> 44.859668 | AT69: =-52.21+16.22*AL69*100-1.25*(100*AL69)^2+0.05*(100*AL69)^3-0.000712*(100*AL69)^4 -> 40.545532 | AU69: =-0.164+6.73*AR69+2.87*AQ69^2 -> 56.797392
A70: 74 | B70: 197 | C70: 0.5556 | D70: 190.5 | E70: 248.71204 | F70: 2 | G70: iPhone 16e | H70: 10 | I70: 19 | J70: 35.085865 | K70: -120.5354 | L70: 83.8 | M70: 2026/10/04 11:07:16.092 | N70: 2edf239e-f3d7-4499-87ee-c1e2b478f02c | O70: 9.d | P70: 3.1 | Q70: 18.4 | AF70: 2026/10/04 11:08:58.048 | AG70: hosteen@calpoly.edu_CalPoly | AH70: 2026/10/04 11:08:58.048 | AI70: hosteen@calpoly.edu_CalPoly | AJ70: 18.4 | AK70: 0.184 | AL70: 0.15837226 | AM70: 3.1 | AN70: 3.1 | AO70: 3.5979254 | AP70: 9.d | AQ70: 3.3389969 | AR70: 5.1708829 | AS70: =-52.21+16.22*AK70*100-1.25*(100*AK70)^2+0.05*(100*AK70)^3-0.000712*(100*AK70)^4 -> 52.901714 | AT70: =-52.21+16.22*AL70*100-1.25*(100*AL70)^2+0.05*(100*AL70)^3-0.000712*(100*AL70)^4 -> 44.96891 | AU70: =-0.164+6.73*AR70+2.87*AQ70^2 -> 66.633386
A71: 76 | B71: 156 | C71: 0 | D71: 342.3 | E71: 128.58437 | F71: 2 | G71: iPhone 16e | H71: 10 | I71: 19 | J71: 35.086264 | K71: -120.53519 | L71: 84.6 | M71: 2026/09/01 10:10:08.049 | N71: b8d2002b-9ad0-4c72-8e49-a4be478f008a | O71: 10.2 | Q71: 18.6 | AF71: 2026/09/01 10:11:01.124 | AG71: hosteen@calpoly.edu_CalPoly | AH71: 2026/09/01 10:11:01.124 | AI71: hosteen@calpoly.edu_CalPoly | AJ71: 18.6 | AK71: 0.186 | AL71: 0.1987194 | AN71: 3.4 | AO71: 4.0828862 | AP71: 10.2 | AQ71: 3.9669981 | AR71: 5.4408473 | AS71: =-52.21+16.22*AK71*100-1.25*(100*AK71)^2+0.05*(100*AK71)^3-0.000712*(100*AK71)^4 -> 53.556715 | AT71: =-52.21+16.22*AL71*100-1.25*(100*AL71)^2+0.05*(100*AL71)^3-0.000712*(100*AL71)^4 -> 57.830675 | AU71: =-0.164+6.73*AR71+2.87*AQ71^2 -> 81.618305 | AV71: =AVERAGE(AK71:AK83) -> 0.18769231 | AW71: =AVERAGE(AL71:AL83) -> 0.16610717 | AX71: =AVERAGE(AN71:AN83) -> 3.3153846 | AY71: =AVERAGE(AO71:AO83) -> 3.9538629 | AZ71: =AVERAGE(AS71:AS83) -> 54.208059 | BA71: =AVERAGE(AT71:AT83) -> 47.629769 | BB71: =SUM(AS71:AS83) -> 704.70477 | BC71: =SUM(AT71:AT83) -> 619.187 | BD71: =SUM(AU71:AU83) -> 949.88191 | BE71: =SUM(AS71:AS83)/(PI()*12.5^2) -> 1.4356128 | BF71: =SUM(AT71:AT83)/(PI()*12.5^2) -> 1.2613974 | BG71: =SUM(AU71:AU83)/(PI()*12.5^2) -> 1.9350835
A72: 77 | B72: 157 | C72: 0 | D72: 266.9 | E72: 300.48636 | F72: 2 | G72: iPhone 16e | H72: 10 | I72: 19 | J72: 35.086292 | K72: -120.53514 | L72: 83.7 | M72: 2026/09/01 10:12:09.064 | N72: 4ab4ec7a-85e8-4faf-9357-a3da30f7a100 | O72: 10.3 | Q72: 19 | AF72: 2026/09/01 10:14:05.511 | AG72: hosteen@calpoly.edu_CalPoly | AH72: 2026/09/01 10:14:05.511 | AI72: hosteen@calpoly.edu_CalPoly | AJ72: 19 | AK72: 0.19 | AL72: 0.18762603 | AN72: 3.5 | AO72: 4.2516084 | AP72: 10.3 | AQ72: 3.9440033 | AR72: 4.5135167 | AS72: =-52.21+16.22*AK72*100-1.25*(100*AK72)^2+0.05*(100*AK72)^3-0.000712*(100*AK72)^4 -> 54.881448 | AT72: =-52.21+16.22*AL72*100-1.25*(100*AL72)^2+0.05*(100*AL72)^3-0.000712*(100*AL72)^4 -> 54.092904 | AU72: =-0.164+6.73*AR72+2.87*AQ72^2 -> 74.855283
A73: 78 | B73: 159 | C73: 0 | D73: 50.1 | E73: 327.31732 | F73: 2 | G73: iPhone 16e | H73: 10 | I73: 19 | J73: 35.086181 | K73: -120.53517 | L73: 84.1 | M73: 2026/09/01 10:19:36.067 | N73: 9e9dff6b-eec1-43ef-b2a6-1effd64232a8 | O73: 10.5 | AF73: 2026/09/01 10:20:16.572 | AG73: hosteen@calpoly.edu_CalPoly | AH73: 2026/09/01 10:20:16.572 | AI73: hosteen@calpoly.edu_CalPoly | AK73: 0.184 | AL73: 0.1231335 | AN73: 3.3 | AO73: 3.6406593 | AP73: 10.5 | AQ73: 3.6030009 | AR73: 5.1400117 | AS73: =-52.21+16.22*AK73*100-1.25*(100*AK73)^2+0.05*(100*AK73)^3-0.000712*(100*AK73)^4 -> 52.901714 | AT73: =-52.21+16.22*AL73*100-1.25*(100*AL73)^2+0.05*(100*AL73)^3-0.000712*(100*AL73)^4 -> 34.968343 | AU73: =-0.164+6.73*AR73+2.87*AQ73^2 -> 71.685515
A74: 79 | B74: 160 | C74: 0.3704 | D74: 140.4 | E74: 140.95457 | F74: 2 | G74: iPhone 16e | H74: 10 | I74: 19 | J74: 35.086222 | K74: -120.53512 | L74: 85.7 | M74: 2026/09/01 10:21:57.061 | N74: dd4ba236-92d8-4a73-8efa-5d829c2e0ced | O74: 10.6 | Q74: 16.6 | AF74: 2026/09/01 10:22:45.344 | AG74: hosteen@calpoly.edu_CalPoly | AH74: 2026/09/01 10:22:45.344 | AI74: hosteen@calpoly.edu_CalPoly | AJ74: 16.6 | AK74: 0.166 | AL74: 0.1593775 | AN74: 2.7 | AO74: 3.495167 | AP74: 10.6 | AQ74: 3.2479992 | AR74: 4.7203487 | AS74: =-52.21+16.22*AK74*100-1.25*(100*AK74)^2+0.05*(100*AK74)^3-0.000712*(100*AK74)^4 -> 47.242281 | AT74: =-52.21+16.22*AL74*100-1.25*(100*AL74)^2+0.05*(100*AL74)^3-0.000712*(100*AL74)^4 -> 45.264663 | AU74: =-0.164+6.73*AR74+2.87*AQ74^2 -> 61.881008
A75: 80 | B75: 161 | C75: 0 | D75: 325.5 | E75: 6.5760441 | F75: 2 | G75: iPhone 16e | H75: 10 | I75: 19 | J75: 35.086242 | K75: -120.53508 | L75: 83.8 | M75: 2026/09/01 10:24:47.073 | N75: 6fbbc9b5-8e77-49d7-879b-c5f1067969d1 | O75: 10.7 | Q75: 18.7 | AF75: 2026/09/01 10:26:15.742 | AG75: hosteen@calpoly.edu_CalPoly | AH75: 2026/09/01 10:26:15.742 | AI75: hosteen@calpoly.edu_CalPoly | AJ75: 18.7 | AK75: 0.187 | AL75: 0.17667026 | AN75: 3.4 | AO75: 3.9862752 | AP75: 10.7 | AQ75: 3.6730034 | AR75: 5.108954 | AS75: =-52.21+16.22*AK75*100-1.25*(100*AK75)^2+0.05*(100*AK75)^3-0.000712*(100*AK75)^4 -> 53.886086 | AT75: =-52.21+16.22*AL75*100-1.25*(100*AL75)^2+0.05*(100*AL75)^3-0.000712*(100*AL75)^4 -> 50.545428 | AU75: =-0.164+6.73*AR75+2.87*AQ75^2 -> 72.938299
A76: 81 | B76: 162 | C76: 0.3704 | D76: 62.1 | E76: 56.830345 | F76: 2 | G76: iPhone 16e | H76: 10 | I76: 19 | J76: 35.086284 | K76: -120.53504 | L76: 82.6 | M76: 2026/09/01 10:27:14.063 | N76: 9e738b11-65d8-463d-95ba-2b72f5063051 | O76: 10.8 | Q76: 21 | AF76: 2026/09/01 10:28:59.012 | AG76: hosteen@calpoly.edu_CalPoly | AH76: 2026/09/01 10:28:59.012 | AI76: hosteen@calpoly.edu_CalPoly | AJ76: 21 | AK76: 0.21 | AL76: 0.17472672 | AN76: 3.7 | AO76: 3.6139414 | AP76: 10.8 | AQ76: 3.888 | AR76: 5.2624101 | AS76: =-52.21+16.22*AK76*100-1.25*(100*AK76)^2+0.05*(100*AK76)^3-0.000712*(100*AK76)^4 -> 61.739528 | AT76: =-52.21+16.22*AL76*100-1.25*(100*AL76)^2+0.05*(100*AL76)^3-0.000712*(100*AL76)^4 -> 49.932568 | AU76: =-0.164+6.73*AR76+2.87*AQ76^2 -> 78.636502
A77: 82 | B77: 164 | C77: 0 | D77: 207.3 | E77: 159.33612 | F77: 2 | G77: iPhone 16e | H77: 10 | I77: 19 | J77: 35.086153 | K77: -120.53512 | L77: 84.4 | M77: 2026/09/01 10:33:17.074 | N77: 43ec5e2c-4f23-467f-ae73-395994867cb0 | O77: 10.10 | Q77: 21.1 | AF77: 2026/09/01 10:35:53.025 | AG77: hosteen@calpoly.edu_CalPoly | AH77: 2026/09/01 10:35:53.025 | AI77: hosteen@calpoly.edu_CalPoly | AJ77: 21.1 | AK77: 0.211 | AL77: 0.19688271 | AN77: 3 | AO77: 3.6023288 | AP77: 10.10 | AQ77: 3.3979983 | AR77: 5.4408473 | AS77: =-52.21+16.22*AK77*100-1.25*(100*AK77)^2+0.05*(100*AK77)^3-0.000712*(100*AK77)^4 -> 62.089146 | AT77: =-52.21+16.22*AL77*100-1.25*(100*AL77)^2+0.05*(100*AL77)^3-0.000712*(100*AL77)^4 -> 57.203108 | AU77: =-0.164+6.73*AR77+2.87*AQ77^2 -> 69.591049
A78: 83 | B78: 166 | C78: 0.1852 | D78: 220.8 | E78: 179.95035 | F78: 2 | G78: iPhone 16e | H78: 10 | I78: 19 | J78: 35.086186 | K78: -120.53507 | L78: 84.8 | M78: 2026/09/01 10:38:45.067 | N78: 4bd7b422-a642-4937-b884-fb0f2b46317c | O78: 10.11 | Q78: 19.3 | AF78: 2026/09/01 10:39:31.182 | AG78: hosteen@calpoly.edu_CalPoly | AH78: 2026/09/01 10:39:31.182 | AI78: hosteen@calpoly.edu_CalPoly | AJ78: 19.3 | AK78: 0.193 | AL78: 0.20293867 | AN78: 2.9 | AO78: 3.6553147 | AP78: 10.11 | AQ78: 3.5619974 | AR78: 4.8860251 | AS78: =-52.21+16.22*AK78*100-1.25*(100*AK78)^2+0.05*(100*AK78)^3-0.000712*(100*AK78)^4 -> 55.887204 | AT78: =-52.21+16.22*AL78*100-1.25*(100*AL78)^2+0.05*(100*AL78)^3-0.000712*(100*AL78)^4 -> 59.283102 | AU78: =-0.164+6.73*AR78+2.87*AQ78^2 -> 69.133008
A79: 84 | B79: 167 | C79: 0.3704 | D79: 150 | E79: 159.40021 | F79: 2 | G79: iPhone 16e | H79: 10 | I79: 19 | J79: 35.086217 | K79: -120.53502 | L79: 83.9 | M79: 2026/09/01 10:41:30.063 | N79: 78753782-dc55-4148-bf80-8e6249d051ee | O79: 10.12 | Q79: 16.9 | AF79: 2026/09/01 10:43:22.616 | AG79: hosteen@calpoly.edu_CalPoly | AH79: 2026/09/01 10:43:22.616 | AI79: hosteen@calpoly.edu_CalPoly | AJ79: 16.9 | AK79: 0.169 | AL79: 0.12286054 | AN79: 2.7 | AO79: 3.6949725 | AP79: 10.12 | AQ79: 3.422998 | AR79: 4.7203487 | AS79: =-52.21+16.22*AK79*100-1.25*(100*AK79)^2+0.05*(100*AK79)^3-0.000712*(100*AK79)^4 -> 48.155923 | AT79: =-52.21+16.22*AL79*100-1.25*(100*AL79)^2+0.05*(100*AL79)^3-0.000712*(100*AL79)^4 -> 34.890174 | AU79: =-0.164+6.73*AR79+2.87*AQ79^2 -> 65.231493
A80: 85 | B80: 168 | C80: 0.1852 | D80: 13.2 | E80: 134.28467 | F80: 2 | G80: iPhone 16e | H80: 10 | I80: 19 | J80: 35.086243 | K80: -120.53499 | L80: 84.2 | M80: 2026/09/01 10:44:18.096 | N80: a153c28c-f133-43e8-bedb-e5e682c9befe | O80: 10.13 | Q80: 17.5 | AF80: 2026/09/01 10:45:32.548 | AG80: hosteen@calpoly.edu_CalPoly | AH80: 2026/09/01 10:45:32.548 | AI80: hosteen@calpoly.edu_CalPoly | AJ80: 17.5 | AK80: 0.175 | AL80: 0.16945447 | AN80: 3.3 | AO80: 4.1972017 | AP80: 10.13 | AQ80: 3.8699999 | AR80: 4.8204379 | AS80: =-52.21+16.22*AK80*100-1.25*(100*AK80)^2+0.05*(100*AK80)^3-0.000712*(100*AK80)^4 -> 50.018437 | AT80: =-52.21+16.22*AL80*100-1.25*(100*AL80)^2+0.05*(100*AL80)^3-0.000712*(100*AL80)^4 -> 48.295341 | AU80: =-0.164+6.73*AR80+2.87*AQ80^2 -> 75.261248
A81: 86 | B81: 191 | C81: 0 | D81: 43.9 | E81: 86.8591 | F81: 2 | G81: iPhone 16e | H81: 10 | I81: 19 | J81: 35.086366 | K81: -120.53506 | L81: 81.9 | M81: 2026/10/04 10:46:46.064 | N81: ddc1274a-80f2-4aab-8887-d652025dfbc1 | O81: 10.a | Q81: 19 | AF81: 2026/10/04 10:48:29.159 | AG81: hosteen@calpoly.edu_CalPoly | AH81: 2026/10/04 10:48:29.159 | AI81: hosteen@calpoly.edu_CalPoly | AJ81: 19 | AK81: 0.19 | AL81: 0.15523724 | AN81: 3.8 | AO81: 4.6414251 | AP81: 10.a | AQ81: 3.9850035 | AR81: 4.6865107 | AS81: =-52.21+16.22*AK81*100-1.25*(100*AK81)^2+0.05*(100*AK81)^3-0.000712*(100*AK81)^4 -> 54.881448 | AT81: =-52.21+16.22*AL81*100-1.25*(100*AL81)^2+0.05*(100*AL81)^3-0.000712*(100*AL81)^4 -> 44.053437 | AU81: =-0.164+6.73*AR81+2.87*AQ81^2 -> 76.952542
A82: 87 | B82: 192 | C82: 0.3704 | D82: 124.3 | E82: 141.85434 | F82: 2 | G82: iPhone 16e | H82: 10 | I82: 19 | J82: 35.086326 | K82: -120.53499 | L82: 81.9 | M82: 2026/10/04 10:49:24.088 | N82: a998821d-2a53-4471-ac86-3c805d3334ec | O82: 10.b | Q82: 18.4 | AF82: 2026/10/04 10:51:09.634 | AG82: hosteen@calpoly.edu_CalPoly | AH82: 2026/10/04 10:51:09.634 | AI82: hosteen@calpoly.edu_CalPoly | AJ82: 18.4 | AK82: 0.184 | AL82: 0.13407141 | AN82: 3.5 | AO82: 4.038887 | AP82: 10.b | AQ82: 3.4119992 | AR82: 5.046265 | AS82: =-52.21+16.22*AK82*100-1.25*(100*AK82)^2+0.05*(100*AK82)^3-0.000712*(100*AK82)^4 -> 52.901714 | AT82: =-52.21+16.22*AL82*100-1.25*(100*AL82)^2+0.05*(100*AL82)^3-0.000712*(100*AL82)^4 -> 38.057048 | AU82: =-0.164+6.73*AR82+2.87*AQ82^2 -> 67.209154
A83: 88 | B83: 193 | C83: 0.1852 | D83: 236.8 | E83: 348.08914 | F83: 2 | G83: iPhone 16e | H83: 10 | I83: 19 | J83: 35.086279 | K83: -120.53494 | L83: 83.7 | M83: 2026/10/04 10:51:46.132 | N83: 246dbb55-8a1e-4e7f-ae31-f0f51b9e7562 | O83: 10.c | Q83: 19.5 | AF83: 2026/10/04 10:54:18.328 | AG83: hosteen@calpoly.edu_CalPoly | AH83: 2026/10/04 10:54:18.328 | AI83: hosteen@calpoly.edu_CalPoly | AJ83: 19.5 | AK83: 0.195 | AL83: 0.15769479 | AN83: 3.9 | AO83: 4.4995503 | AP83: 10.c | AQ83: 4.2279997 | AR83: 5.0146267 | AS83: =-52.21+16.22*AK83*100-1.25*(100*AK83)^2+0.05*(100*AK83)^3-0.000712*(100*AK83)^4 -> 56.563126 | AT83: =-52.21+16.22*AL83*100-1.25*(100*AL83)^2+0.05*(100*AL83)^3-0.000712*(100*AL83)^4 -> 44.770211 | AU83: =-0.164+6.73*AR83+2.87*AQ83^2 -> 84.888504
A84: 90 | B84: 206 | C84: 0.1852 | D84: 293.4 | E84: 214.95618 | F84: 2 | G84: iPhone 16e | H84: 10 | I84: 19 | J84: 35.084462 | K84: -120.53622 | L84: 78.4 | M84: 2026/10/04 13:24:00.085 | N84: 3c549049-3a23-4556-942d-2d727c5800a8 | O84: 11.1 | Q84: 17.4 | AF84: 2026/10/04 13:24:38.075 | AG84: hosteen@calpoly.edu_CalPoly | AH84: 2026/10/04 13:24:38.075 | AI84: hosteen@calpoly.edu_CalPoly | AJ84: 17.4 | AK84: 0.174 | AL84: 0.17448999 | AN84: 2.1 | AO84: 2.6247704 | AP84: 11.1 | AQ84: 2.497 | AR84: 4.4424332 | AS84: =-52.21+16.22*AK84*100-1.25*(100*AK84)^2+0.05*(100*AK84)^3-0.000712*(100*AK84)^4 -> 49.704704 | AT84: =-52.21+16.22*AL84*100-1.25*(100*AL84)^2+0.05*(100*AL84)^3-0.000712*(100*AL84)^4 -> 49.858265 | AU84: =-0.164+6.73*AR84+2.87*AQ84^2 -> 47.628051 | AV84: =AVERAGE(AK84:AK98) -> 0.15644444 | AW84: =AVERAGE(AL84:AL98) -> 0.12153382 | AX84: =AVERAGE(AN84:AN98) -> 2.2666667 | AY84: =AVERAGE(AO84:AO98) -> 2.5204749 | AZ84: =AVERAGE(AS84:AS98) -> 5.8321056 | BA84: =AVERAGE(AT84:AT98) -> -0.33255222 | BB84: =SUM(AS84:AS98) -> 87.481584 | BC84: =SUM(AT84:AT98) -> -4.9882833 | BD84: =SUM(AU84:AU98) -> 404.5551 | BE84: =SUM(AS84:AS98)/(PI()*12.5^2) -> 0.17821602 | BF84: =SUM(AT84:AT98)/(PI()*12.5^2) -> -0.010162047 | BG84: =SUM(AU84:AU98)/(PI()*12.5^2) -> 0.82415289
A85: 91 | B85: 207 | C85: 1.1112 | D85: 106.4 | E85: 164.63782 | F85: 2 | G85: iPhone 16e | H85: 10 | I85: 19 | J85: 35.084499 | K85: -120.53619 | L85: 83.3 | M85: 2026/10/04 13:25:51.060 | N85: 6571d6f7-fb86-4e80-89db-924724600778 | O85: 11.2 | Q85: 16.9 | AF85: 2026/10/04 13:27:13.258 | AG85: hosteen@calpoly.edu_CalPoly | AH85: 2026/10/04 13:27:13.258 | AI85: hosteen@calpoly.edu_CalPoly | AJ85: 16.9 | AK85: 0.169 | AL85: 0.15561492 | AN85: 2.5 | AO85: 2.6313865 | AP85: 11.2 | AQ85: 2.7510026 | AR85: 4.2220082 | AS85: =-52.21+16.22*AK85*100-1.25*(100*AK85)^2+0.05*(100*AK85)^3-0.000712*(100*AK85)^4 -> 48.155923 | AT85: =-52.21+16.22*AL85*100-1.25*(100*AL85)^2+0.05*(100*AL85)^3-0.000712*(100*AL85)^4 -> 44.163194 | AU85: =-0.164+6.73*AR85+2.87*AQ85^2 -> 49.970319
A86: 92 | B86: 208 | C86: 0.7408 | D86: 98 | E86: 192.97401 | F86: 2 | G86: iPhone 16e | H86: 10 | I86: 19 | J86: 35.08453 | K86: -120.53614 | L86: 84.5 | M86: 2026/10/04 13:27:28.096 | N86: 14f36ba9-e78c-41c0-8620-40ab9be8d3e4 | O86: 11.3 | P86: 2.5 | Q86: 17.4 | AF86: 2026/10/04 13:30:10.758 | AG86: hosteen@calpoly.edu_CalPoly | AH86: 2026/10/04 13:30:10.758 | AI86: hosteen@calpoly.edu_CalPoly | AJ86: 17.4 | AK86: 0.174 | AL86: 0.097994102 | AM86: 2.5 | AN86: 2.5 | AO86: 2.391669 | AP86: 11.3 | AQ86: 2.4420004 | AR86: 4.1459298 | AS86: =-52.21+16.22*AK86*100-1.25*(100*AK86)^2+0.05*(100*AK86)^3-0.000712*(100*AK86)^4 -> 49.704704 | AT86: =-52.21+16.22*AL86*100-1.25*(100*AL86)^2+0.05*(100*AL86)^3-0.000712*(100*AL86)^4 -> 27.186306 | AU86: =-0.164+6.73*AR86+2.87*AQ86^2 -> 44.852968
A87: 93 | B87: 209 | C87: 0.3704 | D87: 18.2 | E87: 330.1904 | F87: 2 | G87: iPhone 16e | H87: 10 | I87: 19 | J87: 35.084559 | K87: -120.5361 | L87: 85.6 | M87: 2026/10/04 13:30:44.092 | N87: c5c91783-8da7-4519-802d-e6eb39bb2ff5 | O87: 11.4 | Q87: 14.6 | AF87: 2026/10/04 13:33:23.078 | AG87: hosteen@calpoly.edu_CalPoly | AH87: 2026/10/04 13:33:23.078 | AI87: hosteen@calpoly.edu_CalPoly | AJ87: 14.6 | AK87: 0.146 | AL87: 0.12151512 | AN87: 2.3 | AO87: 2.397351 | AP87: 11.4 | AQ87: 2.5279982 | AR87: 3.3377906 | AS87: =-52.21+16.22*AK87*100-1.25*(100*AK87)^2+0.05*(100*AK87)^3-0.000712*(100*AK87)^4 -> 41.407524 | AT87: =-52.21+16.22*AL87*100-1.25*(100*AL87)^2+0.05*(100*AL87)^3-0.000712*(100*AL87)^4 -> 34.503709 | AU87: =-0.164+6.73*AR87+2.87*AQ87^2 -> 40.640855
A88: 94 | B88: 211 | C88: 0.1852 | D88: 58.1 | E88: 89.857445 | F88: 2 | G88: iPhone 16e | H88: 10 | I88: 19 | J88: 35.084432 | K88: -120.53618 | L88: 82.9 | M88: 2026/10/04 13:37:32.083 | N88: 57436f44-1e27-47ba-a602-81c94ab2f813 | O88: 11.6 | Q88: 14.4 | AF88: 2026/10/04 13:39:49.532 | AG88: hosteen@calpoly.edu_CalPoly | AH88: 2026/10/04 13:39:49.532 | AI88: hosteen@calpoly.edu_CalPoly | AJ88: 14.4 | AK88: 0.144 | AL88: 0.13675832 | AN88: 2 | AO88: 2.3688564 | AP88: 11.6 | AQ88: 2.4819973 | AR88: 4.2595379 | AS88: =-52.21+16.22*AK88*100-1.25*(100*AK88)^2+0.05*(100*AK88)^3-0.000712*(100*AK88)^4 -> 40.842503 | AT88: =-52.21+16.22*AL88*100-1.25*(100*AL88)^2+0.05*(100*AL88)^3-0.000712*(100*AL88)^4 -> 38.80947 | AU88: =-0.164+6.73*AR88+2.87*AQ88^2 -> 46.182781
A89: 95 | B89: 212 | C89: 0.5556 | D89: 47.7 | E89: 85.1092 | F89: 2 | G89: iPhone 16e | H89: 10 | I89: 19 | J89: 35.084458 | K89: -120.53614 | L89: 85.5 | M89: 2026/10/04 13:40:18.086 | N89: b39f5582-e090-4ca3-b99c-07932239c884 | O89: 11.7 | Q89: 14.2 | AF89: 2026/10/04 13:42:59.465 | AG89: hosteen@calpoly.edu_CalPoly | AH89: 2026/10/04 13:42:59.465 | AI89: hosteen@calpoly.edu_CalPoly | AJ89: 14.2 | AK89: 0.142 | AL89: 0.099659166 | AN89: 2 | AO89: 2.2734602 | AP89: 11.7 | AQ89: 2.1729991 | AR89: 2.9854107 | AS89: =-52.21+16.22*AK89*100-1.25*(100*AK89)^2+0.05*(100*AK89)^3-0.000712*(100*AK89)^4 -> 40.279413 | AT89: =-52.21+16.22*AL89*100-1.25*(100*AL89)^2+0.05*(100*AL89)^3-0.000712*(100*AL89)^4 -> 27.754864 | AU89: =-0.164+6.73*AR89+2.87*AQ89^2 -> 33.479739
A90: 96 | B90: 213 | C90: 1.1112 | D90: 37.8 | E90: 71.277351 | F90: 2 | G90: iPhone 16e | H90: 10 | I90: 19 | J90: 35.084481 | K90: -120.53609 | L90: 85.2 | M90: 2026/10/04 13:43:23.087 | N90: 0bc5134f-c076-45b2-984f-2c735c341b22 | O90: 11.8 | Q90: 14.1 | AF90: 2026/10/04 13:45:07.075 | AG90: hosteen@calpoly.edu_CalPoly | AH90: 2026/10/04 13:45:07.075 | AI90: hosteen@calpoly.edu_CalPoly | AJ90: 14.1 | AK90: 0.141 | AL90: 0.10620168 | AN90: 2.3 | AO90: 2.3398845 | AP90: 11.8 | AQ90: 2.5569992 | AR90: 3.9088201 | AS90: =-52.21+16.22*AK90*100-1.25*(100*AK90)^2+0.05*(100*AK90)^3-0.000712*(100*AK90)^4 -> 39.998454 | AT90: =-52.21+16.22*AL90*100-1.25*(100*AL90)^2+0.05*(100*AL90)^3-0.000712*(100*AL90)^4 -> 29.898081 | AU90: =-0.164+6.73*AR90+2.87*AQ90^2 -> 44.907122
A91: 97 | B91: 214 | C91: 0.1852 | D91: 21.7 | E91: 354.17773 | F91: 2 | G91: iPhone 16e | H91: 10 | I91: 19 | J91: 35.084518 | K91: -120.53605 | L91: 85.1 | M91: 2026/10/04 13:45:37.082 | N91: ed33e9a5-8a7f-4099-b7dd-ad3c75edb662 | O91: 11.9 | Q91: 17.7 | AF91: 2026/10/04 13:47:22.027 | AG91: hosteen@calpoly.edu_CalPoly | AH91: 2026/10/04 13:47:22.027 | AI91: hosteen@calpoly.edu_CalPoly | AJ91: 17.7 | AK91: 0.177 | AL91: 0.10780014 | AN91: 2.6 | AO91: 3.0771258 | AP91: 11.9 | AQ91: 2.789001 | AR91: 4.8204379 | AS91: =-52.21+16.22*AK91*100-1.25*(100*AK91)^2+0.05*(100*AK91)^3-0.000712*(100*AK91)^4 -> 50.649906 | AT91: =-52.21+16.22*AL91*100-1.25*(100*AL91)^2+0.05*(100*AL91)^3-0.000712*(100*AL91)^4 -> 30.402343 | AU91: =-0.164+6.73*AR91+2.87*AQ91^2 -> 54.601918
A92: 98 | B92: 215 | C92: 0.5556 | D92: 41.5 | E92: 319.70419 | F92: 2 | G92: iPhone 16e | H92: 10 | I92: 19 | J92: 35.084545 | K92: -120.53601 | L92: 85.7 | M92: 2026/10/04 13:47:43.072 | N92: 79a1870a-6b23-4c22-a7ad-6664a3a15df0 | O92: 11.10 | Q92: 14.1 | AF92: 2026/10/04 13:49:24.328 | AG92: hosteen@calpoly.edu_CalPoly | AH92: 2026/10/04 13:49:24.328 | AI92: hosteen@calpoly.edu_CalPoly | AJ92: 14.1 | AK92: 0.141 | AL92: 0.093770907 | AN92: 2.1 | AO92: 2.5797706 | AP92: 11.10 | AQ92: 2.6420016 | AR92: 3.4778982 | AS92: =-52.21+16.22*AK92*100-1.25*(100*AK92)^2+0.05*(100*AK92)^3-0.000712*(100*AK92)^4 -> 39.998454 | AT92: =-52.21+16.22*AL92*100-1.25*(100*AL92)^2+0.05*(100*AL92)^3-0.000712*(100*AL92)^4 -> 25.695485 | AU92: =-0.164+6.73*AR92+2.87*AQ92^2 -> 43.27535
A93: 99 | B93: 218 | C93: 0.1852 | D93: 337.6 | E93: 35.451073 | F93: 2 | G93: iPhone 16e | H93: 10 | I93: 19 | J93: 35.084389 | K93: -120.53613 | L93: 84.6 | M93: 2026/10/13 09:28:10.085 | N93: df7dfb67-f6b7-482a-a1e5-25891630f671 | O93: 11.12 | Q93: 17.8 | AF93: 2026/10/13 09:29:43.267 | AG93: hosteen@calpoly.edu_CalPoly | AH93: 2026/10/13 09:29:43.267 | AI93: hosteen@calpoly.edu_CalPoly | AS93: =-52.21+16.22*AK93*100-1.25*(100*AK93)^2+0.05*(100*AK93)^3-0.000712*(100*AK93)^4 -> -52.21 | AT93: =-52.21+16.22*AL93*100-1.25*(100*AL93)^2+0.05*(100*AL93)^3-0.000712*(100*AL93)^4 -> -52.21 | AU93: =-0.164+6.73*AR93+2.87*AQ93^2 -> -0.164
A94: 100 | B94: 219 | C94: 0.5556 | D94: 115.8 | E94: 128.28777 | F94: 2 | G94: iPhone 16e | H94: 10 | I94: 19 | J94: 35.084415 | K94: -120.53609 | L94: 84.9 | M94: 2026/10/13 09:30:49.056 | N94: 1fd05a31-4cec-46aa-a208-68f05ae1f135 | O94: 11.13 | Q94: 13.3 | AF94: 2026/10/13 09:32:34.494 | AG94: hosteen@calpoly.edu_CalPoly | AH94: 2026/10/13 09:32:34.494 | AI94: hosteen@calpoly.edu_CalPoly | AS94: =-52.21+16.22*AK94*100-1.25*(100*AK94)^2+0.05*(100*AK94)^3-0.000712*(100*AK94)^4 -> -52.21 | AT94: =-52.21+16.22*AL94*100-1.25*(100*AL94)^2+0.05*(100*AL94)^3-0.000712*(100*AL94)^4 -> -52.21 | AU94: =-0.164+6.73*AR94+2.87*AQ94^2 -> -0.164
A95: 101 | B95: 220 | C95: 0.1852 | D95: 199.9 | E95: 109.49068 | F95: 2 | G95: iPhone 16e | H95: 10 | I95: 19 | J95: 35.084451 | K95: -120.53605 | L95: 85.9 | M95: 2026/10/13 09:33:15.067 | N95: e2007b4f-14fd-4df1-8678-5f1e6d8ef39b | O95: 11.14 | Q95: 15.5 | AF95: 2026/10/13 09:38:14.784 | AG95: hosteen@calpoly.edu_CalPoly | AH95: 2026/10/13 09:38:14.784 | AI95: hosteen@calpoly.edu_CalPoly | AS95: =-52.21+16.22*AK95*100-1.25*(100*AK95)^2+0.05*(100*AK95)^3-0.000712*(100*AK95)^4 -> -52.21 | AT95: =-52.21+16.22*AL95*100-1.25*(100*AL95)^2+0.05*(100*AL95)^3-0.000712*(100*AL95)^4 -> -52.21 | AU95: =-0.164+6.73*AR95+2.87*AQ95^2 -> -0.164
A96: 102 | B96: 221 | C96: 0.1852 | D96: 15.3 | E96: 75.212357 | F96: 2 | G96: iPhone 16e | H96: 10 | I96: 19 | J96: 35.084485 | K96: -120.53601 | L96: 83.9 | M96: 2026/10/13 09:39:03.084 | N96: f6618555-3cb9-4d01-a902-0b7c1bbac41d | O96: 11.15 | Q96: 16.4 | AF96: 2026/10/13 09:40:35.316 | AG96: hosteen@calpoly.edu_CalPoly | AH96: 2026/10/13 09:40:35.316 | AI96: hosteen@calpoly.edu_CalPoly | AS96: =-52.21+16.22*AK96*100-1.25*(100*AK96)^2+0.05*(100*AK96)^3-0.000712*(100*AK96)^4 -> -52.21 | AT96: =-52.21+16.22*AL96*100-1.25*(100*AL96)^2+0.05*(100*AL96)^3-0.000712*(100*AL96)^4 -> -52.21 | AU96: =-0.164+6.73*AR96+2.87*AQ96^2 -> -0.164
A97: 103 | B97: 223 | C97: 0.1852 | D97: 152.4 | E97: 147.90367 | F97: 2 | G97: iPhone 16e | H97: 10 | I97: 19 | J97: 35.084384 | K97: -120.53603 | L97: 85.3 | M97: 2026/10/13 09:45:32.085 | N97: 9e646bf7-68d5-469f-862f-eed30ef7beda | O97: 11.17 | Q97: 16.3 | AF97: 2026/10/13 09:47:38.303 | AG97: hosteen@calpoly.edu_CalPoly | AH97: 2026/10/13 09:47:38.303 | AI97: hosteen@calpoly.edu_CalPoly | AS97: =-52.21+16.22*AK97*100-1.25*(100*AK97)^2+0.05*(100*AK97)^3-0.000712*(100*AK97)^4 -> -52.21 | AT97: =-52.21+16.22*AL97*100-1.25*(100*AL97)^2+0.05*(100*AL97)^3-0.000712*(100*AL97)^4 -> -52.21 | AU97: =-0.164+6.73*AR97+2.87*AQ97^2 -> -0.164
A98: 104 | B98: 224 | C98: 0.3704 | D98: 256.4 | E98: 257.20154 | F98: 2 | G98: iPhone 16e | H98: 10 | I98: 19 | J98: 35.084416 | K98: -120.53598 | L98: 87 | M98: 2026/10/13 09:48:16.081 | N98: 8de81a85-e8e4-44f1-a3e6-31fffe98abc6 | O98: 11.18 | Q98: 12.8 | AF98: 2026/10/13 09:51:07 | AG98: hosteen@calpoly.edu_CalPoly | AH98: 2026/10/13 09:51:07 | AI98: hosteen@calpoly.edu_CalPoly | AS98: =-52.21+16.22*AK98*100-1.25*(100*AK98)^2+0.05*(100*AK98)^3-0.000712*(100*AK98)^4 -> -52.21 | AT98: =-52.21+16.22*AL98*100-1.25*(100*AL98)^2+0.05*(100*AL98)^3-0.000712*(100*AL98)^4 -> -52.21 | AU98: =-0.164+6.73*AR98+2.87*AQ98^2 -> -0.164
A99: 106 | B99: 227 | C99: 0.3704 | D99: 208.6 | E99: 100.55003 | F99: 2 | G99: iPhone 16e | H99: 10 | I99: 19 | J99: 35.08482 | K99: -120.53576 | L99: 83.8 | M99: 2026/10/13 09:59:53.080 | N99: e53d355f-7a0f-4a77-9b00-553d069da0c0 | O99: 12.2 | Q99: 16.6 | AF99: 2026/10/13 10:01:21.848 | AG99: hosteen@calpoly.edu_CalPoly | AH99: 2026/10/13 10:01:21.848 | AI99: hosteen@calpoly.edu_CalPoly | AS99: =-52.21+16.22*AK99*100-1.25*(100*AK99)^2+0.05*(100*AK99)^3-0.000712*(100*AK99)^4 -> -52.21 | AT99: =-52.21+16.22*AL99*100-1.25*(100*AL99)^2+0.05*(100*AL99)^3-0.000712*(100*AL99)^4 -> -52.21 | AU99: =-0.164+6.73*AR99+2.87*AQ99^2 -> -0.164 | AV99: =AVERAGE(AK99:AK106) -> #DIV/0! | AW99: =AVERAGE(AL99:AL106) -> #DIV/0! | AX99: =AVERAGE(AN99:AN106) -> #DIV/0! | AY99: =AVERAGE(AO99:AO106) -> #DIV/0! | AZ99: =AVERAGE(AS99:AS106) -> -52.21 | BA99: =AVERAGE(AT99:AT106) -> -52.21 | BB99: =SUM(AS99:AS106) -> -417.68 | BC99: =SUM(AT99:AT106) -> -417.68 | BD99: =SUM(AU99:AU106) -> -1.312 | BE99: =SUM(AS99:AS106)/(PI()*12.5^2) -> -0.85089071 | BF99: =SUM(AT99:AT106)/(PI()*12.5^2) -> -0.85089071 | BG99: =SUM(AU99:AU106)/(PI()*12.5^2) -> -0.0026727845
A100: 107 | B100: 228 | C100: 0.1852 | D100: 127.3 | E100: 211.49074 | F100: 2 | G100: iPhone 16e | H100: 10 | I100: 19 | J100: 35.084852 | K100: -120.53571 | L100: 83.8 | M100: 2026/10/13 10:01:46.061 | N100: bfeee93a-5017-4e2e-8a26-2fc4ab5ac6d1 | O100: 12.3 | Q100: 15.8 | AF100: 2026/10/13 10:03:18.351 | AG100: hosteen@calpoly.edu_CalPoly | AH100: 2026/10/13 10:03:18.351 | AI100: hosteen@calpoly.edu_CalPoly | AS100: =-52.21+16.22*AK100*100-1.25*(100*AK100)^2+0.05*(100*AK100)^3-0.000712*(100*AK100)^4 -> -52.21 | AT100: =-52.21+16.22*AL100*100-1.25*(100*AL100)^2+0.05*(100*AL100)^3-0.000712*(100*AL100)^4 -> -52.21 | AU100: =-0.164+6.73*AR100+2.87*AQ100^2 -> -0.164
...

Sheet Sheet2
B3: ​ | C3: Aboveground Biomass (kg/m²)​
B4: Footprint​ | C4: Manual​ | D4: WT App​ | E4: Drone LiDAR | F4: Backpack | G4: Drone RGB​ | H4: GEDI​
B5: 1​ | C5: =Sheet1!BE56 -> 1.5261881 | D5: =Sheet1!BF56 -> 1.3356577 | E5: =Sheet1!BG56 -> 1.9668426 | F5: ​ | G5: ​ | H5: 1.006​
B6: 2​ | C6: =Sheet1!BE71 -> 1.4356128 | D6: =Sheet1!BF71 -> 1.2613974 | E6: =Sheet1!BG71 -> 1.9350835 | F6: ​ | G6: ​ | H6: 1.151​
B7: 3​ | C7: =Sheet1!BE2 -> 1.2934455 | D7: =Sheet1!BF2 -> 1.1031792 | E7: =Sheet1!BG2 -> 1.4086669 | F7: ​ | G7: ​ | H7: 1.208​
B8: 4​ | C8: =Sheet1!BE15 -> 1.460459 | D8: =Sheet1!BF15 -> 1.2497402 | E8: =Sheet1!BG15 -> 1.695587 | F8: ​ | G8: ​ | H8: 1.052​
B9: 5​ | C9: =Sheet1!BE28 -> 1.4261853 | D9: =Sheet1!BF28 -> 1.0123342 | E9: =Sheet1!BG28 -> 1.9538925 | F9: ​ | G9: ​ | H9: 1.023​
B10: 6​ | C10: =Sheet1!BE42 -> 1.404265 | D10: =Sheet1!BF42 -> 1.1893767 | E10: =Sheet1!BG42 -> 1.9220669 | F10: ​ | G10: ​ | H10: 0.944​
B11: 7​ | C11: =Sheet1!BE84 -> 0.17821602 | D11: =Sheet1!BF84 -> -0.010162047 | E11: =Sheet1!BG84 -> 0.82415289 | F11: ​ | G11: ​ | H11: 1.061​
B12: 8​ | C12: =Sheet1!BE99 -> -0.85089071 | D12: =Sheet1!BF99 -> -0.85089071 | E12: =Sheet1!BG99 -> -0.0026727845 | F12: ​ | G12: ​ | H12: 1.070​
B13: 9​ | C13: =Sheet1!BE107 -> 1.4385065 | D13: =Sheet1!BF107 -> 1.3883826 | E13: =Sheet1!BG107 -> 1.7132821 | F13: ​ | G13: ​ | H13: 3.870​
B14: 10​ | C14: =Sheet1!BE121 -> 1.5355661 | D14: =Sheet1!BF121 -> 1.3033169 | E14: =Sheet1!BG121 -> 1.9796003 | F14: ​ | G14: ​ | H14: 1.118​
